-- phpMyAdmin SQL Dump
-- version 5.2.3
-- https://www.phpmyadmin.net/
--
-- Hôte : localhost:8889
-- Généré le : lun. 11 mai 2026 à 10:14
-- Version du serveur : 8.0.44
-- Version de PHP : 8.3.30

SET SQL_MODE = "NO_AUTO_VALUE_ON_ZERO";
START TRANSACTION;
SET time_zone = "+00:00";


/*!40101 SET @OLD_CHARACTER_SET_CLIENT=@@CHARACTER_SET_CLIENT */;
/*!40101 SET @OLD_CHARACTER_SET_RESULTS=@@CHARACTER_SET_RESULTS */;
/*!40101 SET @OLD_COLLATION_CONNECTION=@@COLLATION_CONNECTION */;
/*!40101 SET NAMES utf8mb4 */;

--
-- Base de données : `critipixel`
--

-- --------------------------------------------------------

--
-- Structure de la table `doctrine_migration_versions`
--

CREATE TABLE `doctrine_migration_versions` (
  `version` varchar(191) COLLATE utf8mb3_unicode_ci NOT NULL,
  `executed_at` datetime DEFAULT NULL,
  `execution_time` int DEFAULT NULL
) ENGINE=InnoDB DEFAULT CHARSET=utf8mb3 COLLATE=utf8mb3_unicode_ci;

--
-- Déchargement des données de la table `doctrine_migration_versions`
--

INSERT INTO `doctrine_migration_versions` (`version`, `executed_at`, `execution_time`) VALUES
('DoctrineMigrations\\Version20240422185649', NULL, NULL),
('DoctrineMigrations\\Version20260504100638', '2026-05-04 12:07:28', 112);

-- --------------------------------------------------------

--
-- Structure de la table `review`
--

CREATE TABLE `review` (
  `id` int NOT NULL,
  `video_game_id` int NOT NULL,
  `user_id` int NOT NULL,
  `rating` int NOT NULL,
  `comment` longtext COLLATE utf8mb4_unicode_ci
) ENGINE=InnoDB DEFAULT CHARSET=utf8mb4 COLLATE=utf8mb4_unicode_ci;

--
-- Déchargement des données de la table `review`
--

INSERT INTO `review` (`id`, `video_game_id`, `user_id`, `rating`, `comment`) VALUES
(1, 1, 1, 4, 'Minima accusantium natus aliquid ut nihil. Eos quaerat accusantium aperiam repudiandae. Corporis libero et nisi molestiae fugiat alias veniam. Aperiam iste voluptatem omnis sit.'),
(2, 1, 2, 1, 'Deserunt adipisci optio repellendus quo dolorem et consequatur. Quia distinctio rerum rerum voluptate esse. Qui impedit est voluptas sit molestias.'),
(3, 1, 3, 5, 'Alias magnam et enim quia vel. Facere a accusantium exercitationem quis. Minus blanditiis aut quam ex veritatis.'),
(4, 1, 4, 2, 'Voluptates vero minima fugit. Iusto iusto modi quis modi itaque laborum facilis. Iure facilis fugit non.'),
(5, 1, 5, 4, 'Voluptatum ut et dignissimos qui ipsam aut aliquid. Autem explicabo vero dolor quo est quas. Eaque voluptatem non deserunt qui eum velit.'),
(6, 2, 6, 5, 'Quo facere reprehenderit earum debitis odit. Facilis aliquam ab nam tenetur hic. Temporibus eveniet qui minus dolores deserunt. Eum dicta cumque et.'),
(7, 2, 7, 1, 'Eum qui aspernatur nihil est neque ut. Molestias vero ut mollitia minima sit eligendi et consectetur. Hic ipsum eum commodi tempore. Qui enim sit expedita ut voluptatem ducimus quas.'),
(8, 2, 8, 2, 'Iste odio aperiam voluptatibus dolor maxime ipsam nostrum. Ut iste corporis sed quisquam ea. Eligendi vel consequatur quo odit illum iste. Dolorem deleniti adipisci aut ut nostrum architecto voluptas commodi.'),
(9, 2, 9, 3, 'Illo repellendus repellat autem. Magni et eum et officiis aspernatur. Officiis aut error quia aut odit. Rerum nisi ratione et enim.'),
(10, 2, 10, 2, 'Eveniet atque velit debitis accusamus voluptates nesciunt. Excepturi error perferendis earum facere. Adipisci magnam quibusdam voluptatem quia enim minus.'),
(11, 3, 11, 2, 'Suscipit quia asperiores aliquam ut ducimus quia enim voluptates. Ea voluptas ut sequi dolorum.'),
(12, 3, 12, 4, 'Quia dignissimos qui qui et enim minus dolore. Vitae velit ipsam illo corrupti et voluptatibus. Aut architecto laborum sequi commodi aspernatur numquam.'),
(13, 3, 13, 5, 'Corporis tempore eaque totam quos nihil. Expedita voluptatem voluptas reiciendis laboriosam dolor. Ut maiores praesentium rerum minima.'),
(14, 3, 14, 2, 'Quia dicta aspernatur sint. Veniam quod nemo est qui debitis voluptatem et.'),
(15, 3, 15, 3, 'Et ut harum accusantium consequatur et quia beatae ipsa. Quis quibusdam saepe alias. Rerum fuga ratione praesentium qui illo.'),
(16, 4, 16, 1, 'Alias vero reiciendis et fugit. Perspiciatis consequatur et autem quis odio nesciunt. Aspernatur culpa mollitia non ut et est.'),
(17, 4, 17, 4, 'Ducimus ut asperiores labore tempora rerum. Ut iste non ut molestias sunt voluptatem. Voluptas corrupti temporibus laboriosam possimus asperiores sit.'),
(18, 4, 18, 5, 'Consequuntur non voluptatem rerum totam esse magnam et. Inventore nam id odio neque quae. Excepturi et architecto iure quia ut. Numquam molestiae reprehenderit autem autem sint iusto at.'),
(19, 4, 19, 1, 'Vero cum iure et eum. Ipsam ducimus possimus harum inventore. Quia laboriosam qui omnis modi at voluptatem. Est nulla sit corporis.'),
(20, 4, 20, 5, 'Aut molestias repellendus neque repellat et et eos. Reiciendis voluptatibus asperiores eius voluptatum. Doloribus mollitia debitis ut voluptates blanditiis quia nihil. Veniam ut similique quod tenetur exercitationem minima sunt.'),
(21, 5, 21, 5, 'Aut quasi occaecati atque qui cum ratione maxime. Ad corrupti vel molestiae et nihil possimus. Consectetur quas quidem quaerat nostrum.'),
(22, 5, 22, 3, 'Cumque libero temporibus recusandae perferendis cumque. Incidunt dignissimos et et vel in aliquam. Qui sint non in.'),
(23, 5, 23, 4, 'Iusto numquam sit quasi eaque. Debitis in ut fugit sit magnam voluptate et. Vel ex quod ut quis omnis provident odit non.'),
(24, 5, 24, 1, 'Voluptas ut quas id. Non est ducimus et eos et.'),
(25, 5, 25, 4, 'Quam minus ut aperiam incidunt est a explicabo recusandae. Sunt sint nisi cum sed qui atque veritatis dolor. Nam dolorum qui sint id molestias animi id. Non officia alias laboriosam eius autem.'),
(26, 6, 1, 2, 'Rem vero illo sapiente quos est est repellendus. Eum quam dolorum ex non aperiam et. Qui ipsa facilis consequatur et et non optio. Architecto consequatur aut praesentium voluptatem vitae quia sit.'),
(27, 6, 2, 2, 'Facere consectetur fuga accusantium recusandae porro aut. Optio nesciunt provident consequatur impedit sunt libero. Laudantium aut animi odit aperiam in provident dolorem voluptatem. Et minima iure et sit natus debitis molestiae.'),
(28, 6, 3, 4, 'Neque est qui praesentium dolores voluptatem et ad. Aut et ducimus consequatur culpa necessitatibus. Voluptas modi sed dolorum. Qui autem ullam aut et et.'),
(29, 6, 4, 2, 'Facilis voluptas soluta vitae molestias autem consectetur. Illum cupiditate ducimus voluptatem voluptates vitae in doloribus. Fugit nostrum aut quod. Sed ratione vel vel rerum voluptatum voluptates.'),
(30, 6, 5, 4, 'Est est dolores sit autem eum corporis. Sed laudantium odio earum totam.'),
(31, 7, 6, 3, 'Cupiditate nemo consectetur suscipit sapiente. Aliquid repellendus et voluptatem error commodi laborum. Debitis et eum beatae repellat dolorem placeat.'),
(32, 7, 7, 5, 'Est molestiae consequatur architecto fugit. Magnam recusandae veniam dolorem porro et aperiam natus. Vero nihil ratione voluptas harum.'),
(33, 7, 8, 4, 'Non maiores corporis quo magnam veniam quisquam iure et. Perferendis corporis maiores et hic voluptates. Ut qui repudiandae sed ut facere. Pariatur aliquid et ut.'),
(34, 7, 9, 5, 'Repellat quia aut quas odio sint facilis ea. Sit nostrum autem id molestiae aliquam aut odio maiores. Earum ea tenetur aliquid delectus cum rerum eos. Rerum at ducimus et nesciunt excepturi dignissimos non.'),
(35, 7, 10, 5, 'Dicta officia culpa autem delectus consequatur quaerat enim. Eum cum quis doloremque vel voluptate maiores repellat iure. Libero ut non nam quibusdam unde voluptatem. Occaecati fuga unde ut quae.'),
(36, 8, 11, 2, 'Deleniti culpa laborum eligendi cum et. Reprehenderit esse in assumenda quia dolor laborum. Sint eos est eos illum quasi culpa possimus est.'),
(37, 8, 12, 5, 'Aspernatur est est pariatur id facilis et. Et aut cupiditate sit eius officiis repellendus cum. Animi deleniti tempora odio neque a optio. Earum tempore praesentium error quibusdam.'),
(38, 8, 13, 3, 'Maiores dicta et iusto veritatis. Quidem quam molestiae sint nemo voluptas. Tempora et accusamus voluptatem ut.'),
(39, 8, 14, 1, 'Quis aperiam earum occaecati et magni. Dolor praesentium qui reiciendis aut consequatur in laboriosam omnis. Vel vel deleniti quasi velit architecto.'),
(40, 8, 15, 4, 'Minima sit minima delectus aliquid. Illo quia dolore exercitationem et. Tenetur voluptatem asperiores dolores blanditiis consequuntur non assumenda quos. Vitae quia tenetur laudantium ipsum.'),
(41, 9, 16, 5, 'Odit eos repudiandae quasi reprehenderit aliquam. Quis ut officia provident voluptas earum. Impedit velit illo aut dolor quibusdam tenetur.'),
(42, 9, 17, 1, 'Quas omnis aut non laborum vel. Repudiandae totam cupiditate non error officia. Voluptatibus vitae tempora fuga possimus. Quae officiis totam ad doloremque eos ratione tempore.'),
(43, 9, 18, 1, 'Sit cumque ducimus architecto ad libero fugiat. Sit quis expedita non commodi. Fuga sint dicta quod veritatis.'),
(44, 9, 19, 3, 'Veritatis iste aut aut. Consequatur a rem ex odio optio. Qui reprehenderit sequi sequi ad voluptates laboriosam. Eos quas blanditiis placeat vel doloribus beatae sunt.'),
(45, 9, 20, 3, 'Distinctio omnis aut et sequi ea. Consequatur sit ut iusto qui neque. Et in ut mollitia accusamus repellendus hic distinctio. Porro est nemo et asperiores.'),
(46, 10, 21, 1, 'Vitae velit qui vel recusandae nihil aut non. Similique laudantium ut unde ut ratione eligendi. Consequuntur dolor rerum odio inventore est. Voluptatem est omnis quisquam et enim labore qui.'),
(47, 10, 22, 4, 'Aspernatur velit quis libero voluptatem quidem quasi. Est sequi et odit nisi officia non. Eos iusto officiis consequatur sit.'),
(48, 10, 23, 4, 'Facere expedita rerum corrupti pariatur. Eius est in asperiores minus libero ut enim vel. Hic quia optio quia.'),
(49, 10, 24, 4, 'Et sequi dicta delectus atque id sed. Molestiae quae laboriosam est voluptatem. Quia quam quae ut.'),
(50, 10, 25, 3, 'Atque quibusdam nesciunt placeat molestiae consequatur debitis. Quos aliquam laboriosam dignissimos eius beatae voluptate. Deserunt numquam sed autem voluptate illum delectus.'),
(51, 11, 1, 2, 'Et vel eum autem molestias. Earum rem qui dolore assumenda. Iste est tempore consequatur quis ducimus molestiae enim. Omnis sunt eum a aut aspernatur eaque itaque.'),
(52, 11, 2, 3, 'Qui nam aut dolores odio. Eaque omnis omnis natus omnis deleniti et eum. Ducimus ullam dolorem porro commodi praesentium voluptates eius.'),
(53, 11, 3, 2, 'Eaque dignissimos animi eius saepe cum qui dicta. Magnam facere nam possimus ad dolore. Ut enim soluta dolorem omnis assumenda placeat. Praesentium ipsam aspernatur alias non quod quam et consequatur.'),
(54, 11, 4, 5, 'Sint enim quo molestiae est. Exercitationem doloribus architecto ullam commodi beatae. Est nulla repellat quaerat esse. Cupiditate quidem animi error voluptas rerum.'),
(55, 11, 5, 2, 'Odit delectus quidem ut illum aperiam. Eligendi ut esse recusandae. Quis et enim cumque perspiciatis nobis enim non. Impedit aperiam vel qui porro corrupti. Est sit quia vel quibusdam consequuntur.'),
(56, 12, 6, 1, 'Tenetur asperiores dolor dolorem. Architecto enim laboriosam accusamus omnis a esse. Quia magnam quo et eligendi ut dolorem.'),
(57, 12, 7, 1, 'Iure est rem veniam est molestiae consequuntur accusantium. Ipsam quibusdam error explicabo sequi repellendus aut voluptas.'),
(58, 12, 8, 1, 'Consequatur eum voluptas enim exercitationem sit quo. Est ad tenetur unde consequatur. Praesentium ab recusandae molestias eos ipsa tempore. Blanditiis ipsam possimus veniam.'),
(59, 12, 9, 4, 'Aut dolorum animi neque consequuntur. Explicabo voluptatem omnis deleniti ab dolore aliquam amet. Id enim aut distinctio nesciunt.'),
(60, 12, 10, 3, 'Similique dolores maiores et minima pariatur ullam. Tempore incidunt omnis adipisci perferendis. Fugit cumque et esse ipsam et in maiores.'),
(61, 13, 11, 1, 'Asperiores aut ut ab sunt necessitatibus porro non incidunt. Dolore ut incidunt asperiores odio cupiditate. Soluta porro dolor omnis et eum exercitationem.'),
(62, 13, 12, 4, 'Deserunt assumenda a culpa cum qui quia. Eos itaque et sed rerum.'),
(63, 13, 13, 2, 'Quo eos et rerum. Ducimus rerum odit vero sed ut sed sit. Rerum molestiae autem et ut dolor vel aut officiis. Rerum ullam similique aut rem incidunt.'),
(64, 13, 14, 2, 'Molestias rerum ut eius. Debitis non distinctio qui blanditiis molestiae. Est perspiciatis veritatis omnis et sed aut. Et ea molestiae inventore.'),
(65, 13, 15, 2, 'Tenetur harum dolore rem nisi nobis. Consequuntur eos est id ut praesentium provident. Repellendus id ipsum eligendi ducimus autem doloribus laborum.'),
(66, 14, 16, 4, 'Tempore qui assumenda omnis. Ratione illo doloribus numquam. Cumque laborum id qui sequi et ut totam.'),
(67, 14, 17, 1, 'Officia sit aliquid recusandae beatae laborum sequi. Temporibus perspiciatis veniam odit dolor consequatur. Est sunt deleniti dolorem praesentium.'),
(68, 14, 18, 5, 'Voluptatibus et eum enim asperiores et in rerum. Odio omnis distinctio aliquam distinctio dolores accusamus. Similique aut voluptatem rerum.'),
(69, 14, 19, 5, 'Voluptas provident reprehenderit dicta non accusamus. Aliquam sed quibusdam sunt voluptas cupiditate quasi. Voluptatem aut voluptas dolorem dignissimos.'),
(70, 14, 20, 4, 'Ipsam dolorum pariatur esse fugiat qui nulla rerum alias. Assumenda quam quaerat aperiam odio. Vel assumenda necessitatibus non odio distinctio aut velit. Nulla natus sint quis.'),
(71, 15, 21, 3, 'Ad quidem voluptate non hic. Dolor ipsam dolor consequuntur eos sunt voluptatem ut aut. Enim esse maiores ratione molestias ut. Et iste officia consequatur ad enim sint soluta est.'),
(72, 15, 22, 1, 'Sit et laboriosam voluptates et enim. Ipsam voluptatibus alias eos animi ullam a molestias. Quis et molestiae voluptatem.'),
(73, 15, 23, 4, 'Ut sint fugit aliquam sed unde rerum explicabo. Aut ipsum ab sit consequatur quia et. Cumque facere neque quas vitae.'),
(74, 15, 24, 3, 'Esse corrupti et minus perspiciatis optio. Cum incidunt quia aut excepturi consequuntur. Dolorem repellat ut laborum reprehenderit dolor temporibus. Omnis totam et numquam ab debitis laborum consequuntur adipisci.'),
(75, 15, 25, 2, 'Sequi numquam reiciendis quibusdam molestiae libero repellendus optio. Illum aut neque vero dolore. Quas esse voluptatem optio molestias est facere tempora.'),
(76, 16, 1, 4, 'Quis cumque optio maxime illum mollitia. Id maiores illo qui ducimus. Iure sit quisquam debitis quis fugiat voluptatem assumenda aut. Magnam labore eveniet consequatur.'),
(77, 16, 2, 2, 'Quod sapiente numquam commodi maxime ipsa. Ipsam consequatur dolorum inventore et vel. Tempore et ut sit dolor quae explicabo qui. Ut voluptas velit voluptatem reprehenderit explicabo corporis atque aliquid.'),
(78, 16, 3, 2, 'Doloremque nemo cumque praesentium exercitationem voluptas. Optio ullam explicabo dolorem consequatur. Quia vero voluptas voluptatem autem amet.'),
(79, 16, 4, 1, 'Atque voluptatem suscipit sit sit doloribus. Qui voluptatem quas et ullam ipsa quaerat corporis. Exercitationem sit sit rerum sit a dicta sit. Id consequatur minima perferendis reiciendis dignissimos accusamus id.'),
(80, 16, 5, 1, 'Distinctio est nihil sunt ea excepturi autem. Reprehenderit inventore animi repudiandae unde. Suscipit ratione eligendi aut repellendus ipsa est doloremque.'),
(81, 17, 6, 5, 'Maiores odio qui dignissimos quas fugiat et. Ut aut et facilis ut rerum itaque. Porro excepturi ut ea odit dolores id alias.'),
(82, 17, 7, 5, 'Omnis aut qui omnis reprehenderit deleniti iure in. Consequuntur aspernatur quia et sit. Consectetur cupiditate cupiditate consequatur. Animi esse sit soluta eligendi mollitia at.'),
(83, 17, 8, 5, 'Corporis voluptatem cum tempore iure quo maxime laborum similique. Voluptatum occaecati velit rerum ut incidunt deserunt tempore deserunt. Accusantium eum qui nesciunt earum laudantium. Quasi sed eaque rerum atque dolores.'),
(84, 17, 9, 4, 'Fuga aspernatur est quisquam maiores nisi delectus dolorem. Sunt id qui et eligendi cum at soluta. Dolores tenetur exercitationem qui voluptatem itaque. Sapiente qui dolore quia illum ea qui dolor.'),
(85, 17, 10, 2, 'Sapiente ab cumque voluptas ratione maxime. Sed eos facere et officia laudantium. Corporis maxime eum ut ipsum et qui et. Qui illo ut autem accusantium sunt. Voluptas at rem consequatur aliquam distinctio iure.'),
(86, 18, 11, 1, 'Soluta quo officia et corrupti dolor facilis minima. Quisquam ab quas nemo eum odio.'),
(87, 18, 12, 3, 'Ea est dolorem quia illum ut ut perspiciatis. Ut a repudiandae nostrum molestiae.'),
(88, 18, 13, 1, 'Eos sed suscipit sit recusandae hic accusantium ut. Necessitatibus aut cum vitae rerum maiores rerum quia. Distinctio nam provident esse.'),
(89, 18, 14, 4, 'Velit iure illo voluptatem maiores. Voluptas officiis et et aut ut dolore et. Et blanditiis adipisci in iste.'),
(90, 18, 15, 2, 'Quia optio molestiae dolore cumque nemo. Rerum optio aut fuga et nemo. Expedita ut enim quaerat at nobis voluptatem id rem.'),
(91, 19, 16, 5, 'Nulla illum rerum voluptatem laboriosam velit et amet. Delectus earum esse et facilis. Est beatae ea voluptatem eos. Quod quo fugiat quam sed aut consequatur libero. Minus dolorem fugiat molestias debitis iste commodi.'),
(92, 19, 17, 4, 'Rem doloribus et ipsum aperiam occaecati ut. Rem nobis inventore corporis error omnis doloribus ut. Qui harum esse cumque molestias voluptatibus fugiat. Illum fugit nemo et inventore sed reiciendis temporibus.'),
(93, 19, 18, 1, 'Omnis minima accusamus et accusantium. Quis voluptas maiores facilis. Dolor aliquid consequatur debitis autem. Sunt veniam qui laudantium. Asperiores totam temporibus optio qui non eos rerum.'),
(94, 19, 19, 4, 'Sit atque et ab porro nulla laboriosam. Eos animi doloremque tempora tempore exercitationem omnis consectetur est.'),
(95, 19, 20, 1, 'Aut officiis dolor sed commodi ut sed itaque. Error reiciendis est odit quibusdam nihil pariatur et omnis. Velit quia minima qui eos omnis. Cumque nulla nemo corporis aut.'),
(96, 20, 21, 4, 'Omnis et qui quam aut. Eaque repudiandae quaerat et eos autem. Sit qui ut numquam. Dolorem quidem aut illo est id voluptas tenetur.'),
(97, 20, 22, 2, 'Dolore illum et a ipsa consequatur architecto libero. A est asperiores pariatur in. Ipsam inventore eum ut.'),
(98, 20, 23, 3, 'Cum dolores impedit nihil ipsa repellat. Iste non nihil quia et eum sit consequuntur.'),
(99, 20, 24, 5, 'Ut cupiditate natus natus repellendus excepturi quo possimus aut. Molestiae qui at est eum vitae suscipit labore. Qui ullam tempora voluptatem alias placeat consequatur ut est.'),
(100, 20, 25, 1, 'Optio eligendi in temporibus enim sint veniam ipsa. Id dolore est molestiae qui eaque occaecati dolorem. Quod sint rerum voluptatem voluptas ea qui. Quo nam adipisci pariatur aut eius delectus magnam.'),
(101, 21, 1, 5, 'Autem et aut delectus quia. Quidem consectetur molestiae repellat omnis. Sed dignissimos et culpa iste cumque. Labore quos adipisci omnis omnis in consectetur et est.'),
(102, 21, 2, 2, 'Et quis molestiae rerum sit illo earum non. Sint eligendi est impedit voluptatem. Eum rem qui tenetur qui. Ipsum fuga consequatur commodi repudiandae aspernatur voluptas.'),
(103, 21, 3, 5, 'Mollitia nihil harum modi sed. In possimus quisquam autem commodi aut delectus maxime quia. Officiis iste et ratione tempore quaerat modi.'),
(104, 21, 4, 5, 'Aspernatur veniam aperiam deserunt. Neque saepe veritatis id voluptate non sit numquam hic. Optio perferendis fuga molestiae facilis ipsa itaque nemo.'),
(105, 21, 5, 4, 'Repellendus impedit sunt assumenda accusantium. Saepe eaque est ut dolorem nobis ut. Quia ut quibusdam molestiae ea maxime dolor dolorem doloribus. Pariatur dolorem esse architecto minima.'),
(106, 22, 6, 4, 'Voluptas excepturi magnam earum necessitatibus sed in. Nihil omnis aspernatur et eius animi est tempore ipsum. Consequatur vel aspernatur dolorem exercitationem et. Id reiciendis eos est quo corrupti eveniet aliquid est.'),
(107, 22, 7, 3, 'Facilis ullam necessitatibus sunt quibusdam dolorem architecto. Aliquam et qui molestias numquam ea non illo. Atque in dolorum quia numquam. Ut dolores quia nam eum quia magnam.'),
(108, 22, 8, 1, 'Aut aut accusamus eligendi quidem. Dolor sunt quia odit sequi. Tenetur ut eaque dolores provident amet aut qui.'),
(109, 22, 9, 1, 'Nisi eum vel fuga. Enim corporis reprehenderit incidunt qui. Et est excepturi adipisci aut enim labore.'),
(110, 22, 10, 3, 'Iste ea ipsa aut ab. Error adipisci sunt laborum exercitationem. Quidem suscipit exercitationem omnis corrupti. Voluptate qui corporis distinctio deserunt enim temporibus aut.'),
(111, 23, 11, 1, 'Eos voluptatem reprehenderit repellat ipsam qui asperiores maxime et. Impedit et asperiores molestias provident iste. Exercitationem autem quis non laborum quidem. Tempora rerum cum quas eligendi et iure facere asperiores.'),
(112, 23, 12, 3, 'Veritatis consectetur odio iure aut voluptas adipisci. Est iste doloribus ea eos ut. Atque qui fugit esse non quia repellendus doloremque. Sunt qui aut aliquid rerum. Reprehenderit autem inventore atque nostrum.'),
(113, 23, 13, 1, 'Optio ullam aspernatur et ut enim voluptates qui. Autem cum earum repellendus. Odit placeat consequatur qui sed earum pariatur reprehenderit.'),
(114, 23, 14, 3, 'Eos qui aut consequuntur quis ut eius. Sit explicabo debitis nihil explicabo voluptates ullam. Non nemo qui magnam. Cum quia ut magnam rerum in eum.'),
(115, 23, 15, 4, 'Ipsum enim voluptatum odio ipsa impedit tempore. Laboriosam id voluptate et quasi aspernatur.'),
(116, 24, 16, 4, 'Quis enim explicabo molestiae non. Sit et maxime eveniet. Aut est voluptatem molestiae sit voluptatibus autem impedit. Et amet voluptas eaque necessitatibus.'),
(117, 24, 17, 4, 'Amet suscipit rem molestias et facilis. Repellat soluta et quos consequatur. Eaque iste dolores mollitia id vel ut omnis asperiores.'),
(118, 24, 18, 1, 'Debitis aut quia libero fugiat ipsa dolor est. Reprehenderit ab eos possimus dolores. Autem ab a tenetur ab.'),
(119, 24, 19, 1, 'Omnis id illum tempora ad iure fuga officiis. Sequi nemo corrupti voluptatem deleniti. Officiis eaque tenetur ea est quam laboriosam.'),
(120, 24, 20, 3, 'Sit omnis dolorem reiciendis accusamus a commodi explicabo. Distinctio corrupti et autem fugit exercitationem impedit id. Quia nostrum quas quam sed sit dolor reiciendis porro.'),
(121, 25, 21, 2, 'Exercitationem repudiandae dolores quo ea soluta. Tenetur dolores non exercitationem ratione illo. Rerum iusto architecto repudiandae.'),
(122, 25, 22, 4, 'Aut quasi magnam ipsam accusantium assumenda nisi nobis deserunt. Alias reiciendis rem iure ut. Odio alias voluptate nam nihil praesentium facilis excepturi.'),
(123, 25, 23, 1, 'Sint asperiores aut est enim corporis ipsum porro saepe. Architecto ad ex molestiae qui sapiente harum fugit consectetur. Sapiente sed corrupti dolore et aut.'),
(124, 25, 24, 1, 'Qui sit ab molestiae explicabo id minus velit. Dolores et vitae placeat enim est. Consequuntur porro voluptatem ab dolorum. Ad et qui cumque quis.'),
(125, 25, 25, 3, 'Maiores voluptas quod maiores sed ratione eum temporibus. Neque qui officiis sed itaque sequi non libero ea. Minus ut est porro iure dolor nostrum. Quia ratione et fuga et reiciendis. Maiores optio consectetur et veritatis eum tempora aut.'),
(126, 26, 1, 3, 'Ipsam eveniet cupiditate repellendus doloremque quia dolorem. Illo est laborum alias qui atque non quia unde. Vel maiores doloremque laudantium exercitationem laboriosam.'),
(127, 26, 2, 3, 'Ut cumque veniam et fuga numquam dignissimos quaerat aut. Dolor reiciendis commodi neque eos velit error recusandae.'),
(128, 26, 3, 1, 'Aut qui ea qui et libero recusandae et. Laboriosam unde in necessitatibus quibusdam. Quos nam natus non ab itaque.'),
(129, 26, 4, 5, 'Sunt quia officiis alias quasi nulla temporibus harum. Architecto aut tempore officiis dolorem animi facere aut et. Odio eos omnis corrupti. Voluptatibus est accusamus dolor accusamus laborum et.'),
(130, 26, 5, 1, 'Officia consequatur explicabo possimus veniam sed placeat. Nesciunt voluptatibus veniam sunt. Ipsam tenetur iusto nihil.'),
(131, 27, 6, 2, 'Voluptas aut unde natus optio optio eaque repellendus. Voluptatem est voluptate quia assumenda. Ipsa culpa itaque id nihil.'),
(132, 27, 7, 4, 'Omnis alias consequatur esse laboriosam earum cupiditate iste. Repudiandae totam aut odio molestiae ratione. Non voluptas sunt sit ab consequatur.'),
(133, 27, 8, 1, 'Tempore provident pariatur eos qui. Velit deserunt id quis consequuntur et in. Excepturi et occaecati nostrum animi sequi rem. Soluta voluptatum atque excepturi sit aut vel.'),
(134, 27, 9, 4, 'Ratione nemo laboriosam necessitatibus molestiae. Ab provident ullam quo tempore dolor eos autem. Expedita quia aut porro consequatur. Doloremque laudantium aperiam velit aut doloribus perspiciatis saepe.'),
(135, 27, 10, 4, 'Assumenda ut mollitia minima velit dolore. Molestiae fugit dignissimos nihil est. Dolore autem quisquam perspiciatis reprehenderit sit. Esse sunt est quia est sit occaecati cumque.'),
(136, 28, 11, 1, 'Qui quasi est laborum facere non voluptatum enim. Vitae recusandae ex expedita reiciendis magnam. Ex aut vel tempore voluptatibus. Est ipsa ea eius nemo deserunt et reprehenderit.'),
(137, 28, 12, 1, 'Voluptatum et omnis ut dicta aliquam nobis harum. Vel architecto cumque voluptatem aperiam provident velit. Velit est animi nobis porro dolor recusandae accusamus. Maxime ea eius velit aut aut commodi.'),
(138, 28, 13, 2, 'Est illo quis tenetur debitis sapiente maxime. Odit eligendi non qui et iste voluptatem ipsum. Perspiciatis quis harum magni est nobis magni. Nihil animi delectus itaque nulla ut.'),
(139, 28, 14, 4, 'Praesentium molestias sed et quod ratione deserunt. Laborum quod tempora hic assumenda deleniti. Sit placeat porro saepe animi quis ut natus.'),
(140, 28, 15, 4, 'Quo et sapiente consequatur expedita laboriosam. Eveniet impedit accusantium blanditiis id iste.'),
(141, 29, 16, 4, 'Beatae non quos ipsa voluptatem vel provident iusto. Vel dolore enim labore quia cupiditate repudiandae. Animi voluptas occaecati eaque ducimus expedita dicta optio adipisci. Ullam ut molestiae quidem incidunt. Numquam minus voluptas voluptate minus sed amet.'),
(142, 29, 17, 5, 'Sunt id numquam nisi enim. Voluptates sed excepturi et velit quaerat voluptatem quia.'),
(143, 29, 18, 3, 'Voluptatum earum cum consequatur atque cum velit. Laudantium voluptates reiciendis incidunt nostrum odio aut. Ut in fugiat tempore id. Itaque tempore error assumenda sint magnam.'),
(144, 29, 19, 3, 'Sit vero commodi nisi adipisci. Voluptas sit dolore et perspiciatis aut tempore rem. Et ab incidunt et dolore mollitia.'),
(145, 29, 20, 2, 'Quis laborum optio quasi a. Quia magni aspernatur magni dolores placeat.'),
(146, 30, 21, 1, 'Dolore id suscipit enim aspernatur aut quam neque. Eius impedit ex id voluptas voluptatem ullam illum non. Ratione asperiores numquam eligendi iste.'),
(147, 30, 22, 2, 'Maxime quisquam itaque mollitia quia id at. Enim impedit culpa alias ut. Totam ducimus incidunt accusantium amet quia. Sapiente quam qui ipsam ad iste esse laudantium.'),
(148, 30, 23, 2, 'Exercitationem qui sed ut similique rerum animi eius. Aut asperiores corporis et error dolorum eligendi consequuntur. Quos mollitia consectetur quam et tenetur. Provident ipsum voluptas occaecati assumenda.'),
(149, 30, 24, 2, 'Iste cum alias cum vel. Illum qui mollitia soluta vel. Deleniti quis modi rerum itaque sit ut. Neque qui nemo animi.'),
(150, 30, 25, 5, 'Et odit ut dolor ea. Corrupti sit incidunt voluptate quaerat reiciendis expedita aperiam fuga. Autem eligendi tempora numquam dolores totam. Fugiat rerum vel quas quibusdam ut. Odio vel ut consequuntur necessitatibus soluta.'),
(151, 31, 1, 2, 'Non autem debitis laboriosam ratione. Dolorem hic adipisci temporibus et nemo vero. Veritatis asperiores rerum quia eveniet ab praesentium. Fugit sunt cumque quidem temporibus accusantium cupiditate inventore.'),
(152, 31, 2, 4, 'Dolor voluptatum perspiciatis natus aut. Sint maxime doloremque praesentium. Dicta fuga necessitatibus est eius alias et unde.'),
(153, 31, 3, 4, 'Sunt voluptatem est iure praesentium porro neque molestiae nostrum. Quas numquam non sit perferendis laudantium illum reiciendis beatae. Sint alias magni dignissimos a excepturi rerum pariatur modi. Quibusdam cum placeat quia possimus.'),
(154, 31, 4, 5, 'Cum quae laborum ipsa. Molestias molestiae nesciunt nesciunt. Eos et deleniti laboriosam velit voluptatibus ratione. Sit voluptatem non non laudantium odit rerum minima sapiente.'),
(155, 31, 5, 2, 'Ratione veniam perferendis eos quis. Architecto accusantium laudantium praesentium itaque. Nisi ipsa incidunt et hic quia neque ipsum.'),
(156, 32, 6, 4, 'Totam quis odit mollitia quos. Sequi tempora hic illo recusandae earum consequatur. Ea non velit officia nam et et sunt.'),
(157, 32, 7, 1, 'Ut et et repudiandae reprehenderit nihil. Quia laudantium nihil ut asperiores in sequi aut. Est velit a beatae.'),
(158, 32, 8, 5, 'Suscipit sunt labore fugit iusto et suscipit magnam. Quis quod ipsam reprehenderit deserunt perferendis explicabo inventore. Dolorem qui quisquam in nam temporibus alias. Id rerum non eveniet ut.'),
(159, 32, 9, 2, 'Dolor modi blanditiis ea. Laudantium quia eveniet pariatur beatae. Consequatur est laudantium aliquam facere. Architecto itaque perferendis aliquam qui odit non.'),
(160, 32, 10, 2, 'Aspernatur debitis dicta nam atque exercitationem quia. Animi et iusto et quo accusamus eius. Doloribus officiis est neque.'),
(161, 33, 11, 4, 'Omnis eum qui est labore. Numquam omnis laborum velit iure eum similique sit. Saepe omnis exercitationem autem nobis illum voluptas.'),
(162, 33, 12, 2, 'Nisi reiciendis nesciunt enim ullam. Quibusdam ipsa nobis nihil voluptas enim eum. Consectetur ut necessitatibus qui ut. Sint animi est doloremque.'),
(163, 33, 13, 4, 'Architecto nisi eos architecto quo eveniet. Dolorem minima dolore exercitationem quibusdam quia voluptatem nihil ex. Perferendis provident rerum dolorum corporis.'),
(164, 33, 14, 5, 'Quia alias error maiores fugiat maxime expedita. Et ut quia ratione fugit. Veritatis aperiam et libero aliquam voluptas qui adipisci. Praesentium sint quibusdam ullam quis.'),
(165, 33, 15, 5, 'Sint est qui aut nihil. Porro laudantium et culpa eos sint vel sint. Officiis est eveniet id aspernatur.'),
(166, 34, 16, 4, 'Non est voluptate sapiente dolores ut voluptatem dolores. Eaque amet vero et optio. Ea modi sit accusamus perspiciatis dolor voluptates.'),
(167, 34, 17, 5, 'Deserunt ea ullam deserunt mollitia. Est quo ratione esse laboriosam cupiditate. Harum praesentium optio eum in. Nostrum quidem vel sequi a repellendus quia.'),
(168, 34, 18, 4, 'Doloremque autem similique explicabo debitis illum non veniam. Et ea nesciunt excepturi id mollitia explicabo. Nesciunt inventore et sapiente in in quos.'),
(169, 34, 19, 3, 'Quo laudantium et dolorum et vel eum qui consequatur. Ducimus sunt dolor nisi quia dicta dolores. Fuga dolores eius dolorem praesentium dolorem et deleniti. Maiores omnis non cum numquam ut.'),
(170, 34, 20, 5, 'Impedit voluptatibus hic voluptatibus error. Excepturi iste at saepe architecto. Totam autem quis asperiores vel dignissimos quibusdam fugit. Sed totam fugit dignissimos assumenda quos laboriosam. Iusto ut reprehenderit ad enim enim voluptas rerum aut.'),
(171, 35, 21, 2, 'Necessitatibus odit excepturi vel libero tempore earum reiciendis. Et quia non et quis nihil aut. Reiciendis eaque ullam laboriosam.'),
(172, 35, 22, 3, 'Omnis ipsa minus est ea facilis. Veniam omnis tempore repellendus minima perferendis. Sint ut voluptates dolorem et aliquam. Consequatur deleniti odit minus sunt.'),
(173, 35, 23, 3, 'Aut nemo voluptatem dolor saepe itaque ea doloremque. Adipisci id numquam natus excepturi aspernatur et. Ipsum velit libero doloribus quia omnis et libero porro.'),
(174, 35, 24, 2, 'Et repellendus quia assumenda qui laborum autem et explicabo. Est quibusdam quo quia saepe rerum aut recusandae. Rem nam aspernatur ab mollitia.'),
(175, 35, 25, 1, 'Et eveniet molestiae in odit. Provident aperiam ipsa quod et quam. Exercitationem hic reiciendis similique eum sit eius deserunt. Numquam commodi quia molestias harum voluptas et nisi.'),
(176, 36, 1, 3, 'Quo et expedita labore ex totam quibusdam odit eos. Ut doloremque beatae aperiam quia. Quo eos quis aut. Qui ut corrupti consequatur repudiandae delectus.'),
(177, 36, 2, 2, 'Eaque illum voluptas est laudantium perferendis. Autem illum nesciunt rerum aut voluptas iste modi. Voluptatem repudiandae pariatur sed.'),
(178, 36, 3, 4, 'Quidem autem dolor veniam libero. Modi ad itaque velit est ipsa repellendus. Temporibus tempora adipisci vel distinctio. Numquam deserunt iusto consequuntur earum.'),
(179, 36, 4, 3, 'Modi aut voluptas error perferendis est similique. Fugit recusandae explicabo beatae natus rerum quod autem voluptatum. Optio impedit inventore porro sit error. Sed ab ullam voluptas id aliquam totam voluptate.'),
(180, 36, 5, 3, 'Pariatur officia voluptatibus nihil eveniet dignissimos maiores quis repellendus. Molestiae inventore nesciunt in fuga. Architecto et corrupti eligendi deleniti ut at. Rerum cupiditate quia accusamus.'),
(181, 37, 6, 1, 'Ut quam magnam ullam deserunt. Deleniti corrupti ut voluptatem doloribus.'),
(182, 37, 7, 3, 'Illo eum aut est nulla assumenda repellendus. Iure ab quidem impedit fugit aperiam. Quis minima animi laudantium non culpa.'),
(183, 37, 8, 2, 'Rerum est qui et explicabo tempore nesciunt at aut. Facilis delectus non magnam minus. Consequatur id voluptate labore ullam non assumenda saepe cum. Omnis exercitationem sint officia voluptatem.'),
(184, 37, 9, 2, 'Facere repellendus atque cupiditate eaque est aut officiis. Atque et distinctio inventore voluptatem excepturi fugit nisi. Temporibus doloremque dolorem officiis voluptatem. Eligendi atque repellendus ut.'),
(185, 37, 10, 1, 'Et ex amet et incidunt. Reprehenderit sit tempore tempore sunt qui reprehenderit explicabo officia. Autem est quo quo alias eos.'),
(186, 38, 11, 2, 'Quis officia maxime qui eos. Consequuntur maiores reprehenderit dolores ut rerum sit qui ut. Corrupti ipsum non a officia dicta.'),
(187, 38, 12, 1, 'Iure rem voluptatem veritatis rerum. Voluptatem et esse fugiat repellat. Et et ut minima occaecati. Corporis eius recusandae saepe. Fugit blanditiis voluptatem voluptas aut.'),
(188, 38, 13, 5, 'Minus recusandae eum laudantium eum asperiores et. Dolor est velit quaerat quis beatae. Necessitatibus doloremque earum velit itaque quo eos. Eos neque maxime consequatur harum.'),
(189, 38, 14, 3, 'Ea molestias possimus possimus adipisci. Fugiat dignissimos qui dolore.'),
(190, 38, 15, 1, 'Ipsa id quis aperiam mollitia vitae dolores. Inventore quis quod vel voluptates animi quo. Repudiandae nihil fugit veniam tenetur repellendus et.'),
(191, 39, 16, 4, 'Molestiae esse minus eveniet ea id sint neque. Harum vero voluptatem vel maxime eos ad a. Expedita sed rerum natus molestiae in voluptas nemo.'),
(192, 39, 17, 5, 'Tempore sapiente id fugiat aliquam. Voluptatum velit architecto ipsam enim fugiat. Autem commodi qui sed nesciunt. Et error ipsum ut ut.'),
(193, 39, 18, 4, 'Adipisci nihil omnis amet aperiam consequatur ipsam minus repellendus. Qui voluptate dignissimos et minima nam aliquid et nemo. Voluptatem consequatur debitis repellat voluptas eos nemo et. Architecto accusamus mollitia sapiente quo iste.'),
(194, 39, 19, 3, 'Quod quia ut omnis qui quo commodi. Occaecati fugiat maiores accusantium velit. Sequi vitae facere dignissimos quam mollitia numquam voluptates modi. Veritatis facilis recusandae molestiae. Commodi voluptas fugiat recusandae cupiditate.'),
(195, 39, 20, 2, 'Qui voluptate dolor magnam rem distinctio. Sequi a aliquam ipsum maxime ea quo rerum odit. Distinctio et facilis incidunt esse consequuntur. Ullam impedit illum similique facere voluptas. Provident natus quia quia soluta optio.'),
(196, 40, 21, 3, 'Deleniti dolor ipsam pariatur saepe velit. Quis consequatur nihil sint iste ut. In iure autem similique vel.'),
(197, 40, 22, 3, 'Modi aperiam enim vitae cupiditate exercitationem molestias nihil. Ad nihil esse consequatur sunt quae reprehenderit. Soluta est dolorem corrupti necessitatibus quis. Nihil debitis aperiam debitis quis. Sed id neque vitae iste a possimus modi.'),
(198, 40, 23, 4, 'Voluptatem tempora necessitatibus velit modi. Et qui illum inventore ipsa sint ducimus iure. Temporibus tempora omnis reiciendis non voluptatem itaque expedita. Beatae dolores reiciendis eveniet voluptatem.'),
(199, 40, 24, 4, 'Saepe nulla sunt minima. Quod commodi facere sunt et ea molestias dolorem est. Earum ullam rerum eligendi optio nisi excepturi. Aut ratione perspiciatis repudiandae perspiciatis nihil ipsa doloribus.'),
(200, 40, 25, 3, 'Libero rerum tempore perspiciatis doloremque voluptatem neque id id. Minima dolores est quidem impedit illum suscipit. Alias corrupti possimus recusandae similique iusto dolorum. Rem totam quod saepe qui consequatur enim cupiditate.'),
(201, 41, 1, 2, 'Delectus laborum quaerat sit dolore. Eveniet maxime soluta nulla ut eius magni. Voluptate omnis voluptatem at. Est aut explicabo voluptatem nostrum.'),
(202, 41, 2, 5, 'Architecto vel ipsum sunt quasi quasi qui aliquid. Sint eligendi laborum qui sit non et totam. Omnis omnis temporibus quasi velit saepe exercitationem tenetur. Doloremque omnis ut quia et.'),
(203, 41, 3, 3, 'Et voluptatem iure aut repellat numquam nobis. Et nemo voluptatem rerum autem reiciendis accusamus magnam quis. Quam distinctio sint enim reprehenderit. Qui dolorem porro mollitia deserunt.'),
(204, 41, 4, 1, 'Aut incidunt dolores deleniti quae. Omnis voluptas perspiciatis molestiae.'),
(205, 41, 5, 5, 'Consequatur facilis dolorum veritatis est nesciunt. Voluptas et assumenda odio ut animi cupiditate iste. Exercitationem quod maxime at laudantium est.'),
(206, 42, 6, 2, 'Totam ut quas ut dolor nisi mollitia. Esse rerum quaerat quae ratione dolor et. Praesentium est quibusdam rerum ut qui ea.'),
(207, 42, 7, 5, 'Temporibus enim quia alias molestiae aliquid ad quasi voluptatibus. Qui laboriosam itaque sed error dolorem quos autem. Praesentium nesciunt ullam totam similique nihil similique.'),
(208, 42, 8, 2, 'Ullam perferendis tempora rerum. Dignissimos occaecati omnis libero id perspiciatis. Recusandae amet beatae occaecati rerum qui eligendi iste.'),
(209, 42, 9, 5, 'Dolore a magni est sed omnis. Vel rem eligendi maxime ut.'),
(210, 42, 10, 1, 'Ut nulla maiores molestiae velit voluptatem amet est. Sapiente est excepturi at officia alias officiis impedit. Et explicabo molestiae porro.'),
(211, 43, 11, 3, 'Quia modi voluptate et sed pariatur quam. Provident esse facilis cupiditate doloremque rem consequatur odit est. Vitae aperiam distinctio sint eos culpa fuga quo vitae. Nobis et nihil voluptatem aliquid.'),
(212, 43, 12, 4, 'Id id culpa qui quae dicta. Saepe sed deleniti natus.'),
(213, 43, 13, 1, 'Impedit soluta eveniet debitis voluptates deserunt. Accusamus consequatur est deserunt totam. In eveniet consequatur quia soluta iste velit. Doloribus quis similique dolor pariatur.'),
(214, 43, 14, 1, 'Aut enim nihil enim est. Soluta inventore eum incidunt voluptates. Odio quia exercitationem non voluptas pariatur ut velit. Non recusandae nesciunt earum minima molestias.'),
(215, 43, 15, 4, 'Voluptas enim officia nesciunt cumque sapiente doloremque in. Harum quis neque quas commodi est. Reprehenderit similique autem voluptatem dolorem fugiat cum sit. Non aut deleniti perspiciatis ad impedit fuga soluta.'),
(216, 44, 16, 2, 'Sunt excepturi dignissimos ab quis sequi qui. Ad in quis ad id. Non placeat consectetur omnis a repellendus id.'),
(217, 44, 17, 4, 'Quibusdam ut est corrupti eum. Ipsum voluptatem itaque architecto et. Est quos magnam sit placeat odio molestiae dolorem. Maxime voluptas at soluta commodi dolores voluptatem veritatis.'),
(218, 44, 18, 1, 'Odio consectetur numquam a dolor aliquid aliquam. Quam deleniti qui aut nisi quia ut.'),
(219, 44, 19, 3, 'Quasi laborum voluptatem quas. Perferendis doloribus velit cumque eveniet. Rerum sit dolor iste nisi quidem similique nobis.'),
(220, 44, 20, 4, 'Dolore rerum eaque temporibus consequatur. Eum amet dicta qui officiis cupiditate quia. Atque quibusdam aut necessitatibus eligendi esse.'),
(221, 45, 21, 3, 'Quia est in vel aliquam doloremque occaecati velit inventore. Voluptas consectetur tempore numquam qui doloremque minima earum. Quia ipsum quia quasi repellat beatae velit enim rem. Velit laborum consequatur nulla dolor aut vero quia.'),
(222, 45, 22, 3, 'Est voluptatibus dolore debitis consequatur eaque excepturi. Omnis iusto incidunt inventore doloremque consequatur impedit et et. Laudantium iste labore delectus nihil aliquam consequatur deserunt.'),
(223, 45, 23, 1, 'Consectetur rerum necessitatibus necessitatibus vel et. Repudiandae et temporibus et enim doloribus dolorem soluta. Deserunt ea aut cum praesentium eligendi porro. Et sed fugiat ut.'),
(224, 45, 24, 2, 'Voluptatem voluptas ipsum voluptate fuga eum. Aut vel eum qui. Earum aut minus dolorem molestiae error.'),
(225, 45, 25, 2, 'Tempora dolore sit commodi rem rerum. Quod quo nesciunt totam sapiente neque voluptas ut. Sit magni magnam nihil sequi adipisci. Ea enim qui modi eos aut aut. Rem id possimus velit aut voluptas voluptatem.'),
(226, 46, 1, 4, 'Perferendis nisi quia corporis dicta facere molestias tenetur adipisci. Aut voluptatibus voluptatem dolores distinctio. Tempore omnis expedita a delectus vel officiis. Impedit aliquid eum sequi qui.'),
(227, 46, 2, 4, 'Atque eos maxime dignissimos ut esse debitis. Dolores debitis et unde. Eveniet tenetur qui expedita eum.'),
(228, 46, 3, 2, 'Ut et molestiae eius eum placeat sit. Iure voluptatum facilis error harum voluptatem expedita voluptas. Repellendus aut numquam amet et asperiores tempora sed.'),
(229, 46, 4, 5, 'Qui autem nobis autem quia sapiente. Velit nobis commodi dolore qui harum. Neque ab quo reiciendis non iste facilis tempore aut. Odit officia vero placeat nisi eaque occaecati nam porro.'),
(230, 46, 5, 2, 'Est consequatur eius dolorem cupiditate qui sequi. Ratione aliquam tempora esse sapiente quia molestiae consectetur. Ea sed tenetur dolorem vel recusandae illum vero. Velit possimus et exercitationem eum a et. Vero voluptatem maiores labore repudiandae aliquid consequatur.'),
(231, 47, 6, 1, 'Qui quaerat accusamus dolor delectus fuga quas dolorem. Molestiae non adipisci reiciendis magnam sequi sint non. Ipsum aliquam vitae facilis et molestiae. Nemo temporibus aliquam eligendi soluta ipsam nam nostrum sed.'),
(232, 47, 7, 1, 'Quaerat error aliquam repellendus blanditiis quam hic. Quae qui nesciunt molestiae cumque sit aperiam. Quae repellat eveniet doloremque quo eius animi sed. Aut maxime ex eum voluptates ut est.'),
(233, 47, 8, 3, 'Accusantium sed non cum maiores blanditiis rem et. Quo quia qui eos magnam.'),
(234, 47, 9, 4, 'Rerum dolorem et sit. Dolor aliquam quibusdam vel numquam velit occaecati voluptatibus. Dolores earum sapiente nesciunt deleniti impedit est voluptatem.'),
(235, 47, 10, 3, 'Quia ea repudiandae aut sint ut explicabo voluptatem. Alias alias voluptatem recusandae voluptatem hic est. Officiis voluptatum tempore quidem omnis quasi distinctio rerum.'),
(236, 48, 11, 2, 'Quae harum asperiores facere numquam. Aliquid voluptatum voluptatibus nihil et ea sed. Quis quidem debitis mollitia ea.'),
(237, 48, 12, 3, 'Cumque sunt veritatis eos aut voluptas odit. Sed in provident similique ipsum voluptas dolores possimus assumenda.'),
(238, 48, 13, 2, 'Facilis eveniet dicta ut dolorum rem quia ipsa. Dolorem ut est impedit voluptatem maiores magnam. Omnis delectus error laborum qui quibusdam facere.'),
(239, 48, 14, 3, 'Illum sint doloremque qui sint. Maxime enim facilis officia reiciendis. In molestias nihil vel voluptates quia in.'),
(240, 48, 15, 2, 'Nihil sit laudantium delectus deserunt et sit velit. Delectus nulla iusto vitae debitis dolores vero. Pariatur qui tenetur consequuntur corrupti. Architecto nostrum quidem quam aliquam laboriosam.'),
(241, 49, 16, 2, 'Corrupti sunt dolore iusto dolorem hic aperiam. Ut iure sed aut tempora adipisci laboriosam sint. Consequatur ad aut sed et rerum vitae eos. Nobis quo nihil ullam vitae dolores doloribus.'),
(242, 49, 17, 3, 'Officiis amet ut architecto. Quaerat quidem voluptate autem ut reiciendis totam nobis. Natus exercitationem et neque rerum consequatur. Qui et at temporibus eligendi est provident.'),
(243, 49, 18, 3, 'Eius ut at corrupti et amet temporibus tempora. Aut praesentium adipisci aut incidunt perferendis quam eius autem. Perspiciatis quia voluptates hic eum.'),
(244, 49, 19, 4, 'Magni animi at architecto iusto occaecati repudiandae laudantium. Amet exercitationem et aut quaerat possimus voluptatibus hic. Quibusdam voluptate a sunt earum fugiat voluptatem sequi quidem. Eveniet commodi in voluptate voluptates sequi exercitationem ut laboriosam.'),
(245, 49, 20, 5, 'Rerum ex et autem in aliquam sunt ipsam. Est dolores dolorem maxime placeat. Et aut iste cumque quis perferendis inventore. Quisquam nulla cupiditate assumenda ea ipsa animi ipsam.'),
(246, 50, 21, 3, 'Amet enim qui ut. Voluptatem velit ut ea totam magni et praesentium. Veritatis vero porro repudiandae sit eos.'),
(247, 50, 22, 5, 'Laborum deleniti ipsam voluptatibus omnis cum explicabo illo. Quod pariatur pariatur ea sunt deserunt. Aut veniam ut aspernatur temporibus doloribus totam cupiditate est.'),
(248, 50, 23, 4, 'Quis deleniti deserunt porro perferendis beatae et minima assumenda. Autem aut ut totam sint rerum beatae ad. Asperiores expedita aut nesciunt exercitationem omnis quidem. Blanditiis aut delectus aliquid id doloremque aut. Quod facere aut tempore dolorem voluptatibus voluptatum animi voluptatum.'),
(249, 50, 24, 2, 'Rerum neque ut et ratione animi dolorum. Culpa dolor ullam sint nulla similique consequuntur officia in. Molestias fugit voluptatum sit corporis magnam impedit. Non sed distinctio neque ea. Eaque sed corporis et aspernatur sed quia.'),
(250, 50, 25, 5, 'Hic aut sint fugit amet voluptate. Provident quisquam earum perspiciatis est similique nulla cum ex. Cum aspernatur fuga autem consectetur iste. Eum et autem libero et.');

-- --------------------------------------------------------

--
-- Structure de la table `tag`
--

CREATE TABLE `tag` (
  `id` int NOT NULL,
  `code` varchar(255) COLLATE utf8mb4_unicode_ci NOT NULL,
  `name` varchar(30) COLLATE utf8mb4_unicode_ci NOT NULL
) ENGINE=InnoDB DEFAULT CHARSET=utf8mb4 COLLATE=utf8mb4_unicode_ci;

--
-- Déchargement des données de la table `tag`
--

INSERT INTO `tag` (`id`, `code`, `name`) VALUES
(1, 'tag-0', 'Tag 0'),
(2, 'tag-1', 'Tag 1'),
(3, 'tag-2', 'Tag 2'),
(4, 'tag-3', 'Tag 3'),
(5, 'tag-4', 'Tag 4'),
(6, 'tag-5', 'Tag 5'),
(7, 'tag-6', 'Tag 6'),
(8, 'tag-7', 'Tag 7'),
(9, 'tag-8', 'Tag 8'),
(10, 'tag-9', 'Tag 9'),
(11, 'tag-10', 'Tag 10'),
(12, 'tag-11', 'Tag 11'),
(13, 'tag-12', 'Tag 12'),
(14, 'tag-13', 'Tag 13'),
(15, 'tag-14', 'Tag 14'),
(16, 'tag-15', 'Tag 15'),
(17, 'tag-16', 'Tag 16'),
(18, 'tag-17', 'Tag 17'),
(19, 'tag-18', 'Tag 18'),
(20, 'tag-19', 'Tag 19'),
(21, 'tag-20', 'Tag 20'),
(22, 'tag-21', 'Tag 21'),
(23, 'tag-22', 'Tag 22'),
(24, 'tag-23', 'Tag 23'),
(25, 'tag-24', 'Tag 24');

-- --------------------------------------------------------

--
-- Structure de la table `user`
--

CREATE TABLE `user` (
  `id` int NOT NULL,
  `username` varchar(30) COLLATE utf8mb4_unicode_ci NOT NULL,
  `email` varchar(255) COLLATE utf8mb4_unicode_ci NOT NULL,
  `password` varchar(60) COLLATE utf8mb4_unicode_ci NOT NULL
) ENGINE=InnoDB DEFAULT CHARSET=utf8mb4 COLLATE=utf8mb4_unicode_ci;

--
-- Déchargement des données de la table `user`
--

INSERT INTO `user` (`id`, `username`, `email`, `password`) VALUES
(1, 'user+0', 'user+0@email.com', '$2y$13$mYbQv5W3Wa6bXVdFqzUrve3TPlK.uZNrMdsLMz7LClUA1Fw.13Yzy'),
(2, 'user+1', 'user+1@email.com', '$2y$13$YMTm0p4dbt3DkBam/opSreWDZbohqXWew3Zp34TRBnGF5gfMcodnu'),
(3, 'user+2', 'user+2@email.com', '$2y$13$bPN/igUSWT/WYGIdNq28CON5vZhcByMvMiGkyBqW0SI5f2uQ6kduq'),
(4, 'user+3', 'user+3@email.com', '$2y$13$hH9uNlu4gAH15Z.T65TB1OUtK3Pdji4TbFYozhbMkaskeUIjq1ar6'),
(5, 'user+4', 'user+4@email.com', '$2y$13$XkKGpM4GNMd5eAEI2fi30..lmKt.tjP9zHEdgRS8BKvCfAJBNdvfW'),
(6, 'user+5', 'user+5@email.com', '$2y$13$/n4eILSA69KCrYd9vrqpR.uOQPUQNbp4hETYk6elDzRKu2naFkWpK'),
(7, 'user+6', 'user+6@email.com', '$2y$13$oUAcdRh5eRa3KhDPPwmpg.jDrxrgYHA7x6oVazU9dST100MB0dUba'),
(8, 'user+7', 'user+7@email.com', '$2y$13$dxZGjwLplNq4Grmqg5JMqO83Y6VWAjM87Xn9q/Ci5cQK9ilDlVO7.'),
(9, 'user+8', 'user+8@email.com', '$2y$13$PjwP4qFkSeStRiWBfThW5eJMvnn32RPBnOn9Am4UXf1tprh0.Gg2K'),
(10, 'user+9', 'user+9@email.com', '$2y$13$vU.ZLLNzgRACWNWH7i5yjOcQs7Z0C0J4EibRIoO8MA7ShhTHtknvW'),
(11, 'user+10', 'user+10@email.com', '$2y$13$XNMSvRwErXCWS0wXfjdtJuK3eolvtipiKzBPHXA1r7Xd1f.WsavEi'),
(12, 'user+11', 'user+11@email.com', '$2y$13$HmALGLo5EFK8UFe/K.spL.G6f5l2Md8aCGp9MWt3IbcYfFft5/cHa'),
(13, 'user+12', 'user+12@email.com', '$2y$13$GaQHV3yvc0eWoWwIcv8g5uY2RMPAELBsfHbs5GaUBzbp7eO.mRHqi'),
(14, 'user+13', 'user+13@email.com', '$2y$13$k3cEhwo83oZHnE8Ce4ESvOw4lFrDqWktsu6mJu4FmDmxvHrfD9R56'),
(15, 'user+14', 'user+14@email.com', '$2y$13$hORov5C468yjRzaix8YSg.wbNu2rJYYcIY/CZ7hU21nW3jpzbkqde'),
(16, 'user+15', 'user+15@email.com', '$2y$13$fOK3mEAfq7SUPDSPM5rfKe5SgjRBv02Uv36FJ4ncVKXhVammpMbES'),
(17, 'user+16', 'user+16@email.com', '$2y$13$.IMVVtWXCQHBRKSZN3Xfm.fZBRnpEoQT67CqoGn/xEAVXtU.LiiSy'),
(18, 'user+17', 'user+17@email.com', '$2y$13$0Hf5jNbP.XnAJF/h9nGYTOdDFhEpTaL5SFoOm3eebIgGZVmXKCEzq'),
(19, 'user+18', 'user+18@email.com', '$2y$13$XdUM1BcAHfundzBwj0noi.Ibzphg0m24Ogv7Ez0zBLwclk6pIM7n.'),
(20, 'user+19', 'user+19@email.com', '$2y$13$kxxTZHiRgrxvJnksPs9zGOb7EEMb.UCBadtQu60whRJFZYFMEGmZa'),
(21, 'user+20', 'user+20@email.com', '$2y$13$K4filwLPQuviL2e3/R7hKee8B8N6BYx5TpsL9gg/SUWSJrDc0vAP2'),
(22, 'user+21', 'user+21@email.com', '$2y$13$XvGNjGOjq/d/A1/FUkTgCeJ1OMy3TEct8l4sFYTiuID/TxJkB6edG'),
(23, 'user+22', 'user+22@email.com', '$2y$13$utnmzwSY/HO8jYKeeSsIIu3kYOlyLXbcDt2WzC9k/JtFjo2weeJxi'),
(24, 'user+23', 'user+23@email.com', '$2y$13$Rm9t.vJG66uoVhiCZxHvte8T5BcgNTRu36/vzARJNhZd1br5Ybaha'),
(25, 'user+24', 'user+24@email.com', '$2y$13$OnsEoW3QWIomSCVBuGLnf.jfLwa.Adm48yUUyCJfTcr9mSRHg2/Ji');

-- --------------------------------------------------------

--
-- Structure de la table `video_game`
--

CREATE TABLE `video_game` (
  `id` int NOT NULL,
  `title` varchar(100) COLLATE utf8mb4_unicode_ci NOT NULL,
  `image_name` varchar(255) COLLATE utf8mb4_unicode_ci DEFAULT NULL,
  `image_size` int DEFAULT NULL,
  `slug` varchar(255) COLLATE utf8mb4_unicode_ci NOT NULL,
  `description` longtext COLLATE utf8mb4_unicode_ci NOT NULL,
  `release_date` date NOT NULL COMMENT '(DC2Type:date_immutable)',
  `updated_at` datetime DEFAULT NULL COMMENT '(DC2Type:datetime_immutable)',
  `test` longtext COLLATE utf8mb4_unicode_ci,
  `rating` int DEFAULT NULL,
  `average_rating` int DEFAULT NULL,
  `number_of_ratings_per_value_number_of_one` int NOT NULL,
  `number_of_ratings_per_value_number_of_two` int NOT NULL,
  `number_of_ratings_per_value_number_of_three` int NOT NULL,
  `number_of_ratings_per_value_number_of_four` int NOT NULL,
  `number_of_ratings_per_value_number_of_five` int NOT NULL
) ENGINE=InnoDB DEFAULT CHARSET=utf8mb4 COLLATE=utf8mb4_unicode_ci;

--
-- Déchargement des données de la table `video_game`
--

INSERT INTO `video_game` (`id`, `title`, `image_name`, `image_size`, `slug`, `description`, `release_date`, `updated_at`, `test`, `rating`, `average_rating`, `number_of_ratings_per_value_number_of_one`, `number_of_ratings_per_value_number_of_two`, `number_of_ratings_per_value_number_of_three`, `number_of_ratings_per_value_number_of_four`, `number_of_ratings_per_value_number_of_five`) VALUES
(1, 'Jeu vidéo 0', 'video_game_0.png', 2098872, 'jeu-video-0', 'Doloremque natus consectetur ab ut maxime corporis est. Aliquam ut itaque necessitatibus temporibus autem consectetur et. Soluta repellat est sint voluptatum culpa. Rerum cumque fuga facere architecto numquam voluptatum et.\n\nAut aut reiciendis magnam ipsum non magnam. Voluptatem culpa ut ad quia nulla expedita atque. Expedita dolorem assumenda assumenda amet odit eum eligendi. Aut voluptas et et nobis rem hic a.\n\nImpedit iusto exercitationem eos omnis. Aliquam nihil quasi quam repudiandae. Maiores dignissimos mollitia porro quod id sunt.\n\nNihil quo cupiditate eius exercitationem animi. Aut suscipit odio amet. Magnam provident dolorum consequatur aperiam nihil et.\n\nQui omnis molestias ut nihil velit accusamus. Quod nisi fugiat voluptatem rerum qui vel. Exercitationem quia sequi reiciendis provident doloremque sint. Et et odit totam deserunt magni ut nostrum.\n\nConsequatur assumenda nisi alias iste. Modi nihil ut velit dolores voluptate illum. Voluptate est maiores id assumenda quibusdam iste. Et et sint consequuntur doloribus dolore sed nam.\n\nMinus modi ullam voluptatem repudiandae voluptate numquam. Deleniti perspiciatis aut dolorum et molestiae. Ut molestias et autem deleniti nesciunt blanditiis.\n\nOmnis aliquam voluptatem aperiam nemo repellat. Sed exercitationem vel voluptas praesentium recusandae. Similique enim voluptate officiis ipsa architecto. Molestiae laborum labore voluptatem et et.\n\nTemporibus excepturi sint laborum est aut. Ut in eveniet nam est molestiae. Tenetur omnis sit suscipit dolor sit dicta.\n\nVoluptatem qui et molestias tenetur fugit tempore. Distinctio et unde quis sunt beatae est. Est consequatur qui provident est dolorem mollitia. Ut sapiente et ea magnam magni rerum laboriosam aut.', '2026-05-11', '2026-05-11 12:05:43', 'Alias minima dolorum libero consequatur. Quae maiores laborum nihil qui veritatis unde sit. Tempora reprehenderit assumenda eius vitae totam optio sint. Dolore eum vero in consequuntur nostrum vero.\n\nIusto voluptatum exercitationem sint. Odio et eligendi sunt voluptas quibusdam sunt. Veniam ut quisquam ut ut sit nobis.\n\nUt earum sed deserunt sed corrupti quam. Blanditiis voluptatum laborum quae aut qui tempora nobis. Architecto quae vel dignissimos est quia dignissimos. Repellat ex exercitationem quidem repellendus temporibus occaecati.\n\nQuam aliquid ut rerum. Iusto minima magnam nihil rerum quae.\n\nItaque dolorum atque magni eum blanditiis non. Debitis vitae et unde voluptatibus cumque. Magnam commodi maxime incidunt cupiditate iusto. Aperiam adipisci et eligendi nobis eum in a.\n\nCorporis ea fugit iste atque officiis eligendi. Enim reprehenderit et quisquam. Excepturi quas sed accusantium. Illum est consequatur omnis rerum laborum est aut dolores. Culpa quia ea odio animi aut.', 1, 4, 1, 1, 0, 2, 1),
(2, 'Jeu vidéo 1', 'video_game_1.png', 2098872, 'jeu-video-1', 'Nobis deleniti omnis possimus suscipit ea. Sunt voluptas velit aut assumenda officiis deserunt autem.\n\nEt ut vitae sed rem et. Inventore fuga qui minima commodi occaecati voluptatum molestiae. Eveniet ut harum sed nulla nostrum.\n\nEt et aut non et nostrum impedit dolor laboriosam. Nam distinctio repellendus necessitatibus et culpa nobis. Architecto sunt ea quae est aut. Ipsam distinctio id esse error ut quidem voluptate aut. Consequuntur consequatur et cum architecto perferendis voluptate quod.\n\nEa laborum est eligendi et consectetur quas. Vero et tenetur tenetur eum. Eveniet aut placeat facere officiis sed inventore.\n\nVeritatis fugiat modi distinctio laborum ratione. Nulla quam et autem perspiciatis quis dolorum. Error est aut nisi voluptas minima minima dolorum.\n\nEveniet sequi et dicta aliquam. Quia quasi tempora provident officia. Sint dolores vero cum ut distinctio ut quaerat vel.\n\nVoluptatum accusamus nemo eligendi quaerat. Voluptatum veniam distinctio aut qui. Corporis consequatur quia aut.\n\nEius exercitationem reiciendis sunt est unde doloremque deleniti. Ut sed eos eos eum et ut. Sit sed non et.\n\nOmnis tenetur recusandae est accusamus reprehenderit doloremque. Et ea cupiditate aut.\n\nIn hic optio repellat voluptatem. Quod perspiciatis hic hic. Aut consequatur ut at. Consequuntur officia eos laboriosam non autem maiores velit.', '2026-05-10', '2026-05-11 12:05:43', 'At sed ut cumque ratione quo. Ab doloremque reprehenderit voluptatem possimus laudantium iste. Exercitationem mollitia consequatur facere porro dolores animi quam voluptas. Itaque eum ex at numquam rerum suscipit.\n\nUt deserunt qui magni. Est autem eveniet aut culpa animi atque. Sed inventore omnis placeat.\n\nAut repudiandae sit enim ea architecto quam eveniet. Perferendis beatae eligendi et non illum aliquam est. Ab voluptatum quis omnis hic. Aut quae eveniet qui suscipit.\n\nMollitia aspernatur esse omnis vel quia est vitae. Veritatis fugiat veritatis earum molestias sunt velit quibusdam omnis. Officia delectus reiciendis voluptas autem eveniet nostrum et similique.\n\nProvident non est exercitationem excepturi quis. Libero dolore omnis officia aut. Consectetur doloremque quo accusantium ad corrupti nulla ut at.\n\nMagni deleniti recusandae maxime ea est. Ut ullam veniam autem illum. Ipsa quidem voluptas repellat laborum reiciendis accusantium eius. Doloribus facere ut et sint alias vel.', 2, 3, 1, 2, 1, 0, 1),
(3, 'Jeu vidéo 2', 'video_game_2.png', 2098872, 'jeu-video-2', 'Placeat veritatis consequatur sit. Doloremque corporis quia omnis. Perspiciatis quia incidunt rerum.\n\nQui id id eaque maiores fuga. Omnis amet illo minima facilis ipsam porro sed ipsum. Nesciunt nostrum quia ipsum delectus. Temporibus fugiat rem perferendis.\n\nAlias optio omnis cum quo. Vel qui ducimus sed commodi qui perferendis. Quo quisquam eligendi non et autem placeat corporis atque. Enim rerum pariatur sapiente autem ut accusamus aut.\n\nNihil rem voluptate esse enim consequatur veritatis ipsam suscipit. Assumenda consequatur nesciunt illum non ut molestias doloremque eligendi. Assumenda est dolores modi id et.\n\nAssumenda voluptates qui repudiandae sint dolorum atque. Incidunt commodi provident cupiditate labore aut. Cum culpa sit quam ducimus.\n\nPerferendis soluta doloribus tempora voluptas. Et rerum officiis soluta ad voluptas error tempore. Repudiandae rerum sit laudantium optio in.\n\nDolore illum fugit corrupti ab molestiae veritatis. Soluta assumenda est vel dolorem blanditiis et perspiciatis. Sed cum molestias accusantium dolorem non itaque blanditiis. Ipsa aliquam laborum et adipisci reprehenderit.\n\nRatione et aut qui quisquam est facilis dolorem mollitia. Qui delectus tempora architecto eius vitae at ut. Alias quis expedita et ea ut alias excepturi. Animi totam sit ea et.\n\nQuia odio dolores vitae dolores minima corporis. Consequatur et sed commodi at. Dolorem at eum repellendus deleniti. Eos repellendus rerum facilis. Dignissimos commodi pariatur minima aperiam.\n\nRepellat illo laboriosam et natus quibusdam temporibus. Officiis et nemo repellat asperiores consequatur.', '2026-05-09', '2026-05-11 12:05:43', 'Aspernatur qui commodi tenetur excepturi ipsam veniam aut. Quae vero eligendi officiis aliquid labore.\n\nDignissimos sint sunt hic optio. Nam iste aut nam illum. Omnis odit suscipit consequuntur saepe sit cum ea omnis.\n\nAliquid officia similique voluptas odit debitis quis. Modi qui tempora et aspernatur voluptatem eos voluptate deleniti. Modi tempora et facere.\n\nHic unde ea rerum maiores dolorem. Veniam tempora quis nemo provident ut laboriosam. Praesentium et dolorem ab sunt dolor voluptas enim. Dolores dolorem aut iste ut.\n\nBeatae magnam commodi corporis qui vel nemo. Molestias omnis molestias ut vel doloribus inventore qui necessitatibus. Aut voluptas officiis magnam praesentium dolorem tenetur.\n\nRepellendus dolorem sapiente magni voluptatem. Consectetur corporis sed voluptas qui. Sed deleniti harum omnis.', 3, 4, 0, 2, 1, 1, 1),
(4, 'Jeu vidéo 3', 'video_game_3.png', 2098872, 'jeu-video-3', 'Aperiam ratione quibusdam fuga cumque et. Magnam aut quo sequi et. Consequatur neque atque omnis nihil voluptas optio aut. Cum ea sit iusto sint culpa quo rerum. Nemo numquam quae amet aperiam.\n\nVoluptas et iste eum corrupti sed tenetur alias. Est ducimus nihil facilis. Est optio ut labore autem deleniti. Ut ut accusantium repudiandae.\n\nEligendi provident illum ratione quo iste corrupti aliquam voluptas. Optio occaecati repellendus aut est sed illum id. Ipsum molestiae deleniti eum corrupti quae hic iusto.\n\nTotam eos alias dolorum omnis consequatur corporis sed. Nulla nesciunt harum dignissimos laudantium repellendus quod. Quia et at sapiente quisquam qui. Et commodi porro tempora.\n\nSapiente ipsa quo exercitationem dolores. Non iste sequi et eos odit ullam. Dolores et tenetur est et consequatur corrupti.\n\nEt perferendis temporibus quia nihil nihil et. Iure dolore aut quia non deserunt ipsa. Sequi harum adipisci dolor qui quod. Molestiae nobis sed omnis iure modi dolores quam.\n\nDicta fuga id voluptatem. Autem alias rerum veritatis aut nihil et consequatur. Sed rerum sunt aut illum odit recusandae. Iusto tempora eaque eveniet dolor. Enim natus in quia ducimus.\n\nNecessitatibus rerum nisi incidunt maiores dolorem. Nesciunt aut quaerat aut non debitis ut. Accusantium voluptatem id numquam esse officia consequatur esse veritatis.\n\nEt voluptas tempora labore dolores. Perspiciatis harum fugiat sint doloremque cumque vel dolorem. Alias perferendis pariatur sed aut et laborum quae. Quaerat quos ut temporibus distinctio rerum.\n\nConsectetur ad aliquam necessitatibus iste recusandae qui voluptas et. Nobis nam sed nulla. Est unde unde cum commodi pariatur similique quasi. Vel minima hic enim incidunt aut velit.', '2026-05-08', '2026-05-11 12:05:43', 'Suscipit impedit voluptatem aut saepe unde repudiandae. Dicta aut quae ut labore magni aliquam. Officiis accusantium eligendi excepturi.\n\nDoloremque mollitia tenetur dolor ea illo omnis commodi. Nostrum corrupti qui dolores quas hic et. Eum reprehenderit harum aspernatur quas.\n\nEt sunt voluptatem alias ex voluptatem autem. Esse explicabo voluptatem non eum expedita et eius tempora. Quia sequi modi sapiente et voluptatum rerum sapiente occaecati.\n\nQuod voluptatem impedit excepturi doloribus est et. Et blanditiis et laboriosam et. Recusandae doloremque repellendus quos ab rem ipsum.\n\nSed rerum officiis voluptates quo ut alias. Laboriosam mollitia cumque qui quo cum reprehenderit nostrum. Iste aut facilis suscipit voluptatibus.\n\nQuo velit voluptas culpa. Eos perspiciatis velit id eius ratione ut. Aliquam sint et aperiam error deserunt. Culpa veniam adipisci dolore voluptatum dolorum dolore impedit occaecati.', 4, 4, 2, 0, 0, 1, 2),
(5, 'Jeu vidéo 4', 'video_game_4.png', 2098872, 'jeu-video-4', 'Sit vero rerum aut quis quia. Porro ut est qui voluptas minima. Veniam vero voluptas non recusandae. Aliquam harum voluptate ab qui et eaque. Error tenetur labore consequatur unde.\n\nReprehenderit maxime ea hic accusantium nisi et. Illo ut aliquam qui molestiae molestiae. Rem est eos doloremque ullam debitis fugit ad. Est provident sit sit id qui earum fugiat.\n\nAtque alias impedit quibusdam rem sequi vel. Sint qui adipisci et eum. Voluptatibus velit tempore aspernatur neque.\n\nMagni vel in voluptatibus illum sed et. Velit sapiente molestias ipsam omnis aut. Dolores accusantium id pariatur esse qui iure atque. Dignissimos minima dolor odit nisi et tempora quo cupiditate.\n\nRatione est sed nobis nemo harum voluptatum. Explicabo eum rerum similique esse enim recusandae. Nostrum iusto autem optio explicabo est.\n\nNam rem earum quia tempora quasi vel perferendis. Possimus voluptatibus aut doloribus officia in hic velit. Repellat aut ipsa reiciendis vel quos et.\n\nFugiat in facere et at magni animi rem quibusdam. Alias vel rerum a earum optio et. Eum doloribus quasi iste ullam.\n\nQuis sed qui facere beatae. Adipisci quis voluptas voluptates omnis eaque placeat quia. Voluptatem ex omnis possimus. Eos ut quod nemo asperiores dolor.\n\nEt error quis molestiae rerum ipsam illo. Unde voluptas eos aut vel ea temporibus quibusdam. Harum velit est omnis quas fugit eos mollitia molestiae.\n\nAut occaecati et non perferendis non consequatur. Sunt et natus repellat alias sed quia. Maxime sapiente qui est excepturi labore et.', '2026-05-07', '2026-05-11 12:05:43', 'Facilis nulla dolor at enim beatae totam illum. Quam qui facere dolores et.\n\nQuasi ut vel dignissimos quas minima sed ut. Asperiores non aut eos quis earum repellendus qui.\n\nRepellat molestiae dolorum velit veniam ratione. Repellat explicabo aperiam in non officia alias. Recusandae rerum corrupti omnis omnis quia excepturi tempora.\n\nVeniam dignissimos vel dolores ut molestiae. Repellat aut ut alias. Officia quae ipsum itaque nulla. Dignissimos libero iure aliquam facilis at repellendus.\n\nCumque ex dolorem deleniti repellendus perspiciatis sapiente dolorem. Saepe veniam numquam libero voluptatem aut. Est est ea est et atque et. Amet et necessitatibus nostrum. Nihil impedit fugiat similique ad impedit.\n\nConsequatur ea consequatur deleniti explicabo porro hic minus. Assumenda eaque voluptatem sit adipisci perspiciatis nesciunt. Ut dolor deleniti vel voluptate quia facilis adipisci.', 5, 4, 1, 0, 1, 2, 1),
(6, 'Jeu vidéo 5', 'video_game_5.png', 2098872, 'jeu-video-5', 'Dignissimos quos nobis qui. Nesciunt dolores non ab dolores modi. Vel consectetur blanditiis est quae tempora.\n\nEa fugiat omnis sit consectetur quasi. Qui enim itaque soluta aliquam sunt saepe. At porro ut itaque et non maiores. Asperiores porro qui eveniet est laboriosam odio soluta voluptate.\n\nConsequuntur et et modi voluptatem voluptatem quaerat quis. Architecto illum nesciunt inventore aspernatur facere. Commodi aut omnis eligendi tempora. Ullam perferendis amet et excepturi tempora ut accusamus.\n\nAnimi est consequuntur beatae consequatur vero aut. Nihil quae et est quis dolorum ipsam. Neque enim in itaque qui dolores. Perferendis est aut incidunt atque vero unde. Eum earum voluptas vel possimus.\n\nAut doloribus ut consectetur quisquam magnam fuga. In dolorem omnis quis soluta quae dolore. Atque perferendis nobis eveniet qui suscipit.\n\nCorrupti accusantium harum repellat numquam pariatur. Odio sit repellat aut qui molestiae quae maxime.\n\nSit voluptatem consequatur numquam non quo eaque. Alias perferendis rerum sit id non aut. Expedita asperiores facere corporis tempore iure.\n\nRerum iste porro quae odio. Voluptates voluptas molestias consectetur est. Sed at maiores recusandae facilis adipisci sunt.\n\nUt quia et facere quo vero sit. Velit sed ut possimus quasi a numquam. Enim optio aut repellat deserunt quasi pariatur.\n\nEt nihil mollitia reprehenderit ut. Consequatur aliquid vel aut voluptatum. Quisquam accusantium aut qui debitis deleniti. Vitae consequatur dolore quis dolores et corporis excepturi.', '2026-05-06', '2026-05-11 12:05:43', 'Tempora fugiat possimus saepe porro qui neque. Illo saepe voluptatem quis. Eum magni voluptates incidunt quas ut qui et. Eligendi aliquid ipsum sunt eveniet ab cupiditate veniam.\n\nDolor sapiente veniam sunt qui ab rerum saepe. Id alias et fugiat aliquid hic necessitatibus sed architecto. Optio reprehenderit voluptas earum neque. Natus nemo autem accusamus.\n\nQuisquam numquam quo quibusdam quia qui omnis enim. Cumque molestias aspernatur ipsa voluptatem culpa voluptatem sunt. Quo dicta maiores sunt.\n\nOmnis aut suscipit ut porro consequatur cum fuga. Alias aut reiciendis minima perferendis id recusandae. Non dolor molestias sint alias possimus at. Explicabo laudantium nostrum rem ipsum molestias perferendis. Autem omnis cum provident quia eum.\n\nQui harum non error id omnis quia non. Et molestiae accusantium vero tenetur facere adipisci placeat. Tenetur libero nam ipsam accusantium iusto dolore perferendis et. Molestiae non eum delectus ut nihil ipsa.\n\nDolorum eligendi est et neque labore quo. Vel sunt aut illo id nobis sed esse. Atque quia asperiores sed sit. Possimus quos magnam quaerat exercitationem quisquam et. Autem voluptas rem quidem sint incidunt natus.', 1, 3, 0, 3, 0, 2, 0),
(7, 'Jeu vidéo 6', 'video_game_6.png', 2098872, 'jeu-video-6', 'Aut tempore facilis omnis dolorem illum ad quia. Non incidunt omnis ut recusandae qui quia. Et ea ex dolor totam qui in. Mollitia voluptate ut cumque eius et.\n\nFacilis odit impedit quisquam praesentium repudiandae. Non enim placeat facere tempore veniam. Cum nostrum molestias voluptatem qui non illum. Laboriosam sed quos dolores sit architecto numquam.\n\nError occaecati laudantium exercitationem atque. Commodi rerum ea eveniet at iure qui blanditiis. Perferendis cumque inventore reiciendis et qui occaecati reiciendis.\n\nMolestiae dolore et dolorum ad hic voluptas consequatur. Quasi sit quae sit incidunt excepturi ut ipsum. Sequi fuga autem quo sed sed sint. Delectus at ducimus dolorum qui natus. Est omnis ex sapiente et in deleniti quibusdam.\n\nLaudantium ut deleniti veritatis itaque explicabo rem numquam hic. Ea culpa enim architecto ab deleniti omnis. Et dolores aperiam in sit qui non aut pariatur.\n\nEt quo consequatur animi sunt ipsa magnam repellendus. Ratione commodi consequatur quia eius laboriosam.\n\nMolestias culpa laboriosam quisquam ab qui iusto. Sint ullam explicabo porro voluptas necessitatibus. Consectetur qui saepe minus in est voluptatibus aut nisi. Ullam necessitatibus similique sit veritatis incidunt eos.\n\nEa rem incidunt reprehenderit saepe quo illo natus sunt. Dolore deserunt voluptatibus nihil. Iusto nesciunt natus dolore nulla. Et impedit quo vero porro ut quam.\n\nCupiditate voluptas qui et sed asperiores id eum repellat. Dolor rerum quas porro voluptates quibusdam rerum repellat est. Molestiae dolore aut est error ducimus voluptatibus et sit. Laboriosam nemo qui assumenda quia.\n\nEt fuga magnam rerum omnis. Assumenda quos dolorem tempora. Nisi praesentium amet eius sed omnis commodi qui. Corporis tenetur iure eos unde totam beatae enim.', '2026-05-05', '2026-05-11 12:05:43', 'Est quaerat sit ex suscipit. Eligendi aut ut nam explicabo qui cumque. Beatae quia deleniti repellat sed. Consectetur illum qui pariatur delectus voluptas voluptatem porro similique.\n\nEt quam dolores dolor blanditiis laborum id. Autem sint nam est voluptatibus officiis consequuntur. Perferendis eveniet quo unde earum quaerat possimus reiciendis. Consequatur non et voluptates totam enim.\n\nConsequatur dicta molestias non nisi ut velit. Aspernatur qui maxime sint eos necessitatibus praesentium et. Cum dignissimos ad voluptatem voluptatem necessitatibus sed omnis.\n\nNecessitatibus unde perspiciatis laudantium voluptas. Inventore eos qui culpa. Quo sit occaecati maiores necessitatibus non. Tempore eveniet nam sunt. Aliquam sit earum iusto nesciunt voluptates adipisci at.\n\nEt quisquam vitae natus corrupti. Incidunt qui sit vitae sint tempore fuga. Non dolores molestias aut sunt. Cumque consequatur voluptatem natus quos quis. Porro ut esse aut voluptatem aut.\n\nMagni minima aut aut vitae rerum quia cum. Impedit dolore in et voluptas dolores. Culpa ex dolorem est ullam expedita quos reiciendis expedita.', 2, 5, 0, 0, 1, 1, 3),
(8, 'Jeu vidéo 7', 'video_game_7.png', 2098872, 'jeu-video-7', 'Impedit natus qui possimus amet. Atque dolor est labore aut. Ea eius harum nesciunt dolor vel temporibus. Expedita enim velit nostrum magnam aspernatur et.\n\nQuae qui qui molestiae. Dolorem expedita ullam provident quis distinctio natus sit. Qui non iure a accusamus consequatur exercitationem.\n\nCumque illum consequatur quasi veritatis voluptatum animi sed sapiente. Et consequatur velit itaque inventore perspiciatis non dolorum quo. Id repudiandae ducimus est aut. Sed officia odit autem quis.\n\nHic a minima et aut aut placeat aperiam eveniet. Omnis et eius quia nam non non modi. Occaecati accusamus temporibus dolores dolorem fugiat quia aut. Dolor vel quis est rerum repellendus dignissimos quae amet.\n\nEa ut voluptate natus inventore. Ut debitis assumenda amet aliquid aspernatur similique nostrum. Blanditiis et necessitatibus quibusdam sit consequatur deserunt non.\n\nExplicabo veniam inventore molestias dolores. Doloribus nemo officia ea aperiam est et. Autem facilis ex corporis veniam rem dignissimos omnis.\n\nQui quam porro consequatur sapiente. Eligendi necessitatibus a ab dolore illum exercitationem nihil dignissimos. Et praesentium quod consectetur qui esse. Fuga deserunt voluptatibus officia veniam id vitae cumque.\n\nEt in nobis quo architecto vitae perferendis iure. Ut occaecati aut sunt ut aut suscipit. Sed nesciunt assumenda saepe unde sit. Quia quis aperiam minima provident commodi doloremque.\n\nReiciendis rerum autem iusto. Quibusdam eligendi vel nobis et sint. Doloremque quo eaque alias perspiciatis suscipit at.\n\nUt sapiente qui dolorem est quos sed ut. Dolorem voluptatibus tempora quae id sed non et. Explicabo aut praesentium consectetur ullam quia aut eum.', '2026-05-04', '2026-05-11 12:05:43', 'Labore quisquam aspernatur est delectus. Impedit quia sunt adipisci deserunt aspernatur quia eum possimus. Harum cum error voluptatem cupiditate.\n\nAutem reiciendis ipsa doloribus aperiam. Quos optio molestiae nostrum. Ut dignissimos impedit vel tempora.\n\nQuis fugit provident ipsa ab cupiditate incidunt. Et error voluptatem a sit consequatur. Et facere non reprehenderit est qui aliquid. Autem et tempora repellat molestias aliquid.\n\nUt reiciendis aut aut dolor. Esse quaerat nobis veritatis sit incidunt. Eius ut eos officiis nemo praesentium.\n\nSit pariatur eius modi ut quaerat excepturi blanditiis. Animi fugit rerum suscipit et. Ut quia fuga reprehenderit ut ipsum aut vitae.\n\nUt repellendus at reiciendis. Voluptatem quis aut minus aliquid. Ipsum commodi debitis praesentium. Quidem accusamus temporibus explicabo dolorum dolorum aperiam.', 3, 3, 1, 1, 1, 1, 1),
(9, 'Jeu vidéo 8', 'video_game_8.png', 2098872, 'jeu-video-8', 'Adipisci sed vero ut sint molestiae optio vel sit. Esse facilis aperiam voluptatum hic totam quas dolor. Consequatur sunt voluptatum debitis ipsum eligendi illum. Ratione dolor et repellat et occaecati est.\n\nBeatae molestiae unde veritatis fugit necessitatibus et ullam. Harum sit et nostrum blanditiis temporibus quam eaque. Ea laudantium sit repellat dolorem saepe voluptate.\n\nCumque aut laboriosam voluptatem vero quod maiores perferendis quo. Quod consequatur similique aperiam accusamus molestias ut saepe. Non qui enim iure et consequatur quis. Corporis qui sed explicabo odio ab occaecati magni.\n\nAut dolores dolorum adipisci deleniti itaque. Amet accusantium unde quod voluptates nisi.\n\nEst recusandae id minima architecto commodi ipsa. Voluptas qui facere ipsam quasi. Non sed sed voluptas in. Quasi fugiat veritatis sed et eum nostrum blanditiis.\n\nExercitationem voluptatem ea blanditiis voluptas animi non impedit. Ullam consequatur quae aut reiciendis. Totam architecto amet voluptatem velit mollitia esse est. Molestias incidunt consequatur ab totam et doloribus.\n\nIn id cupiditate ratione enim nobis praesentium dolor. Expedita aliquid nam expedita illo vero eos nobis doloremque. Sit velit quo magnam veritatis aut. Quidem aperiam ut ad voluptas.\n\nQuis dolorem expedita neque quaerat perspiciatis consequatur. Nesciunt qui doloremque sit omnis est similique. Rem deleniti distinctio ab eligendi. Quas qui sed sunt unde omnis.\n\nIpsum consequatur aspernatur vel veritatis. Libero quo dolor quis repellat ut suscipit consequatur rerum. Ad recusandae molestias et sed qui perferendis. Et qui quia cumque autem.\n\nRepudiandae iusto expedita autem dolor id ea maiores soluta. Hic et dicta fuga numquam nihil aliquam vitae. Blanditiis voluptas vel laudantium consequuntur.', '2026-05-03', '2026-05-11 12:05:43', 'Explicabo est culpa nisi libero repellendus cumque. Ut quam maxime blanditiis laborum et itaque et et. Maiores inventore natus quae cum neque id ea. Deleniti tenetur placeat sed omnis.\n\nVoluptatem iure molestiae non provident enim. Perferendis omnis ea consequatur temporibus unde et reiciendis. At ut rerum ratione sit et velit.\n\nSint ratione deleniti est voluptas quos. Est nesciunt ullam sed enim tenetur rem eius. Minima minus voluptas vel molestias sit. Asperiores et tenetur enim reiciendis quam omnis.\n\nSequi blanditiis aut ex a animi. Id nisi id quia vitae velit nulla. Ut non pariatur velit velit modi. Unde non est beatae ipsam sed exercitationem aut.\n\nVoluptas ipsam fuga sunt temporibus eum aliquam odit. Veritatis corrupti consequatur sed enim. Impedit id voluptatum error quibusdam voluptatum commodi.\n\nEst dicta qui nisi nemo ut. Expedita in ullam aut totam inventore dolor. Voluptatem sequi saepe ipsa laborum labore et veritatis. Corporis ut reprehenderit dolorem accusantium quis eius rem excepturi.', 4, 3, 2, 0, 2, 0, 1),
(10, 'Jeu vidéo 9', 'video_game_9.png', 2098872, 'jeu-video-9', 'Atque dolores rem fugiat et dolore cumque doloremque. Suscipit sint est tempore quidem aspernatur vel accusamus. Dolorem et in aspernatur doloribus voluptas.\n\nQuis quia aliquid iusto enim magni eos. Non labore dolore iusto. Iste soluta id laborum distinctio rerum.\n\nNeque similique voluptatibus aspernatur incidunt fugiat voluptatibus minus temporibus. Ea ratione saepe et. Culpa vero dolorum quo maiores soluta eaque non officiis. Aut aut ipsa rerum voluptates labore assumenda aut.\n\nDolores ut nemo sed sint sunt ipsam. Unde vitae voluptas in quisquam nihil. Autem blanditiis perspiciatis alias. Tenetur culpa cumque placeat amet aut.\n\nPerspiciatis enim sint rerum. Et ipsam quidem illum unde. Atque eum perspiciatis repellendus nihil quo. Itaque doloremque qui assumenda vero eaque est.\n\nOmnis a laudantium voluptatem totam. Quia inventore ab aut et inventore ad. Perspiciatis aut dolores et ratione. Dolores excepturi eum distinctio incidunt consectetur numquam unde.\n\nVoluptate quidem fugiat accusantium asperiores. Minus ut necessitatibus voluptatum ipsa minima.\n\nConsequatur magnam autem architecto eum labore ut quo. Dolores molestias esse laborum dolor vel. Quibusdam rerum beatae doloremque eius fugit aperiam. Rem in sapiente itaque repellendus.\n\nEum dignissimos sequi molestiae earum. Voluptas et vel officia sapiente possimus quidem in. Quia suscipit est architecto delectus facilis ipsam. Laboriosam quasi sint odio perspiciatis sit.\n\nAnimi dolor ut quis quibusdam excepturi adipisci. Sunt sint sint aut nostrum odit sapiente enim. Veritatis id quia neque.', '2026-05-02', '2026-05-11 12:05:43', 'Quaerat rerum impedit voluptas temporibus. Voluptates nihil omnis nam cumque in. Asperiores ipsum et inventore est hic voluptas.\n\nError cupiditate qui corrupti et fuga. Maxime et reprehenderit rerum adipisci. Recusandae repudiandae ut impedit quae labore enim maiores qui.\n\nVoluptatibus nam ut impedit nam. Officiis officia autem sint hic rerum facere. Reiciendis dolor commodi quisquam beatae facilis nobis et. Aliquam facere mollitia suscipit delectus.\n\nDolor iusto soluta odio facilis. Rerum cum aut ex est recusandae. Beatae non in incidunt maxime recusandae esse. Consequatur sed voluptas sit nemo dolor repellendus quo repellendus.\n\nAut nam porro expedita aut. Exercitationem deserunt impedit quia temporibus qui ducimus nemo. Facilis alias vel id pariatur eos provident. Molestiae culpa veniam expedita rerum.\n\nNon aspernatur quod sed hic quo. Qui aspernatur iusto consequuntur minima aliquam. Repudiandae facilis ut iste et quo. Deserunt id tempora sit et quas dolor animi.', 5, 4, 1, 0, 1, 3, 0),
(11, 'Jeu vidéo 10', 'video_game_10.png', 2098872, 'jeu-video-10', 'Quis quos accusamus officia nihil dolor. Reiciendis est commodi porro molestiae possimus. Reiciendis id rerum inventore labore ducimus. Est consequatur et rerum aperiam velit optio praesentium.\n\nOdit perspiciatis facere iure ut et debitis odio. Accusantium recusandae quae nobis omnis reprehenderit. Rem et dolor labore necessitatibus est nulla perferendis.\n\nDolor modi debitis voluptas nihil. Nihil necessitatibus ut doloremque sint aut qui. Rem alias facere dolorum optio aliquam. Et ducimus sequi ea veritatis eveniet temporibus quasi.\n\nVoluptas sed consequatur corporis quos quod laborum. Ut voluptates ex consectetur necessitatibus. Voluptatum quisquam sint sunt natus. Tenetur corporis sit minima saepe iure fugit.\n\nCommodi et vitae ut. Earum ut est provident quo. Ipsa fugiat mollitia enim est itaque error rerum.\n\nCum qui quia maxime veritatis libero. Natus distinctio voluptas nostrum perferendis totam. Repudiandae recusandae quam velit provident dolores et ut magni.\n\nAliquid magni et fuga qui. Reiciendis labore quae quo sequi voluptates esse eos. Quis voluptate aut et neque labore.\n\nVelit repellendus at eum minus aliquam rerum quo. Ipsa consequatur non molestiae omnis. Cupiditate consequatur qui ducimus aut magnam quibusdam ullam vel.\n\nDoloribus magni labore quis ducimus qui. Illum aut vitae voluptatem iure similique. Vitae error dignissimos veniam aliquam adipisci id dignissimos. Pariatur placeat possimus et cupiditate consectetur vero non quia.\n\nReprehenderit suscipit facilis ullam aliquid nesciunt iste. Qui harum totam hic itaque odio culpa doloremque. Natus fuga repellat consequuntur dolorem eveniet doloribus eum.', '2026-05-01', '2026-05-11 12:05:43', 'Odio facilis repellendus non. Odit velit voluptates enim fugiat cupiditate. Sed quia quisquam dolorem quo totam quia. Non corporis sapiente voluptates velit officia et.\n\nQuasi et perspiciatis corporis. Qui cumque consequatur doloribus. Molestiae aut iure omnis corporis voluptates perferendis distinctio nesciunt. Qui voluptatibus ea vero voluptas deserunt quos dolor. Est adipisci veritatis neque modi vel et fugiat.\n\nReiciendis placeat voluptas nulla eum. Est quia quas nihil voluptatibus. Fugiat placeat quod voluptatum et numquam est expedita. Est eum libero eius nihil dolor impedit.\n\nLaboriosam deserunt dolor earum nulla vitae. Aspernatur aut et quisquam cupiditate debitis quo rerum eaque. Architecto amet quaerat quaerat. Magnam nobis perferendis est quidem ut reiciendis.\n\nDolore ut recusandae fugiat qui debitis totam corrupti. Et possimus in earum quia incidunt. Culpa ad et maxime in.\n\nDicta molestiae magni sint ut nemo blanditiis. Porro impedit sequi quos et. Quas quos id amet magnam ipsum.', 1, 3, 0, 3, 1, 0, 1),
(12, 'Jeu vidéo 11', 'video_game_11.png', 2098872, 'jeu-video-11', 'Minima dolor quaerat est ut ad nam minus aut. Minima aliquam aut cupiditate voluptatem unde adipisci excepturi. Ratione iure exercitationem officiis rerum. Libero ducimus et laboriosam est est quia est.\n\nSit necessitatibus laudantium maiores accusantium ut sit qui iusto. Quia quam doloremque tempora amet.\n\nItaque officiis minima animi id nemo sit mollitia. Incidunt minus nam necessitatibus repellat explicabo perferendis corrupti dolorum. Enim laborum placeat quas quia voluptas deleniti odit. Et placeat ut amet nisi consequuntur.\n\nEt odit sequi voluptas sed fugit. Quod harum ipsa aut architecto sint. Nemo qui vitae enim explicabo. Eum dolor ut quia quaerat non quae fugit.\n\nAutem velit ut qui nesciunt alias consequatur inventore nihil. Magni incidunt sint sint atque aliquid. Harum in nihil et vel nam cumque in. Quo molestias voluptate et quisquam dolorem ut.\n\nFacilis accusamus ad corrupti sit. Voluptate id accusamus est molestiae et corrupti ut. Temporibus quas rem fuga quod.\n\nMaxime beatae ipsum iure soluta. Dolore commodi et aut soluta ipsum sunt in rem.\n\nSit in dolore blanditiis nam. Eius animi quae explicabo. Praesentium rerum et delectus aut similique ea qui.\n\nItaque dolores expedita vitae odit. Consequatur et laudantium molestiae et. Quos quia illo aspernatur nulla voluptas.\n\nQuasi consequatur cupiditate rerum quidem quas. Omnis esse quaerat quam molestiae autem aut. Non dolorum impedit assumenda eius ea. Quas dolore sit quia dolorem possimus iure itaque.', '2026-04-30', '2026-05-11 12:05:43', 'Harum quia est perferendis impedit magni voluptatum. Et maxime vero non error autem eius est. Corrupti numquam laudantium laudantium. Dicta aut est et enim nihil error.\n\nNihil vel eligendi unde at itaque. Facere eius voluptas voluptas fugiat. Error et dolor commodi mollitia soluta fuga. Qui maxime labore earum et et excepturi. Et quod dolor qui iusto doloribus similique.\n\nDeserunt quia omnis aut laboriosam laudantium id. Doloremque est qui non labore consectetur sed. Itaque illum nihil nihil iusto nihil numquam. Repellendus odit possimus et sed deleniti voluptatem.\n\nQuisquam adipisci voluptate ullam doloremque optio rerum. Beatae libero sequi autem rem veritatis dolorem. Distinctio pariatur tenetur laborum repudiandae et.\n\nSed laboriosam nulla sed. Nisi ullam qui quia perferendis.\n\nFacilis velit est ut et recusandae mollitia vitae. Vitae architecto illo quia. Et aperiam veniam eveniet esse. Ipsam distinctio sequi vero qui ut laboriosam.', 2, 2, 3, 0, 1, 1, 0),
(13, 'Jeu vidéo 12', 'video_game_12.png', 2098872, 'jeu-video-12', 'Assumenda consequuntur vero impedit eum enim recusandae quas. Pariatur ea soluta molestiae nostrum atque voluptatem. Deserunt quasi ad voluptatum est architecto. Qui non incidunt occaecati eum sint corporis odit.\n\nDoloribus modi fuga placeat praesentium debitis unde tempora atque. Officia dicta ab rem voluptatem exercitationem molestias. Provident quaerat maxime perspiciatis sit et quia at. Perferendis eaque sunt ex est quisquam aut. Unde qui quos molestiae ea ipsum veniam veniam rerum.\n\nEum odio debitis ut aliquam laboriosam ipsa. Magnam facilis ex rem facere odit debitis.\n\nVoluptatem expedita eveniet blanditiis dolor eum. Qui dolores molestiae aspernatur aut. Saepe nesciunt et cupiditate enim praesentium expedita.\n\nAliquid architecto cumque et esse sunt est dignissimos. Non nemo voluptatem est quia non laudantium. Et dolores qui et error dolor aperiam velit. Quidem possimus quia consectetur voluptas.\n\nId laboriosam aut voluptatibus dolor est illum non. Placeat mollitia quisquam rerum vel. Sit vero repellendus praesentium vero. Et eum perspiciatis a id rerum dolor iure.\n\nAliquam aut placeat expedita cumque. Et omnis molestias quia molestiae illo necessitatibus et.\n\nEum quia debitis eaque voluptate. Necessitatibus nesciunt illum eum minima doloremque sed officia est. Qui repellendus ad voluptatem placeat et corporis.\n\nNatus itaque tempore qui qui dolorum beatae consequuntur. Est sit vero neque qui necessitatibus similique voluptate. Aut hic ea quisquam aut. Repellendus cupiditate rem qui qui quasi.\n\nDolorum perspiciatis qui sint blanditiis. Sint cum eaque et omnis cumque. Dolor harum voluptates repellat quo id omnis et.', '2026-04-29', '2026-05-11 12:05:43', 'Deserunt vitae ratione dolores perspiciatis delectus. Aut est vero perspiciatis praesentium dolore. Est a dolorem nostrum. Soluta voluptates tenetur libero quasi vel.\n\nReprehenderit quo cum mollitia sed. Consequatur libero veritatis odio ut quo aut quae soluta. Sunt a eum fugiat facilis earum quis. A ad exercitationem eligendi exercitationem nulla quidem aut. Tempora cum ut nulla deleniti tenetur molestiae quaerat similique.\n\nEligendi autem aspernatur quasi molestiae. Nam et facere in. Sed dolores pariatur occaecati adipisci nemo quam.\n\nUt dolorem enim non corporis. Sequi dolor quos repellat in dolores. Deserunt sunt illum quam incidunt non.\n\nEt sunt cupiditate culpa aut maxime distinctio eligendi similique. Ut alias vitae accusamus dolore tempore soluta quam voluptate. Voluptatem aut ex autem ab alias. Doloribus ipsa tempora corrupti.\n\nAtque eum voluptas laudantium omnis. Perspiciatis ratione omnis excepturi qui voluptatem qui est at. Facere omnis voluptas repudiandae praesentium aut iure.', 3, 3, 1, 3, 0, 1, 0),
(14, 'Jeu vidéo 13', 'video_game_13.png', 2098872, 'jeu-video-13', 'Neque voluptatem sequi ipsam culpa aut nihil delectus porro. Aliquid doloribus et sit soluta nostrum voluptatibus et. Rem et occaecati nesciunt possimus et fugit.\n\nLibero et nemo at voluptas accusamus ad. Voluptates maiores voluptas in quo natus. Corporis ut reiciendis et vero in dolorem et.\n\nSapiente iusto placeat quo et eos ullam. Voluptas sint tempora aperiam sed consequuntur. Natus perspiciatis occaecati voluptatem quia deleniti architecto autem voluptas.\n\nEius consectetur dolores corporis a aliquid velit vel. Ullam in provident dignissimos et sit eos. Aut sapiente dolorem tempora voluptatum harum eum non cum.\n\nEum esse veritatis recusandae dolor et voluptas quia. Qui a placeat deserunt possimus accusamus doloremque.\n\nMagni eveniet fugit optio accusantium et. Culpa reprehenderit sint debitis illum est. Sed dolores voluptatum et quaerat quo et.\n\nCommodi et dolores animi hic. Non quaerat quibusdam ullam sint est facilis. Vel est maxime et et itaque velit ipsam. Non ut sunt iste facilis ut.\n\nModi repellat autem porro nisi possimus asperiores. A veniam provident non molestiae qui neque cupiditate iure. Suscipit blanditiis nam molestiae veritatis accusamus qui nisi.\n\nConsequatur aliquam tenetur ut eveniet natus totam. Quaerat dolores velit odio ab. Officiis rerum omnis perferendis voluptate quasi. Laborum aut fugit eum.\n\nDolorem vitae ex nesciunt ea est. Voluptatem velit adipisci odit quas ipsa dolorem. Assumenda quis asperiores tempora dolorem maxime expedita.', '2026-04-28', '2026-05-11 12:05:43', 'Provident et perspiciatis quo voluptas. Et aliquam non ea debitis qui. Architecto deleniti eius illo id sint omnis. Esse voluptas maiores dicta est non assumenda quia.\n\nQuo qui ad ut quis natus temporibus eos dolorum. Deserunt iste libero facere ratione vero.\n\nUt quia et accusantium nihil dolorem. Dolorem autem sit et ducimus nostrum. Vitae rerum et qui expedita. Ab in totam ut et.\n\nExercitationem ratione eos neque nobis. Veniam non omnis incidunt tenetur.\n\nEt omnis quae consectetur eligendi. Tempore molestias nobis suscipit dolores nihil quas culpa. Dolores et alias nulla aut voluptatem qui.\n\nLaborum rerum non sit voluptates doloribus. Vitae sunt dolores expedita ut nostrum. Sequi dolorem architecto nisi nihil asperiores impedit.', 4, 4, 1, 0, 0, 2, 2),
(15, 'Jeu vidéo 14', 'video_game_14.png', 2098872, 'jeu-video-14', 'Voluptatem rerum ratione et assumenda suscipit veritatis placeat occaecati. Unde sint in amet et.\n\nFugiat consequatur ad cum eos cumque dicta. Aliquid et aperiam aliquam architecto qui. Quasi ea architecto id consequuntur ipsum est. Quis veritatis et impedit occaecati. Repudiandae porro voluptate quibusdam ducimus qui fugit suscipit.\n\nVoluptatum aut rem omnis id voluptatem. Esse quo enim dolores est soluta eveniet sapiente. Quaerat ipsum qui ut et. A eligendi a hic cupiditate id quia.\n\nMolestias aut doloremque dolore inventore unde iure voluptatum dolores. Omnis et aspernatur placeat rerum. Dolore ducimus quia sit est quam non perspiciatis. Ipsum natus quos voluptatibus non quia reiciendis laudantium. Quos aliquid laborum dolores dolorem illo expedita cumque.\n\nConsequatur voluptatem corporis sequi autem sed. Non et aut atque rem neque sed.\n\nSoluta vel vero et sint. Tenetur enim qui deleniti ut occaecati ad voluptas. Eveniet veritatis sed velit eum amet quia ullam.\n\nAspernatur hic iste exercitationem. Eveniet voluptatem nobis repudiandae voluptate aut aspernatur. Necessitatibus officiis natus commodi consectetur consequatur qui sunt. Repudiandae eligendi saepe voluptatem esse. Nesciunt omnis quo consectetur quia.\n\nCulpa omnis in voluptatem modi molestias aspernatur. Voluptas est at vero aliquam officia voluptas praesentium explicabo. Sed amet voluptates alias qui dicta. Aspernatur nisi adipisci aperiam aut possimus praesentium. Velit consequatur accusantium sunt earum omnis quisquam est.\n\nQui provident et consequatur aut est. Deserunt molestiae error eos perspiciatis perferendis. Et ipsum totam impedit aut impedit.\n\nNostrum aut et asperiores pariatur sequi et. Placeat expedita non ducimus cumque aut. Magni sed error eaque rerum voluptas. Molestiae eveniet velit velit necessitatibus dolorum totam.', '2026-04-27', '2026-05-11 12:05:43', 'Eos nobis voluptatem repellendus qui facere et necessitatibus. Perferendis eaque quo quis in veniam dolores illo. Culpa expedita ut expedita nobis vel perspiciatis enim. Aut occaecati nostrum pariatur esse nobis.\n\nQuis tenetur accusantium quam sed. Voluptatibus molestiae eos ut. Perspiciatis est non enim ullam. Veritatis omnis rerum autem optio et sit est.\n\nQuia quas delectus cum aut consequuntur iure beatae. Magni similique vel tenetur officia est in. Sint sit delectus laboriosam laudantium consectetur.\n\nFugit unde eligendi doloremque consequatur. Et corrupti aut maxime accusantium repellendus. Rerum autem est quod consequuntur dolore asperiores.\n\nAsperiores ut necessitatibus provident. Voluptatem corporis accusamus rerum qui autem facilis. Consectetur dolor beatae expedita quo. Aut amet quia repellendus officia et doloremque commodi.\n\nDicta facere cumque quia. Ea libero animi quisquam amet ullam inventore. Mollitia fugit dicta et maxime vitae aliquam. Modi beatae perspiciatis nobis qui quo est adipisci at.', 5, 3, 1, 1, 2, 1, 0),
(16, 'Jeu vidéo 15', 'video_game_15.png', 2098872, 'jeu-video-15', 'Exercitationem laborum sed ut. Dolorum mollitia atque dolor sit qui ullam eum. Fugit et quod cum eligendi.\n\nTotam amet ut temporibus. Illum quia quo quo dolor enim iste libero. Eum id rerum velit sunt et ducimus odit itaque. Tenetur hic dolores repellendus blanditiis. Quasi ullam vero aperiam.\n\nDeleniti facilis perspiciatis facilis at. Quaerat velit mollitia ipsam blanditiis.\n\nSuscipit reprehenderit ratione quas rerum officia qui. Velit cupiditate autem illo sunt. Beatae error qui vero quia ea tenetur et non. Tenetur neque corrupti debitis commodi voluptate.\n\nExpedita molestias voluptatem in sit sit molestias pariatur eaque. Error enim error saepe odio. Adipisci cum optio voluptatibus itaque voluptas.\n\nEius sint labore ipsum voluptate culpa ullam ex. Rerum vero dolorum enim repellat. Provident deleniti nulla cupiditate et. Vero soluta nihil et dolor doloremque.\n\nEst voluptatem dolor ut. Nemo nulla ut possimus rerum dicta quisquam aliquid. Laborum placeat id voluptatum eum eligendi. Occaecati quas cupiditate id sed.\n\nQuos quasi recusandae nemo fuga magnam repudiandae fuga. Blanditiis in minima ut dolorem voluptas impedit.\n\nArchitecto quo quis at nostrum culpa maiores quia. Perspiciatis quod sed quae sint et eligendi. Asperiores voluptas consequatur quisquam qui autem aut. Officia eveniet similique quis tenetur.\n\nUt cupiditate animi eveniet sed voluptatem omnis minima. Quia molestiae ut dolores quibusdam. Exercitationem vel ut expedita quia rerum. Itaque delectus molestiae rerum repellendus id. Quia et doloribus enim temporibus.', '2026-04-26', '2026-05-11 12:05:43', 'Quia esse voluptatem qui omnis numquam. Vitae unde animi neque eum dolore ab ex. Sapiente aut reprehenderit expedita ut commodi. Aut reiciendis fuga sunt et fugit minus.\n\nQui rerum voluptatem eveniet ut possimus aut tempore vel. Voluptas fugit id quibusdam. Possimus mollitia et ipsam maiores modi quibusdam.\n\nInventore placeat saepe beatae est. Vel et et qui.\n\nAliquid tempore laborum libero possimus officia voluptate quis. Est quis molestias aliquid facilis. Iure nostrum laboriosam voluptatibus id.\n\nDebitis error explicabo placeat sunt. Odio odit cupiditate sint. Eligendi nihil dolor voluptatem molestiae consequatur. Id et qui repellendus quidem. Quidem vel rerum fugiat exercitationem.\n\nIusto accusamus excepturi voluptates est. Dignissimos nisi vel illum qui. Quisquam possimus sit nesciunt expedita quaerat.', 1, 2, 2, 2, 0, 1, 0),
(17, 'Jeu vidéo 16', 'video_game_16.png', 2098872, 'jeu-video-16', 'Maiores ut enim veritatis eius non voluptatem. Aut sed commodi aliquid sit. Quaerat qui aspernatur corporis impedit odit provident. Architecto ea nihil eligendi laudantium et aliquid.\n\nSit libero suscipit consequatur molestias eum. Praesentium a asperiores at et assumenda et. Amet nulla exercitationem in quos rem at perferendis.\n\nVelit quisquam perferendis accusamus eius sed ut distinctio et. Eveniet dolor fugit nisi dicta aut quia. Iure qui maxime deleniti cum qui quas. Recusandae temporibus molestias dolorem dolores exercitationem.\n\nAtque maiores aliquid ut distinctio sunt quos voluptatibus. Ut aut repudiandae illo sed. Pariatur laboriosam eligendi ut aut.\n\nEsse facere autem aut quis quas sint. Repellat aliquam voluptatem delectus vitae enim. Alias doloremque illum et nam inventore.\n\nEt veritatis ut harum aspernatur est maiores. Aut ipsam labore quod provident omnis et delectus. Officiis maiores dolorum sit quis et. Autem atque et et veritatis culpa.\n\nDolore similique quas praesentium sequi mollitia. Corporis a a laborum ut accusantium aliquid at non. Accusamus nostrum placeat neque qui tempore reiciendis.\n\nQui voluptas non est. Enim vel ut aut.\n\nQuia voluptas error repellendus ea dolorum dolores tempora. Ea molestias modi aperiam. Hic eum blanditiis unde.\n\nQuia nisi sit laborum quisquam quibusdam earum. Est recusandae tempora mollitia qui. Sed dolores qui expedita alias molestiae aut voluptates. Nemo necessitatibus et velit id provident.', '2026-04-25', '2026-05-11 12:05:43', 'Aut et id sed aliquid quidem qui. Qui ut quisquam alias ea est reprehenderit. Sit est rerum sint nihil perspiciatis corporis et at. Ullam praesentium dolorem provident at.\n\nRepudiandae quia illo voluptas dolorem aut. Sed voluptatem ut recusandae eos illum. Modi et voluptatem commodi dolore distinctio totam provident. Voluptates voluptatum repellat beatae enim. Et harum laudantium earum beatae libero ut.\n\nPorro labore dolorem voluptas aspernatur omnis dolorem voluptas. Voluptates ut rerum tempore sint eligendi. Nihil quibusdam impedit dolorem aperiam aut nostrum sequi ut.\n\nIste quia ipsam molestias et officia. Praesentium porro sed possimus inventore temporibus sunt porro. Iusto voluptas aliquam est officia dolor dolore.\n\nEnim delectus totam nam omnis. Occaecati et temporibus quaerat laborum. Eos repellat magni aut et.\n\nVoluptatibus dolorem consequatur totam nam cupiditate. Dolores enim labore ab dolores unde culpa temporibus. Molestiae vero cupiditate nemo dolor. Sint sint et error.', 2, 5, 0, 1, 0, 1, 3),
(18, 'Jeu vidéo 17', 'video_game_17.png', 2098872, 'jeu-video-17', 'Aperiam iste nihil est voluptas ut nam. Culpa voluptate earum labore architecto. Asperiores et beatae quidem nihil deserunt autem occaecati. Voluptatem est nostrum iusto deserunt. Et nobis ducimus et quae provident.\n\nEa ad perspiciatis odit quos ut natus. Animi illum amet magnam. Et voluptate sunt non magnam.\n\nMollitia distinctio suscipit sit distinctio quis sed. Deserunt tempore quasi et iusto temporibus voluptate. Tenetur consectetur veritatis quia doloribus illum eos natus. Sint veniam harum necessitatibus.\n\nCupiditate et aperiam reiciendis optio. Rerum placeat dolor expedita ullam necessitatibus.\n\nDicta ab unde ut sit culpa et culpa et. Et esse maiores suscipit iure autem iure. Id assumenda aut ducimus sit aperiam aliquid dolorem.\n\nEa quo et voluptatem laudantium. Incidunt commodi laudantium at corrupti rem voluptatem qui. Maxime quos corrupti omnis quae ex. Quia et impedit omnis odit.\n\nEa consequuntur aut magnam quis architecto quae reprehenderit sed. Repellat tenetur reiciendis praesentium maiores aut eius. Beatae cupiditate distinctio vel minus alias aperiam voluptas. A rerum aut quod dignissimos ullam est.\n\nSit praesentium impedit maxime dolorum omnis quia eum dolore. Non eos deleniti autem provident tenetur. Eos debitis voluptatum incidunt.\n\nQuam eligendi ullam velit neque modi beatae. Sit totam reprehenderit fugiat porro est quibusdam. Veniam est fugiat sed non doloremque minima. Recusandae id minus ducimus et dolores.\n\nNihil quibusdam eveniet voluptatem molestiae hic tempore. Dolorem rerum rerum id in et.', '2026-04-24', '2026-05-11 12:05:43', 'Inventore tenetur et perferendis omnis tempora est eum. Voluptatem minima sed et voluptatem quia quisquam voluptas ratione. Possimus est ea neque a accusamus pariatur rerum.\n\nBlanditiis aut saepe non. Cum ad harum non omnis aut. Minima laudantium veniam veritatis quia voluptas.\n\nCulpa saepe esse voluptatem vel eos. Quidem dignissimos aspernatur consequatur sapiente. Quisquam sint dolor ut reiciendis quis sunt quod.\n\nSunt quis et illo et facere. Optio reprehenderit et necessitatibus debitis animi consequatur. Temporibus atque vel dolorem est.\n\nRerum voluptatem sit amet modi expedita deleniti mollitia. Possimus minima et alias nisi facilis qui quis. Tenetur animi sit voluptas est tenetur repudiandae. Voluptas repellat eaque omnis rerum veritatis soluta.\n\nIpsam est est ipsum aut molestiae consequatur facilis. Officia quidem est tempora eum non quasi cumque. Hic fuga est et praesentium et aperiam excepturi.', 3, 3, 2, 1, 1, 1, 0);
INSERT INTO `video_game` (`id`, `title`, `image_name`, `image_size`, `slug`, `description`, `release_date`, `updated_at`, `test`, `rating`, `average_rating`, `number_of_ratings_per_value_number_of_one`, `number_of_ratings_per_value_number_of_two`, `number_of_ratings_per_value_number_of_three`, `number_of_ratings_per_value_number_of_four`, `number_of_ratings_per_value_number_of_five`) VALUES
(19, 'Jeu vidéo 18', 'video_game_18.png', 2098872, 'jeu-video-18', 'Voluptatem nihil quae recusandae reprehenderit ab. Dolorum ipsum nihil quo molestiae. Ut corrupti enim nostrum quis. Quia laborum dolorem atque rem. Cum optio culpa iure dolorum sapiente excepturi animi repellat.\n\nPorro dolorum quas accusantium cumque. Earum ut aperiam accusamus sed dolores autem eos. Perferendis error velit et dolorem officiis est.\n\nEnim sequi non quas tempora quam. Qui consectetur illum consequatur et officia illum repellat consequatur. Saepe est exercitationem porro rem a.\n\nFacilis ex esse praesentium. Non ipsa aperiam quia nulla similique. Rerum ut magni culpa eum molestiae modi ipsa amet. Itaque similique explicabo distinctio.\n\nAtque et tenetur autem labore. Nihil dolor enim est sequi veniam corporis ratione enim. Esse officia aut in unde odit ipsum quia.\n\nSint vitae voluptas nisi in. Necessitatibus corrupti non molestiae magni sit consectetur. Magnam molestiae qui autem labore id. Occaecati molestiae qui delectus est consequuntur qui voluptatibus.\n\nNon quis cum nesciunt inventore. Quod doloribus rem et consequuntur officiis reprehenderit. Aliquid voluptatem quo modi minus. Sed architecto ad eum aut.\n\nIpsa repellat omnis nulla qui culpa nobis repellendus. Sint rerum rerum et voluptatem adipisci quam ut. Quidem ratione facilis et aliquid beatae earum vitae.\n\nVelit ratione qui labore veritatis. Nisi eos suscipit sed inventore similique quod veniam. Numquam sit libero voluptates tenetur.\n\nBlanditiis fugit aut culpa laborum. Fugiat quis ab eveniet quia magni cupiditate. Qui similique aspernatur voluptas.', '2026-04-23', '2026-05-11 12:05:43', 'Sint eligendi enim repellat. Ipsa occaecati impedit odio quidem dolor esse. Id est porro libero dolores illo et.\n\nIpsum distinctio reiciendis modi pariatur. Saepe consectetur optio pariatur repellat eveniet possimus. Provident consequatur omnis inventore rerum ullam accusamus in.\n\nDolorem aspernatur et error et dolores. Sed repellendus laudantium saepe quia. Nemo quia voluptatem rerum. Soluta assumenda possimus est est.\n\nEt natus autem eaque omnis quaerat sunt. Aut in et sed. Ipsa et neque magnam aliquam sint optio.\n\nOdit consequatur pariatur quas numquam. Dolorum qui quibusdam odit officia odio. Ut veritatis et fugit dolorem odio quia enim.\n\nRepudiandae ipsa voluptatem unde ut eos sequi. Vero itaque consequatur doloribus praesentium impedit qui. Consectetur asperiores laboriosam magnam omnis rerum iusto aspernatur. Sint est eos et eius eos.', 4, 3, 2, 0, 0, 2, 1),
(20, 'Jeu vidéo 19', 'video_game_19.png', 2098872, 'jeu-video-19', 'Ad voluptas dolorem fugit dolorem consectetur. Nostrum repellat nam ut qui. Quia omnis laudantium voluptatum eum minima autem. Sed recusandae voluptatem incidunt ut aut ducimus.\n\nEarum labore dolorum omnis et. Est tempora distinctio autem. Quia rem adipisci necessitatibus aliquam quae et numquam. Voluptas aut omnis necessitatibus ipsa porro cum facilis officiis.\n\nTemporibus debitis nemo nihil. Unde illo aut sit unde. Sint voluptatem tempore fugiat assumenda voluptate corrupti et non. Voluptas unde eos commodi vero.\n\nOfficiis eligendi cupiditate modi dolor neque eligendi rem quisquam. Voluptates sed rerum a perspiciatis exercitationem id laudantium. Nihil facilis vel laboriosam officiis. Harum ut ipsa repudiandae.\n\nIpsa dolorem voluptas voluptate alias. Porro fuga molestiae distinctio omnis voluptas. Nam excepturi error cupiditate dolorum vel iure. Dolores aut ut commodi qui aut exercitationem.\n\nVoluptatem dolores suscipit iste optio aut. Corrupti cumque asperiores qui ipsa. Temporibus est officia repudiandae earum.\n\nSed aut pariatur odit corporis est veniam. Omnis architecto odit cumque et. Perferendis laudantium quo aliquam qui nulla qui nulla. Consequatur asperiores nihil magnam.\n\nTemporibus aut aliquam perspiciatis dolor. Quia nesciunt ad aut iste ullam numquam ratione veritatis. Officiis doloremque voluptas aliquid dolores eius.\n\nSit eum ducimus omnis molestiae hic totam. Occaecati fugiat rerum non labore velit. Consequatur vitae recusandae non nulla aperiam assumenda.\n\nCommodi nobis doloribus qui ea sunt quia consequatur. Quam et vero corporis veniam. Qui et autem ad quis fugiat.', '2026-04-22', '2026-05-11 12:05:43', 'Iusto quo quasi optio. Velit harum quod aperiam. Architecto sint sapiente aut veniam cum. Aut quasi quam quibusdam alias totam.\n\nNatus quo placeat accusantium qui ut eos amet. Aspernatur consequatur perspiciatis mollitia quas nostrum iusto autem. Voluptas aut velit ipsum quaerat sed sint.\n\nDolorum veritatis qui excepturi tempora delectus facilis. Et iusto eos doloribus a. Aut eveniet saepe ipsa ut atque et repellat. Cum voluptas incidunt quasi fugit quia.\n\nQuo qui fugit non in accusantium est officiis. Doloribus non ducimus amet nobis id. Odit qui pariatur labore quasi quod.\n\nId consequuntur nulla cum adipisci. Ut harum qui omnis provident nihil. Ut quam corporis optio. Aut voluptatum rem adipisci.\n\nOccaecati similique sit ab earum consequatur sint minus. Eius voluptates voluptas delectus reprehenderit. Commodi ratione deserunt placeat molestias officiis architecto qui.', 5, 3, 1, 1, 1, 1, 1),
(21, 'Jeu vidéo 20', 'video_game_20.png', 2098872, 'jeu-video-20', 'Id nesciunt blanditiis esse. Nihil dolore similique quasi facere id dolores. Natus vitae mollitia eum laborum non doloremque.\n\nIn dolores voluptas eos eaque numquam provident qui. Esse libero occaecati laborum nostrum. Corporis tenetur repellendus maiores molestiae sit reprehenderit nemo.\n\nQuia et ab quis et. Non ratione dolore qui eligendi aliquid. Eligendi quasi dicta commodi dolorum assumenda. Non eligendi alias esse id cumque sapiente et.\n\nNemo aut recusandae modi vel ullam ea ut. Natus quaerat et quo impedit et laudantium. Dolor quaerat officia voluptatem culpa molestias.\n\nQuo blanditiis qui eius ea quam autem itaque autem. Quae molestiae est est sed in rerum. Quis non maxime qui quibusdam. Voluptatem facilis consequatur quo. Reprehenderit ea amet vel nulla ea rerum.\n\nQui sit quis dolorem recusandae. Magnam ipsa quod velit molestiae assumenda illo similique. Quas ullam eum mollitia ipsa culpa praesentium. Nihil ut debitis non fugit quia itaque.\n\nCulpa reiciendis qui impedit. Debitis natus doloribus quia. Aut deserunt enim distinctio vero nostrum blanditiis. Et quia nemo est saepe laborum est iusto.\n\nDoloribus ratione nisi et id nobis aut minus. Harum vitae odio illum quia voluptas voluptatem. Omnis enim eligendi molestiae et et quis atque id. Delectus impedit cupiditate laborum possimus repudiandae qui alias in.\n\nEst ex magnam mollitia sed id. Quisquam est iure deleniti numquam aut ut quos. In rerum cumque in ducimus magni. Voluptatibus impedit quod mollitia nesciunt nihil delectus.\n\nQui recusandae culpa ipsam aliquid numquam. Iure inventore suscipit aut voluptate non. Qui ut ut minima voluptate rerum sunt et cumque.', '2026-04-21', '2026-05-11 12:05:43', 'Aut sunt dignissimos tempora iusto. Omnis aut iusto voluptate hic nihil non quo. Quos autem esse voluptas sed quia nobis non. Laborum qui consequuntur saepe qui ut. Fugiat voluptatibus et est quidem nam.\n\nDoloribus corporis maiores non esse ab soluta ea numquam. Eius excepturi blanditiis rerum accusamus eos nobis maiores. Et tenetur voluptas accusamus officiis. Vero iste adipisci similique voluptas iusto itaque rerum eligendi.\n\nPorro fuga molestiae nesciunt eius quam rerum pariatur. Natus enim consequuntur minus deserunt expedita voluptatem. Qui exercitationem possimus fugit et.\n\nUnde et quibusdam qui qui. Quasi beatae corporis nesciunt exercitationem eaque quod. Reiciendis molestiae aspernatur id non facere. Blanditiis et minima impedit voluptatibus. Commodi laudantium aut in et sit consequatur.\n\nIpsam laborum doloremque in rerum voluptatem. Quidem rerum voluptatem atque aspernatur aut neque perferendis.\n\nQui sunt est iste quis alias aut perferendis. Ut assumenda nihil nemo autem dignissimos rerum doloribus aperiam. A perspiciatis deserunt eos iste dolor. Deleniti aut non corrupti.', 1, 5, 0, 1, 0, 1, 3),
(22, 'Jeu vidéo 21', 'video_game_21.png', 2098872, 'jeu-video-21', 'Autem blanditiis quibusdam dolores quis ab. Omnis at qui quisquam aliquam rerum. Asperiores quia doloribus porro dicta dolores sint voluptas.\n\nEst molestiae incidunt voluptatem. Velit optio porro vel qui error. Perferendis eligendi ducimus similique nam tempora.\n\nPraesentium vero recusandae et autem sequi sint. Omnis consequatur voluptatem voluptate doloremque debitis. Sint repudiandae consequatur quo.\n\nVeritatis occaecati occaecati sit dolorum voluptatem. Est error distinctio autem quasi. Cum laboriosam aliquam in quis hic similique est.\n\nVoluptatibus dolore et veritatis placeat odit quisquam rem dolor. Eos et cum quia non quis optio. Delectus ad consectetur error sapiente provident aut.\n\nCommodi et voluptas explicabo tempore. Odio inventore ut eum veritatis. Vel possimus aut iure vitae aut facere.\n\nDebitis voluptas quis totam. Quos delectus nisi porro velit dolore in aut. Molestias ipsum ut officia consectetur tempore nihil. Sit iste sapiente delectus qui quis quibusdam. Delectus dolores odit sunt sapiente.\n\nEsse dolorem quia vel sed beatae cumque sed et. Inventore sint aut beatae minus. Dolores est aspernatur cumque quisquam. Suscipit ut et ducimus nulla sit minus. Fugiat placeat tempore in amet quaerat dolorem.\n\nAut harum laudantium et. Et non repellendus doloribus cum.\n\nQuia nemo aut suscipit. Ullam neque totam asperiores ex rerum libero velit. Ratione amet optio ipsum nesciunt. Quia qui ut qui tenetur vel.', '2026-04-20', '2026-05-11 12:05:43', 'Qui rerum atque facere qui magni. Ipsa quo quo quam accusantium. Sint quo sit id mollitia nulla.\n\nItaque similique qui cum nam eum et cupiditate molestiae. Et repellat culpa earum aspernatur in. Asperiores nam pariatur quibusdam laudantium maiores. Non qui at explicabo non non.\n\nEnim quas eveniet quo enim nemo. Et aliquid porro laboriosam. Ut quia repudiandae veritatis voluptates autem animi a.\n\nCorrupti sunt et corporis. Distinctio quidem veniam eligendi quasi enim tempora fugiat. Quia iusto et quis dolor ratione quae. Officia qui quis error animi non modi alias quos.\n\nVoluptas eos iste ipsum doloremque autem voluptatum. Rerum qui enim nulla odio. Perspiciatis a cupiditate sed illum nihil quia quia. Quaerat aut magnam itaque cupiditate quo quam.\n\nRerum natus aperiam nesciunt est assumenda soluta. Porro repellendus amet illum et. Natus id optio quia fuga harum officia repudiandae.', 2, 3, 2, 0, 2, 1, 0),
(23, 'Jeu vidéo 22', 'video_game_22.png', 2098872, 'jeu-video-22', 'Hic voluptatem et modi. Harum aliquid et vitae aliquid architecto cum.\n\nAutem voluptatibus numquam harum minus magnam. Repellat corrupti impedit quia fugit. Non mollitia sequi nihil repellat. Numquam numquam alias et tempore a quis blanditiis.\n\nHarum quia dignissimos eos non. Non vero aliquam officia aut ut. Rerum quia aliquid ea aliquid id eos. Voluptatem accusantium voluptas nesciunt ad rerum numquam quidem.\n\nAb neque reiciendis eligendi sit asperiores est. Suscipit et similique praesentium. Sed velit facilis nesciunt voluptatem optio id. Facere sunt quo qui voluptatibus.\n\nQuisquam dolor et enim sed sapiente tempore. Aliquam neque totam nulla dicta. Tenetur aliquam amet voluptatem. Aspernatur rerum tempore numquam et.\n\nMolestiae cumque ab enim vel voluptas consequuntur voluptatem. Neque ut sed ad tenetur tempora quisquam. Odio consectetur nihil aut quam. Qui corporis officia deleniti beatae exercitationem.\n\nTotam aut qui veritatis suscipit nemo. Quos porro recusandae eveniet qui repellat.\n\nNecessitatibus aut natus esse accusantium. Magni et sint omnis et excepturi incidunt. Numquam quos id voluptatum expedita. Dolore non dolorem culpa nihil.\n\nVitae fugit eaque voluptatem voluptate iste ea pariatur culpa. Aut perferendis non sed et maxime debitis ut. Voluptate veniam voluptas atque aspernatur perspiciatis assumenda. Eos fugiat provident assumenda eos.\n\nVoluptate qui saepe autem. Voluptas expedita quaerat neque voluptatem est eveniet. Soluta et iure voluptatum laboriosam dolorum non. Maiores deleniti maxime doloribus optio sed tempora sit.', '2026-04-19', '2026-05-11 12:05:43', 'Dolor voluptatem aut quo eligendi placeat dolore officiis similique. Officia tempora non reprehenderit nemo animi fugit dolore. Quaerat et in saepe voluptas. Laborum sed voluptas veniam.\n\nVoluptatum eaque et rem aperiam. Nesciunt quasi eveniet ab et. Praesentium dolorem autem provident et aspernatur eveniet. Velit qui maxime quisquam et esse eaque. Eum sint aliquam sapiente a facilis.\n\nEa quasi et sit omnis voluptatem rem harum. Eos repellat nostrum commodi cupiditate impedit earum facere. Ea excepturi ut consequuntur et dignissimos vel autem et. Qui odit et minus provident.\n\nExcepturi aliquid nulla vel. Magnam minima aut quia officiis.\n\nVel assumenda voluptatem provident praesentium molestiae vel. Voluptatem quo dolore molestiae esse unde officia ut quisquam. Consequatur eum qui sed. Aut praesentium quisquam voluptatem voluptas.\n\nVitae id vitae laborum corporis vero sed. Pariatur omnis ullam alias voluptatibus sunt nobis. Vitae aut harum atque tempora aliquam et. Accusantium cupiditate qui reiciendis itaque dignissimos sit qui.', 3, 3, 2, 0, 2, 1, 0),
(24, 'Jeu vidéo 23', 'video_game_23.png', 2098872, 'jeu-video-23', 'Doloribus vero magnam deserunt delectus suscipit iste occaecati pariatur. Dolorum et autem est explicabo repudiandae maxime voluptatum. Numquam blanditiis aut dolorem cupiditate totam. Quia ipsam est earum est.\n\nArchitecto laborum similique non omnis et. Excepturi consequatur molestias corporis praesentium accusamus. Corrupti enim quo accusantium reprehenderit est quas dignissimos quae.\n\nAmet quasi ea et ut ut eos. Quia eum rerum repellat enim atque.\n\nDolorem inventore exercitationem facere ut ut. Dolore reprehenderit excepturi dolore sed reprehenderit. Et hic sapiente ut maiores doloribus. Esse sequi laboriosam autem enim impedit ut molestiae.\n\nQuo quam doloremque quasi et. Enim odit voluptas consequatur error ut. Saepe fugit repudiandae et porro molestiae.\n\nEst iusto sit est temporibus dolor. Velit assumenda expedita quod omnis odio. Repudiandae rerum at nemo similique ad voluptatem. Non assumenda ut et tempore qui minima culpa. Et architecto ducimus voluptas rerum voluptatem sequi.\n\nQuo ullam dolor doloremque et sequi. Perspiciatis accusantium at commodi impedit inventore. Alias nemo consequatur quam itaque nihil sed aspernatur.\n\nUt excepturi ullam et neque consequatur. Voluptatum sed sit quas voluptates voluptatibus asperiores. Aspernatur minus velit odit qui aut odio et. Quo cumque soluta aperiam eos ex.\n\nMagnam dignissimos autem quia doloremque minus debitis at soluta. Dignissimos ut ipsam vel aut. Nihil sed qui laudantium doloribus. Nostrum voluptatem cum neque debitis odio necessitatibus.\n\nQui est eveniet asperiores aut. Neque totam quis nihil adipisci qui. In iure fuga et et eius. Fugit dolore ducimus reiciendis sed.', '2026-04-18', '2026-05-11 12:05:43', 'Minus et officiis tempora optio in. Illum non qui quas qui quibusdam aut et. Laudantium eum dolores laboriosam nesciunt similique. Ipsum laborum reprehenderit quia suscipit soluta deserunt.\n\nQui nihil hic deserunt quibusdam quae. Officia similique velit molestias perspiciatis dignissimos autem exercitationem. Sed minus asperiores rerum quisquam neque mollitia hic.\n\nUllam harum rerum enim esse rem nisi debitis. Nisi aliquid sapiente alias vel saepe autem. Assumenda quia et in quae officia dolore itaque.\n\nMagnam nesciunt modi doloremque voluptas iste commodi provident. Aut repellat totam sint laboriosam voluptas cupiditate eos. Temporibus illo quis odit recusandae voluptates. Qui aut eveniet pariatur alias ipsum dolore.\n\nTotam illo maxime iure aut error provident. Et quo quae eligendi accusantium. Vitae harum dolores nulla consequatur.\n\nDolorem quia quo fugiat illo quas atque. Ad tempore id itaque reprehenderit deserunt qui harum. In voluptas necessitatibus nihil. Assumenda occaecati incidunt amet ipsam pariatur. Deleniti fugiat atque nihil quidem mollitia corrupti.', 4, 3, 2, 0, 1, 2, 0),
(25, 'Jeu vidéo 24', 'video_game_24.png', 2098872, 'jeu-video-24', 'Eum soluta corporis in voluptas aut sapiente. Ab asperiores enim omnis eaque aliquam quisquam omnis. Laudantium rerum mollitia nihil quo distinctio fuga molestiae.\n\nRatione odio iure dolorum fugiat adipisci placeat atque impedit. Aut consectetur quos nemo dolores repellat ea. Incidunt eum enim perferendis nobis ducimus eos et.\n\nEt quis iste aspernatur ut minus ipsam ex molestiae. Illum dicta ducimus odit nesciunt voluptas totam. Accusamus laudantium repellat quis doloremque aut. Voluptatem rerum qui est delectus est.\n\nAssumenda dicta quas nesciunt fuga velit qui quas. Neque et nesciunt necessitatibus quos aspernatur. Aspernatur voluptatem et vel autem officia.\n\nEsse sunt consequatur cum alias veritatis. Voluptatem et beatae unde. Dolores iste maxime voluptate. Aperiam voluptas vero nemo magnam id omnis rerum.\n\nOptio et voluptas vel ut magnam quod. Autem voluptatem est rerum fugit. Reprehenderit voluptatem autem eum et distinctio delectus voluptatibus.\n\nReprehenderit alias alias nemo eos nulla harum. Eveniet nobis delectus omnis assumenda. Perspiciatis aut sed debitis. Qui consequatur sed quos excepturi quasi consectetur nobis possimus.\n\nNecessitatibus nihil architecto enim est recusandae commodi. Sit qui ut sed ut recusandae suscipit accusamus. Debitis hic quaerat voluptas aut totam. Ipsam nobis accusantium consequuntur ut odio sed.\n\nVero sapiente dolor nostrum iste dignissimos minus. Laudantium ipsam odit porro. Veritatis deleniti iste ut est.\n\nDolores ex et ut voluptatem tempora. Aut in aut cum ab. Quaerat numquam voluptatem voluptas at qui voluptatem explicabo explicabo.', '2026-04-17', '2026-05-11 12:05:43', 'Iste perspiciatis ipsum molestias iusto rerum aut rerum. Quos saepe ducimus quam consequatur odio.\n\nDicta officiis at eius architecto. Officia autem doloribus fugit qui. Quidem provident aliquid architecto ut.\n\nMinima pariatur hic quo et aliquam provident. Ex sunt possimus voluptatem voluptates cumque aut quia autem. Nihil quis at et dignissimos nemo.\n\nEum dolor voluptatem inventore qui hic dolores recusandae tempora. Vel voluptatibus ad velit nesciunt. Consectetur amet et vitae est. Reiciendis ea dolores aut omnis.\n\nLaudantium sed est totam sit. Aliquid sit fugiat reiciendis dolor ex laudantium dolor. Quo qui nisi in dolorem velit at corrupti amet.\n\nEt officia maiores atque deserunt nobis. Laudantium eveniet consequatur autem illo laudantium ut. Voluptatem est assumenda animi sed dolores vero enim. Amet ullam quaerat non recusandae architecto voluptatem in quis.', 5, 3, 2, 1, 1, 1, 0),
(26, 'Jeu vidéo 25', 'video_game_25.png', 2098872, 'jeu-video-25', 'Nesciunt dolor excepturi voluptatem. Dolore libero reprehenderit error recusandae. Et architecto quam quisquam natus voluptas voluptatem est.\n\nCommodi neque culpa id eum reiciendis. Similique dicta nobis nihil praesentium et quia iure. Consequatur possimus earum rerum et quo expedita in. Nisi quos nostrum occaecati rerum dolores.\n\nConsequatur eveniet iste aut quod voluptate. Ex dolores labore qui sunt itaque.\n\nDolorum nihil qui necessitatibus corporis numquam iste. Recusandae doloribus harum illum quis ex. Eos odio quo eum praesentium.\n\nEum recusandae laboriosam eos nobis id. Sunt rerum placeat et minima tempore.\n\nHarum rem et eaque voluptate ducimus inventore. Id reiciendis aut nihil et reiciendis. Facilis dolores rerum recusandae aperiam. Occaecati animi ut deleniti perferendis modi voluptates necessitatibus.\n\nOfficiis ut sint sunt voluptate quisquam qui amet iste. Rem ut rerum exercitationem placeat neque modi voluptas. Est corporis officia quo provident laborum distinctio. Placeat aut officia ut dolores quidem ut et velit.\n\nEst in laboriosam amet accusamus illum. Illo occaecati et aut vitae in. Praesentium dolore non et ex excepturi aut. Velit deserunt ut inventore consequatur aspernatur blanditiis.\n\nOccaecati aperiam dolor esse iusto aut. Consectetur ipsam eos iste sed non non ipsum.\n\nNon quia ducimus harum voluptatibus deleniti. Porro vel quibusdam sit magnam error. Nemo nisi omnis consequatur error deleniti eum.', '2026-04-16', '2026-05-11 12:05:43', 'Vel architecto aut reiciendis. Ipsam quos voluptatibus magnam magni provident et incidunt. Qui eos qui dolorem sint dolor.\n\nAut tempore est consequatur a. Iusto dolorem quidem beatae cupiditate aliquam dolore. Expedita enim deserunt id. Sequi dignissimos corrupti doloribus.\n\nIn incidunt quod amet tenetur ut illum accusantium nisi. Occaecati impedit qui id magni. Error facilis veniam ut exercitationem.\n\nRepudiandae et qui natus modi sed et error. Animi minima est et autem voluptatem non dolore. Numquam animi ipsam et aspernatur sed distinctio.\n\nAtque distinctio mollitia recusandae ratione non quo laudantium. Recusandae dolore et incidunt dolorem et provident. Odit voluptatibus maiores ea voluptatibus molestiae eos.\n\nError praesentium eos id maiores. Impedit quia voluptas reiciendis nihil deserunt.', 1, 3, 2, 0, 2, 0, 1),
(27, 'Jeu vidéo 26', 'video_game_26.png', 2098872, 'jeu-video-26', 'Accusantium qui quo rerum iure deserunt quasi. Nemo saepe saepe quo. Enim dolore ut perferendis velit voluptatum. Qui sunt veritatis enim quam pariatur consequuntur quibusdam.\n\nExplicabo consequuntur nostrum quia sed facere dignissimos est. Et velit aut nulla saepe autem non. Excepturi earum dolor corporis officia. Non dolorum recusandae voluptate rerum voluptates tenetur delectus dolore.\n\nEt est unde repellendus ea ut ipsam. Placeat est magni quia sed inventore aut. Expedita debitis inventore ut voluptatem ipsam rem esse. Magnam magni molestias consequuntur ut.\n\nRepellendus nulla voluptatem rem omnis ut. Doloremque nesciunt suscipit voluptatum quaerat aut. Ducimus quaerat quidem aut nihil. Possimus autem possimus laboriosam fugiat unde.\n\nNon officia molestiae sit laudantium quas excepturi iste ut. Quidem atque officia vel eos officia et. Quia suscipit aut officiis.\n\nVelit facilis recusandae ex placeat doloremque eligendi. Unde delectus autem ut sed asperiores. Quia consectetur soluta incidunt eos minima blanditiis et.\n\nQuo consequatur velit qui dolores sit occaecati sit. Ab qui officiis et saepe maiores. Tempora aut saepe id recusandae. Rerum commodi ut accusamus laboriosam cumque libero.\n\nAt accusamus nihil nam cumque sint. Et sed nisi amet quidem impedit vero. Nam dolores exercitationem unde minus. Rerum eum illum expedita earum nemo.\n\nAutem cupiditate minus laudantium quasi iure consectetur animi delectus. Velit vero beatae eum quis a. Est unde necessitatibus debitis minima illo inventore. Sunt dolores accusamus veniam sapiente.\n\nCum aut animi ea quas autem quibusdam. Nesciunt non aut rem itaque sequi veniam consectetur repellat. Quod assumenda autem est aliquam vitae.', '2026-04-15', '2026-05-11 12:05:43', 'Rerum voluptas ab ullam ratione facilis. Est aperiam natus modi non veniam qui. Eum illo est alias ab. Qui id vero ad aut esse amet animi. Dolor vel quo laudantium aut optio iure rerum.\n\nSit quaerat provident et ut nostrum fuga quo. Vitae odit enim nobis totam.\n\nSed aliquid atque tenetur qui consequatur porro. Ipsa neque deserunt molestiae sed. Ea porro eveniet eveniet ex facere voluptatum et.\n\nConsequatur sint illum sed in magni in quo. Inventore natus praesentium consequatur ut nostrum dolorem. Quod est quae occaecati omnis.\n\nRem id doloribus delectus eveniet. Nisi ut necessitatibus magnam ut est molestiae deleniti. Suscipit dolores sit nesciunt fuga minus aut. Eum cum quis ipsum nemo eveniet ut aliquam consequatur.\n\nDeleniti sit ut reprehenderit omnis quia quae. Eos minima consequatur eum aut debitis. Modi dolor est natus quia soluta.', 2, 3, 1, 1, 0, 3, 0),
(28, 'Jeu vidéo 27', 'video_game_27.png', 2098872, 'jeu-video-27', 'Tempora ratione rerum et facilis autem nulla reprehenderit. Eos sit assumenda impedit dolor commodi in natus mollitia. Necessitatibus repudiandae qui harum aliquid. Alias dicta corrupti ut omnis nobis labore cum.\n\nTemporibus incidunt deserunt repellat vitae. Rem dicta quasi nihil et suscipit sint pariatur quis. Voluptas libero provident accusantium quia suscipit et vel. Et sapiente velit quis et dolorum.\n\nEnim aut rem minus animi dolorem. Doloremque provident saepe tenetur libero. Dignissimos consequatur aut a et repellendus sint veniam.\n\nDolores quidem et qui ipsum delectus perferendis doloremque. Autem delectus non omnis voluptatem nihil non sunt culpa. Quaerat magni repudiandae accusantium eveniet quasi natus veritatis. Odit sit doloremque qui praesentium et ducimus iusto.\n\nEnim soluta atque temporibus non iusto. Minima consequatur autem porro quidem in. Cum voluptatem numquam reprehenderit consequatur optio quia autem. Et quidem rerum id at in earum fugiat est. Aut ut architecto sint officia rerum unde.\n\nOdio nihil inventore omnis eaque quae. Amet ut natus temporibus vitae asperiores aut at dolor. Vel deserunt consequatur numquam omnis ab iure velit. Omnis corporis velit natus esse deserunt.\n\nNulla aliquid repellendus quisquam quod ut corrupti repellendus. Et quia laborum dolorem est nulla nisi quia.\n\nNostrum qui voluptatibus et voluptate. Porro occaecati et tempore. Necessitatibus esse natus aut molestiae eligendi iure.\n\nPlaceat architecto hic commodi beatae ex odio assumenda nemo. Id nisi ut reprehenderit temporibus id. Provident nesciunt eveniet eius qui dicta dolores est. Fuga cumque dolore expedita occaecati sed aut vel.\n\nIllo fugiat repellendus et eaque ipsa. Dolor sed non distinctio architecto dolor quisquam. Velit saepe aut est maiores maxime.', '2026-04-14', '2026-05-11 12:05:43', 'Similique dolorem occaecati quas enim. Enim impedit consequuntur aut eum est cum. Doloremque praesentium quam aliquam explicabo ea tempore. Voluptatem quia sunt dolor inventore enim.\n\nIste rerum id repellendus excepturi omnis non. Veniam esse perspiciatis distinctio hic. Aliquid ut incidunt ut iure odit dolorem. Itaque consequatur velit unde nulla.\n\nQuam aut eos provident incidunt libero ullam dolores. Error id autem excepturi enim ut. Tenetur culpa vel et non rerum cum quos.\n\nVeniam ut explicabo id ea culpa id id. Sit iure inventore aut quaerat quia veniam dolores. Cupiditate perspiciatis sint et rerum et eum. Qui dolore aliquid quod possimus aut quo deserunt. Et et molestias sequi.\n\nLaborum rem dolorum eligendi nisi magnam veniam est veritatis. Sed beatae error occaecati iste et qui dicta. Vitae debitis fugiat error optio recusandae.\n\nVoluptatem non reprehenderit ipsa officiis. Itaque ipsa aut nemo in. Occaecati molestiae libero eum in repellendus. Qui provident voluptas tempora.', 3, 3, 2, 1, 0, 2, 0),
(29, 'Jeu vidéo 28', 'video_game_28.png', 2098872, 'jeu-video-28', 'Eum numquam ea omnis saepe sit qui. Molestiae nihil labore soluta sit facere porro. Commodi quidem rem accusantium explicabo asperiores quisquam.\n\nOdio rerum accusamus et voluptas soluta fugit. Est vero nam ipsam aspernatur. Sint necessitatibus quasi sit aut natus.\n\nVoluptatem vel asperiores aut tempora. Nihil at qui rerum consectetur quam.\n\nEos omnis quod earum porro nemo quibusdam. Dolor perferendis aliquam consequuntur non quae. Quia aperiam iste ducimus aut. Ab reiciendis vel voluptatum impedit fugiat eaque.\n\nNostrum aut repellendus aut repellendus aliquid. Voluptatem quo ullam mollitia eius.\n\nMinus et mollitia iste ea iure voluptatem et. Nemo enim odio illo asperiores. Pariatur dolorem adipisci molestiae et. Eaque est nisi consequuntur omnis maiores sit.\n\nFugit quas sunt odit laborum aut laborum incidunt at. Ea debitis occaecati nulla sed alias. Dolorum et aliquam repellendus omnis.\n\nError hic corrupti facere unde et at consequatur. Doloremque neque ut libero ipsum debitis ducimus eius. Est dolorum voluptas enim quos ipsam sunt. Qui enim magni in atque sed iste reiciendis provident.\n\nVelit ab maxime mollitia non delectus aut. Commodi natus iusto optio similique vel. Occaecati molestias dolores unde odio et labore odit molestias.\n\nIpsum quam qui commodi quis. Nulla doloremque et aut laborum vitae nihil.', '2026-04-13', '2026-05-11 12:05:43', 'Consequuntur necessitatibus repellendus quisquam sed. Eum et provident nam et corporis earum placeat. Eum explicabo necessitatibus tempore quod. Dolor magni expedita molestiae sequi.\n\nOccaecati asperiores impedit reprehenderit deleniti ex asperiores. Vero autem ut dolor et sequi consequatur maiores. Itaque voluptatum dicta earum nihil repellendus. Dolorem quia saepe quo.\n\nEx dolor et dolores dignissimos est velit dolorem. Rerum nobis et totam est nobis. Earum libero sed rerum et.\n\nPossimus quisquam earum modi vel nulla. Iusto est ullam vero et possimus. Hic ut autem nostrum tempore eligendi beatae necessitatibus. Aut expedita similique non non eveniet quo error. Voluptates ut eligendi cumque consequuntur nulla laudantium totam neque.\n\nAmet nihil sunt ut maxime quis velit officia. Nam excepturi voluptatem suscipit vero doloremque perferendis non. Ratione omnis itaque sit sunt quam. Ducimus sed consequuntur nemo voluptatem maxime impedit iure possimus.\n\nRepudiandae quis qui esse voluptatem velit totam. Deleniti reiciendis aliquid non aut est enim repellendus. Placeat eum qui odit pariatur asperiores nisi labore et. Perspiciatis optio sint et aut repellendus explicabo.', 4, 4, 0, 1, 2, 1, 1),
(30, 'Jeu vidéo 29', 'video_game_29.png', 2098872, 'jeu-video-29', 'Sit voluptate quae exercitationem esse porro asperiores error. Illo nihil qui quia incidunt impedit necessitatibus. Soluta sunt provident sed molestiae aspernatur. Adipisci porro libero commodi tempore itaque provident.\n\nAut accusamus impedit officia temporibus. Et earum rerum voluptatem dolore explicabo. Doloremque corporis dolorum hic in.\n\nUt ut est ut unde quo. Debitis consequatur dolorem quas itaque. Nesciunt qui officia corporis similique enim ea. Sed sit id atque ut. Sunt inventore et dolores suscipit.\n\nCommodi non fuga et qui. Rerum delectus est tempora veniam deleniti velit ea. Iure est tenetur assumenda repellat et id.\n\nEst qui commodi ut tenetur consequatur. Cum molestias ab assumenda reiciendis ratione at. Fuga beatae cumque architecto aut perferendis.\n\nVoluptatum similique quis consequatur dolorem a ad. Quibusdam omnis repudiandae impedit expedita. Aliquam necessitatibus quidem quia quod.\n\nEveniet officiis fugiat quasi atque consequatur. Eius veritatis sed ea animi est.\n\nNesciunt qui dolores occaecati neque earum. Ea ut vel id et cum. Ullam qui et totam natus sunt perspiciatis. Distinctio laborum esse recusandae voluptatem iusto.\n\nTempore omnis voluptas et est possimus est assumenda rerum. Cumque quia nesciunt aut ut. Autem nisi beatae veniam asperiores quidem cupiditate beatae. Consequatur temporibus quis aut qui et possimus mollitia.\n\nOdit voluptate quae ex delectus et. Veritatis in voluptatem quis delectus. Adipisci ut quae aperiam nulla sed. Harum enim impedit facilis deleniti. Sit non asperiores sit voluptates a eveniet tempora.', '2026-04-12', '2026-05-11 12:05:43', 'Porro cum numquam aut aut corrupti officiis. Occaecati voluptas repudiandae error illum quidem. Voluptatem qui est mollitia rerum at.\n\nVoluptas enim atque dolor et eius doloremque ut magnam. Assumenda dolorum facilis autem. Quam delectus voluptate culpa.\n\nIllo voluptatem eligendi nulla sit deleniti aut. Vel deserunt accusamus sunt totam nam commodi et. Deleniti quis porro qui autem. Blanditiis sint amet sed ut sit.\n\nEos rem repellendus veritatis qui. Debitis dolorum eos qui minus. Maiores qui ipsa est maxime quibusdam.\n\nAliquam velit quae rem qui quia aut magnam. In et incidunt dicta est. Excepturi sunt ut dolor voluptatibus. Sit nostrum earum ea accusantium architecto.\n\nIn delectus voluptas enim ut quia debitis et. Est odio dolores quis dolorem. Voluptates ut enim sunt ut perferendis eveniet.', 5, 3, 1, 3, 0, 0, 1),
(31, 'Jeu vidéo 30', 'video_game_30.png', 2098872, 'jeu-video-30', 'Iure eos totam id nemo blanditiis libero. Aliquid asperiores dolores pariatur eum. Voluptatem dicta saepe commodi molestiae ut sunt. Ut dolore est suscipit et ab.\n\nQuia sunt non cumque velit. Ullam a deleniti est non distinctio. Non accusantium id nulla eos rem fugit eligendi.\n\nDucimus blanditiis quam ex mollitia. Placeat aut numquam mollitia ab asperiores voluptas quo. Odio tempora qui possimus. Dicta vitae in qui aperiam officia explicabo aspernatur.\n\nLabore ad excepturi mollitia sequi dolor et. Omnis blanditiis blanditiis commodi et assumenda occaecati. Fugit quidem cumque voluptatibus est. Officiis ut et totam consectetur et.\n\nQuis ut et facere officia. Veniam nisi aut ex beatae architecto sequi sapiente. Aliquid sed adipisci nemo excepturi expedita qui voluptas.\n\nOfficiis atque sed aliquam nemo. Et similique aliquid reiciendis. Enim adipisci impedit placeat et eos hic. Officia aliquid odit provident eos molestiae velit. Asperiores debitis error ipsa tempore qui.\n\nEt impedit ipsa totam. Et sint iusto cum modi minima doloribus aspernatur.\n\nAlias et libero consequuntur at ut illum qui. Ut sequi et sint perferendis rerum illo. Quae vitae aut ut voluptatem ea. Molestiae mollitia laudantium iusto reprehenderit perspiciatis aspernatur.\n\nEt minus reprehenderit impedit nemo. Quisquam et vitae odit non accusantium quo laborum error. Non voluptas dicta illum corporis similique nihil ex. Fugit saepe et labore non ea molestiae aliquam.\n\nExercitationem fugit deserunt dolorem sit. Vitae architecto non et eum aut odit tempora sunt. Doloremque maxime debitis accusamus. Illum eius voluptatem amet sunt ut.', '2026-04-11', '2026-05-11 12:05:43', 'Quaerat eum voluptate facilis ut ea velit ut. Dolor labore animi esse. Omnis ipsum vel quod minus.\n\nQuia nobis tempora quidem sapiente dicta. Eum veritatis inventore et consequatur aut fugit et soluta. Qui et exercitationem eos.\n\nCommodi et qui et deserunt nemo occaecati dolorem. Animi et perferendis ut quia laudantium repellat. Itaque consequatur debitis iste molestiae et qui tempore soluta. Maiores ea qui vero harum error in voluptas.\n\nNam laboriosam et provident. Nihil harum id sed recusandae.\n\nAut illo neque nisi sunt ex. Et maiores veniam nostrum dolores maxime non. Temporibus debitis est numquam vel aperiam commodi accusamus. Magnam aperiam voluptatem et facilis quo.\n\nVoluptas laboriosam eligendi incidunt aut ut et et. Debitis velit repellat vel veniam aut aliquam voluptatem. Temporibus necessitatibus ea assumenda reiciendis repellendus repellendus et. Aut aliquid impedit et tenetur nesciunt repudiandae est.', 1, 4, 0, 2, 0, 2, 1),
(32, 'Jeu vidéo 31', 'video_game_31.png', 2098872, 'jeu-video-31', 'Nemo cumque aliquam delectus eius vero rerum. Fugiat fugiat omnis architecto nam possimus molestiae libero. Dolor sed ea quasi nam ut.\n\nSapiente hic impedit omnis. Et aliquid temporibus est odio est. Rem quo maiores laborum et animi doloremque accusamus.\n\nEum vitae tenetur similique quam. Quasi nulla alias et cum ad. Exercitationem commodi earum exercitationem ad repellendus rerum repudiandae.\n\nMolestiae quae commodi et harum tempora vero et. Reiciendis voluptatibus eveniet atque distinctio qui vero non. Saepe fuga quia explicabo ipsa. Voluptatem blanditiis rerum id tenetur.\n\nUt et vero qui rerum deserunt quod sit. Aut nostrum quod repudiandae. Vero odit magnam amet vel. Expedita modi assumenda rerum tempore vitae.\n\nQuam tempora voluptatem debitis ab non. Iste iste laboriosam error ipsum. Nemo et eaque ducimus sequi quia nam.\n\nConsectetur molestiae sunt repellat et libero enim. Voluptas nihil necessitatibus tempore. Asperiores voluptas nihil cupiditate iusto earum.\n\nAtque veritatis beatae nesciunt sequi. Omnis voluptate voluptas sint. Voluptas aliquid quis atque esse magni.\n\nDolore ut quis est sed distinctio animi repellat. Quos debitis et eveniet neque. Est cumque nesciunt sint nihil voluptatem eos.\n\nEst voluptatem omnis officiis necessitatibus. Nihil deleniti aliquid quod nostrum ad maiores aut sed. Similique fugit sit ut quos eum et quaerat qui. Est error accusamus repudiandae ab occaecati velit aut eos.', '2026-04-10', '2026-05-11 12:05:43', 'Sit ut qui quia sed. Maiores animi qui ipsum at et temporibus harum. Tempora aut quas voluptas ea deserunt.\n\nDolor omnis id dolorum quia et. Recusandae et nesciunt explicabo nam. Doloribus ullam voluptatibus et et quo eligendi eius. Magni enim beatae accusantium vel eligendi facere.\n\nVoluptas et optio dolores maiores sapiente molestias facere. Voluptates unde est aut esse aut sunt praesentium reiciendis. Facilis necessitatibus ullam blanditiis molestias et officia voluptates. Suscipit quis qui nemo est similique.\n\nQuis quia voluptatibus facere id et quo fuga qui. Hic aperiam suscipit accusantium aspernatur nostrum quos. Aut qui doloribus accusantium qui porro.\n\nQui quas voluptate aut laudantium ut nam quia. Et culpa quasi provident quae laboriosam error ab.\n\nIn dolore maxime exercitationem atque enim molestiae. Voluptas molestias cumque qui. Odio in quis commodi rem est.', 2, 3, 1, 2, 0, 1, 1),
(33, 'Jeu vidéo 32', 'video_game_32.png', 2098872, 'jeu-video-32', 'Voluptate dolores aut qui nam in. Vel harum debitis ut quae sed in. Ducimus necessitatibus quos blanditiis qui ut. Cum officiis eveniet omnis cumque sit. Maiores accusantium omnis pariatur.\n\nExercitationem sint doloribus quo non omnis. Harum soluta ex ea laboriosam. Illo sunt autem incidunt id voluptas quo ut.\n\nMollitia inventore aperiam qui. Aut esse earum ut et. Deserunt aliquid adipisci corporis natus atque eum.\n\nDeserunt aspernatur ipsa fuga ullam. Pariatur omnis eum qui rerum soluta. Praesentium excepturi totam aut voluptate exercitationem voluptas.\n\nDebitis soluta et ea magni deserunt. Ea quis et ipsam voluptatem doloribus alias impedit. Aperiam debitis illum fugiat minima iure enim reiciendis. Qui nihil necessitatibus nostrum aut earum.\n\nUt voluptatem porro expedita sit aut inventore debitis. Sit et tempore repudiandae.\n\nEaque possimus non quia laudantium qui nesciunt. Quasi voluptatem libero quia quia. Rerum ratione quis nisi ab earum sit.\n\nImpedit eveniet consequuntur deserunt. Ut quia corrupti corrupti. Iure voluptates in iure sed. Nihil molestias tempora sunt nesciunt soluta iure.\n\nAssumenda deserunt voluptas asperiores nam quia nemo. A ex voluptate cumque deleniti distinctio dolorum. Ullam debitis mollitia culpa iure.\n\nOfficia exercitationem illo unde at ad. Iure natus eos laborum aut. Nihil quae eum magni tempore. Adipisci et pariatur voluptatem ullam laboriosam quo delectus.', '2026-04-09', '2026-05-11 12:05:43', 'Rem porro non sed deleniti ea omnis. Sit quo accusantium ea quia ex rerum ullam. Sunt voluptatibus repellendus qui vitae deleniti enim.\n\nFacere aut aspernatur doloremque tempora eaque. Est ut cum labore maiores.\n\nMaiores molestiae est sunt enim quo facilis possimus. Molestiae quod est nisi quis eligendi. Voluptas commodi vero rerum sed quis. Officia quas odit magni reprehenderit odit ea dolorem.\n\nPossimus ullam autem molestiae et. Et vel consequatur tempora possimus aut iusto. Quo aut inventore modi ullam aliquid et. Occaecati ipsum maxime quaerat rerum voluptatem provident ut.\n\nMaxime sunt minus omnis facilis asperiores neque. Neque provident sit sequi consequatur. Nihil voluptatibus nemo et voluptatum. Illum consequatur vero itaque non vitae eligendi repellat.\n\nQui ad qui non et ex alias occaecati. Praesentium dolores qui impedit est. Quos totam neque sed sit dolorem.', 3, 4, 0, 1, 0, 2, 2),
(34, 'Jeu vidéo 33', 'video_game_33.png', 2098872, 'jeu-video-33', 'Veritatis dolores quia recusandae vero similique non molestias. Culpa porro non veniam quos exercitationem sed. Ex modi eaque necessitatibus consequatur. Rem illo odit non officiis ut consequatur non.\n\nDignissimos eum dolorum quae consectetur a iste. Non voluptas eius rem repellat modi voluptatem. Rem id ut ut sunt quia atque debitis. Repellendus ab et suscipit et quibusdam velit omnis.\n\nNulla optio enim ipsa in numquam ad quisquam. Blanditiis voluptates est accusantium. Omnis mollitia ut nihil voluptatem quo. Ut animi porro consequuntur quo commodi sequi eius consequuntur.\n\nSit numquam ut veniam fuga incidunt. Maiores quas qui voluptatibus sit molestiae officia. Enim earum aut asperiores consequatur. Cum earum perferendis quo inventore a.\n\nDolor ad non dolores tenetur eaque rerum ad. Laudantium alias sint velit asperiores error non.\n\nPraesentium nihil deleniti aperiam adipisci sint voluptatem. Eum ex ut quam eum exercitationem officia explicabo. Sed earum est veniam dolore non deleniti. Ratione est aspernatur sequi voluptate iusto voluptatibus ut.\n\nVoluptas assumenda omnis aut voluptatem nobis quia blanditiis inventore. Illo quia rem assumenda itaque ipsam et aliquam. Labore facere cumque voluptas veritatis. Ut voluptate ratione debitis dolores.\n\nSed voluptas deleniti dolores. Nemo consectetur modi dicta sunt aperiam iure nobis. Voluptas laboriosam autem incidunt ratione dolores eum nulla. Sint aut non minus doloribus consequuntur quia omnis.\n\nUt impedit laudantium impedit est quod dignissimos. Vel quam consectetur enim nemo perspiciatis aut. Atque dolor dolorem aperiam rerum rerum.\n\nNeque vel ut vel molestiae repellat. Aut illum vero officiis perspiciatis temporibus doloremque. Ut esse laboriosam sunt veniam accusantium.', '2026-04-08', '2026-05-11 12:05:43', 'Est quaerat vel eos et non. Culpa sapiente ipsa similique maxime tempora eos. Labore molestiae et rerum et. Doloremque blanditiis vel provident.\n\nSit eum eos quibusdam eos unde natus sint. Voluptates eos odit praesentium vitae et nihil. Laboriosam sit consequatur saepe consequatur quis est. Qui sit accusantium et aperiam voluptatibus dolores.\n\nEos omnis praesentium magni sit eos consequatur. Officia molestiae eius in ducimus natus. Odio sed fugit autem eum consequatur consectetur explicabo.\n\nAccusamus est eligendi et. Quia quod tenetur eaque ipsum deserunt ea impedit. Pariatur quasi commodi eum voluptas culpa expedita. Aut consequatur nihil blanditiis reiciendis quidem.\n\nIllum consequatur qui autem quidem qui. Deleniti neque voluptatum voluptas quia eum. Ratione velit dolorum quae corrupti. Eum placeat dolores consequatur nostrum id quia. Aut impedit omnis consequuntur accusantium qui.\n\nVitae ut molestiae et perferendis. Saepe praesentium tempore eos rerum omnis in. Illum aut sed qui harum sit.', 4, 5, 0, 0, 1, 2, 2),
(35, 'Jeu vidéo 34', 'video_game_34.png', 2098872, 'jeu-video-34', 'Eligendi omnis rerum sunt quos. Et nemo temporibus occaecati. Pariatur sunt alias eveniet quis accusantium fugit adipisci. Molestiae dolorem ab qui qui repellat.\n\nDucimus atque est ut ut laborum sunt ea. Rerum quas fugiat doloribus saepe facilis sapiente deserunt. Qui qui ipsam necessitatibus et.\n\nQui debitis vero placeat amet laborum corrupti cupiditate rerum. Recusandae amet qui dignissimos maiores.\n\nIn asperiores eum impedit saepe. Maiores accusantium voluptatem qui nam culpa. Minus in magnam animi voluptatum est voluptas adipisci. Quia ratione distinctio optio voluptas labore omnis esse est.\n\nVoluptatem officia modi officia dolorum ea. Autem itaque ut et vel sint non enim. Natus illo voluptas deleniti velit laborum debitis. Fugiat libero quidem officiis quas maxime incidunt.\n\nEst nisi consectetur et iste esse. Hic facere molestiae ipsa et. Molestiae mollitia non nobis laborum reiciendis.\n\nSaepe harum vel non. Vero repellendus vitae consequatur nihil et doloremque. Et et et quasi soluta quia nobis. Nihil natus et quia id suscipit molestiae.\n\nAspernatur cum alias voluptate sint quas corporis. Quia ipsam delectus nobis incidunt molestias libero temporibus. Quas nostrum ex enim tempore amet porro aliquam.\n\nExplicabo alias veniam reiciendis est animi autem quaerat. Dolorum nobis quis voluptatem totam. Nesciunt eveniet itaque quisquam dolorum. Ipsum pariatur reprehenderit sit numquam aut illum.\n\nRem nobis porro sunt est est. Tenetur et eveniet dolor nisi. Nulla culpa assumenda ullam error molestiae est nihil. Quibusdam doloremque non ut similique at blanditiis.', '2026-04-07', '2026-05-11 12:05:43', 'Optio quia et cumque vel voluptas et dolores laudantium. Neque ea et et tempora sint voluptate sint. Optio et rerum in molestiae sed.\n\nAccusantium sunt natus eos. Aperiam deleniti aut deleniti fugiat et quas et. Totam voluptatum dolor iusto nobis.\n\nPerferendis iure laborum provident sed. Suscipit earum vero tempora. Quo quo et dolor aut.\n\nEst ratione voluptatum incidunt iure eos. In sequi aut qui aliquid quod accusantium ut. Facere sed quam aut. Suscipit est non veritatis nam quia ut.\n\nTempore culpa dolorum sunt officia. Sunt minima quisquam provident hic. Ipsa aliquam illum debitis qui est. Facere voluptatem voluptates libero vitae facilis omnis.\n\nVoluptatem sit sit et. Velit rem totam nulla eligendi.', 5, 3, 1, 2, 2, 0, 0),
(36, 'Jeu vidéo 35', 'video_game_35.png', 2098872, 'jeu-video-35', 'Placeat id sint facere velit beatae. At nesciunt voluptatem fuga consequatur magni iure libero. Eum qui ipsa porro error. Ex enim ea minus est quia illum.\n\nConsequuntur error ad ut eos provident quas. Delectus mollitia animi et eveniet.\n\nAsperiores id ipsam quasi soluta voluptatibus eaque. Dicta dolores non et. Omnis ab dignissimos exercitationem optio ut magnam. Voluptates ut molestiae saepe adipisci recusandae et.\n\nFuga eum ea voluptatibus autem minus qui. Occaecati quis repellendus deserunt autem. Non distinctio vel non.\n\nMagnam et quia et deleniti possimus. Quos sint vel ab rerum ab distinctio. Voluptatum harum molestiae ea corrupti. Sunt asperiores quisquam rerum voluptatem.\n\nQuia eligendi modi est architecto quam quia nihil sint. Fuga eveniet eum autem quo ipsum distinctio. Inventore dignissimos voluptatem recusandae et quasi dolor voluptas. Eum expedita pariatur voluptas eum sequi facere. Debitis quam cum officiis omnis iusto molestiae.\n\nEsse numquam maxime atque ut ut cumque et nobis. Voluptates maiores dicta modi voluptatem nam. Iure magnam quidem nostrum dignissimos.\n\nNemo excepturi qui delectus. Aut cupiditate qui temporibus. Nemo ratione est est consequuntur et aut et.\n\nNecessitatibus adipisci eius neque et ut explicabo expedita. Maiores dicta excepturi qui dolor. Ipsam laborum consequatur repellendus eaque. Velit molestias non nihil esse rerum.\n\nNeque tempore aut ullam similique hic numquam maiores. Facilis vitae magni et non. Porro ad eos qui sed.', '2026-04-06', '2026-05-11 12:05:43', 'Voluptas quia aperiam in. Ipsa fuga aut sit et distinctio. Explicabo occaecati molestiae sit ut.\n\nSit tenetur laboriosam eveniet velit cum. Minima a voluptas voluptatem harum. Et sint et dolores qui quia tempora.\n\nEst animi quam repellendus omnis est et blanditiis culpa. Fugit blanditiis nostrum qui tempore. Numquam et enim assumenda. Aut modi mollitia quas nesciunt. Earum quo vero veniam labore ea.\n\nDolor voluptatum aspernatur aut repellat. Nihil aut ut nisi omnis sunt enim. Qui amet et ea eos voluptas alias tenetur. Ipsum impedit animi aut qui ex odit ut.\n\nQuasi temporibus ducimus fugit animi in. Ipsa architecto totam provident. Necessitatibus consequatur alias sed illum ducimus ipsa voluptatem et. Deserunt itaque omnis provident saepe itaque.\n\nLaudantium perspiciatis exercitationem velit minima voluptas ut. Qui eos laboriosam at. Vel iste quia aut dolores qui voluptas.', 1, 3, 0, 1, 3, 1, 0);
INSERT INTO `video_game` (`id`, `title`, `image_name`, `image_size`, `slug`, `description`, `release_date`, `updated_at`, `test`, `rating`, `average_rating`, `number_of_ratings_per_value_number_of_one`, `number_of_ratings_per_value_number_of_two`, `number_of_ratings_per_value_number_of_three`, `number_of_ratings_per_value_number_of_four`, `number_of_ratings_per_value_number_of_five`) VALUES
(37, 'Jeu vidéo 36', 'video_game_36.png', 2098872, 'jeu-video-36', 'Neque esse officia voluptatem labore expedita nam amet minus. Dignissimos sed explicabo id sit quis. Unde quam numquam rerum quod omnis temporibus voluptatem ipsum.\n\nNulla fugiat magnam tempora omnis ut nisi. Nihil accusamus eum aut et aliquid eum voluptatem. Sapiente esse inventore labore tempora.\n\nEt voluptatum quisquam et aliquam et quia. Quidem incidunt alias dolores quisquam.\n\nEst ut et quos dolor mollitia. Eaque iusto non dolores ut. Veniam neque asperiores maiores rem officia at error. Perferendis dolor explicabo nemo eum sed nihil.\n\nRerum quo libero quas assumenda voluptatem id eos. Aliquid ipsa repellendus ipsum quae. Doloremque adipisci laborum natus dolores accusantium porro. Error debitis eius veritatis similique sit.\n\nNumquam eveniet aut deserunt et quo qui maxime modi. Est aliquid eligendi voluptatibus ipsa ipsum est. Autem ducimus fugit cupiditate commodi qui vel. Asperiores nam dolor incidunt sed omnis et et. Veritatis assumenda corrupti voluptatem enim eius nulla facere.\n\nEt et quam vel inventore neque. Architecto nam ea culpa culpa corporis blanditiis eum. Vero nostrum sunt itaque ut fugit quibusdam. In facere porro velit error dolorem nisi iure.\n\nTenetur at rerum rerum repellendus qui commodi ad. Repellendus consectetur perspiciatis error et. Sunt deserunt velit rerum delectus omnis sit omnis.\n\nOfficiis iusto nesciunt quod cumque in sed nulla. Deleniti iste aut nobis asperiores.\n\nUllam magnam illo consequatur sed qui architecto cupiditate modi. Aspernatur atque fugit tempora magnam aperiam. Natus rerum corrupti voluptates nobis.', '2026-04-05', '2026-05-11 12:05:43', 'Est consequuntur eveniet fugit. Et quis quisquam est deserunt possimus enim pariatur. Magnam cupiditate fugit suscipit consequatur. Officia pariatur praesentium voluptas ducimus aut nam officiis.\n\nConsequatur sequi beatae voluptas quas atque. Voluptatibus accusantium dolor sit vero non. Nam quaerat in in in nemo quae.\n\nOmnis eius dicta saepe fuga tempora. Autem voluptates velit aut et voluptas et. Autem quas maxime aut et repellat repellendus.\n\nEst et sequi et omnis. Dolores omnis porro blanditiis ut qui. Est alias corporis exercitationem eos. Molestiae eos et laborum doloremque minima.\n\nAsperiores sunt aut autem et consequatur iste. Sint quidem quae autem voluptas nemo ut. Molestiae voluptatem quidem sunt saepe enim voluptatum.\n\nSunt minus quibusdam fuga voluptas ad. Voluptate omnis sed quam deserunt. Illum labore ex consequuntur reprehenderit.', 2, 2, 2, 2, 1, 0, 0),
(38, 'Jeu vidéo 37', 'video_game_37.png', 2098872, 'jeu-video-37', 'Non quis ratione voluptate sequi tempore. Voluptas quis voluptatem omnis. Suscipit minima in voluptates non aperiam.\n\nConsequuntur esse rerum consequatur ullam quisquam suscipit. Pariatur ab suscipit est ut. Omnis nihil et culpa.\n\nEt consequuntur quis velit voluptas vel nihil. Eos voluptatem earum nihil tempore. Officiis distinctio atque et sed aut doloremque optio. Est accusamus ea nihil impedit earum.\n\nPossimus nesciunt harum vel quidem. At velit pariatur fuga ut. Porro et magni ut placeat error et.\n\nItaque similique omnis ut enim. Incidunt laudantium non et provident sit. Illum impedit aliquid dolore facere quibusdam quod.\n\nAspernatur expedita voluptatibus ipsum omnis quam. Commodi fugiat illum dolores ullam. Rerum hic et quae illo tempore. Veritatis aliquam tempore consequatur.\n\nId dolore rerum fugit tenetur. Vero ut ipsum ullam nemo sunt. Quo et aliquam voluptas voluptates dolore. Laborum deserunt voluptatem in quibusdam eum.\n\nMagni ut nobis sed quis dolorem. Error inventore ex rerum laudantium ex. Non ratione deleniti est. Autem sed deserunt dignissimos praesentium ratione.\n\nEos exercitationem voluptatem suscipit iure dolorem temporibus et corporis. Esse adipisci eius et provident quia. Molestiae quod velit et cum vitae nisi. Eligendi eius quo qui molestiae in.\n\nPerferendis aspernatur voluptatibus hic ipsa earum ea neque. Animi officiis dolor omnis aut asperiores nulla. Itaque assumenda officiis rerum blanditiis. Est iste quia non officiis veniam velit voluptas.', '2026-04-04', '2026-05-11 12:05:43', 'Iste necessitatibus eligendi et unde vero aperiam aliquam. Itaque at qui autem itaque aut. Sed et iste labore.\n\nDistinctio quaerat iusto omnis ab voluptatem. Ut quisquam nisi inventore ea nostrum omnis.\n\nCupiditate et ea consequatur voluptatem. Labore nam delectus fuga incidunt consequatur. Molestiae nemo qui sed cupiditate.\n\nQuasi voluptatem iste soluta repellat reiciendis. Et tempora eligendi et dignissimos ab sapiente. Velit ipsum alias est et quos iusto quibusdam qui. Molestiae et repellendus sunt ipsum cupiditate aut libero.\n\nCum sapiente perferendis occaecati totam delectus. Qui aspernatur dolore adipisci. Voluptates culpa et laudantium quia minus libero voluptas.\n\nItaque repellat iure atque quia. Et at nulla expedita deleniti et. Perspiciatis eos eos aliquam quos.', 3, 3, 2, 1, 1, 0, 1),
(39, 'Jeu vidéo 38', 'video_game_38.png', 2098872, 'jeu-video-38', 'Inventore nisi temporibus dolore aut enim deleniti. Ut adipisci quisquam voluptatibus est doloribus et unde. Similique quidem soluta quasi labore.\n\nQuas optio eligendi cumque id. Possimus laudantium enim laudantium corrupti maiores mollitia. Et labore quasi atque commodi cupiditate. Facilis aspernatur ut quia qui cum.\n\nAlias quia eveniet sit omnis unde. Nulla quisquam magnam deleniti et. Saepe sed qui modi.\n\nAdipisci accusantium molestiae voluptatum deleniti est id tempora. Explicabo molestiae eligendi itaque laudantium. Et et accusantium qui placeat repellat ex.\n\nRerum perspiciatis ullam reiciendis earum. Odio non eaque tempore deserunt. Aperiam quos eligendi adipisci quas quisquam molestiae a error. Enim consectetur quidem est aut enim.\n\nHic eum laudantium ut sed architecto. Alias non beatae voluptas deleniti non. Praesentium ea quo alias quaerat reiciendis distinctio. Consequatur consequatur earum reiciendis vero dolore officia.\n\nSunt accusamus quo ad. Quos hic quam ullam omnis nam dolorum atque. Voluptatum hic libero asperiores ut vitae tempore deleniti velit. Temporibus et magni deserunt iste magnam sit illo.\n\nEveniet culpa et temporibus et totam soluta atque. Vel suscipit est possimus architecto. Quod sequi eos pariatur eveniet animi ducimus voluptatum velit. Tenetur deserunt eum et omnis. Fugit quos possimus nihil expedita nemo et deleniti sit.\n\nNumquam est amet voluptates animi molestias. Quas hic doloremque recusandae nam necessitatibus non voluptate. Dolores maiores aspernatur quibusdam est.\n\nSequi provident fugiat in necessitatibus eligendi. Vitae aut commodi sunt et. Cumque adipisci et doloremque adipisci aliquid nostrum.', '2026-04-03', '2026-05-11 12:05:43', 'Veritatis facere reprehenderit nemo. Accusamus et eligendi in neque voluptas assumenda. Voluptates at necessitatibus atque fugiat vero id. Praesentium molestiae aut et aut voluptates consectetur facere et.\n\nA est unde at inventore et quo sit. Qui facere et non quasi et voluptatibus. Quos non aut qui sunt. Est aut error nostrum possimus aut voluptatibus nemo.\n\nConsequuntur nihil qui aut et saepe ipsum reprehenderit sint. Blanditiis consequatur labore sit non asperiores iusto nisi. At et voluptas minus asperiores est sit.\n\nOmnis odit nobis et consequatur id voluptas. Iure et natus qui omnis est delectus sequi. Minima praesentium ut eos quo alias a est. Qui excepturi molestiae exercitationem sequi.\n\nSit consequatur doloremque doloribus aut. Hic perferendis non in tenetur. Doloremque repellat explicabo quis commodi et debitis eveniet. Officia expedita similique voluptatem ut numquam libero.\n\nEt aperiam eveniet enim et dignissimos aut. Molestias minus nulla quia quo nobis molestiae expedita. Ab non dolores minus. Et accusantium fuga ut omnis distinctio enim accusantium voluptatum.', 4, 4, 0, 1, 1, 2, 1),
(40, 'Jeu vidéo 39', 'video_game_39.png', 2098872, 'jeu-video-39', 'A doloribus qui ut dicta dolore dolore repellendus. Facere necessitatibus quod adipisci id. Et porro qui aut ea et accusamus dolore dolorem.\n\nCorrupti modi beatae similique est exercitationem molestiae. Vero rem ea quos qui expedita vero quis. Unde quos dolorum voluptas nulla ut fuga. Voluptate placeat eum ut rem hic ut voluptas.\n\nIste blanditiis et earum nihil non numquam suscipit. Sed velit sed sint. Eaque unde molestiae est accusantium.\n\nQuia eum consequuntur suscipit aliquid ducimus porro. Sapiente voluptate voluptatum sint reprehenderit. Consequatur esse harum voluptates ut illum dolorum qui deleniti.\n\nEt recusandae omnis ullam ab est qui molestias. Nulla est libero ut. Et ipsam vitae asperiores asperiores. Exercitationem et non autem.\n\nDolores rerum aliquid natus impedit. Dolores provident unde vel itaque atque itaque nostrum. Eligendi sit dolorem occaecati qui repellat voluptas.\n\nQuam iste quidem voluptatem est labore aut praesentium. Aspernatur est consequatur sint tenetur. Dolore debitis nihil sunt deserunt perspiciatis velit quisquam dolor. Atque voluptatem aut magnam expedita culpa sapiente tenetur. Officiis doloribus nam rerum quia velit suscipit.\n\nDolor quia vel quo doloribus nesciunt accusamus dolorem. Eaque laboriosam voluptas laboriosam quae et dolore aut. Similique dicta provident eos ab delectus totam.\n\nCommodi ipsa tenetur error illo qui qui recusandae. Recusandae quia et recusandae sapiente ut. Reprehenderit est nam enim quo sed eos unde.\n\nFuga quam iusto tenetur hic rerum. Dolor est voluptatum tempore vel. Ut iure placeat consectetur tenetur ut.', '2026-04-02', '2026-05-11 12:05:43', 'Nisi et quia praesentium velit. Voluptas nulla ipsam harum quidem voluptate et omnis. Atque aliquid a labore eaque sed cum. Inventore rerum quasi quia ut ut.\n\nAccusantium eum quibusdam asperiores. Voluptatem nemo eligendi magni sint laudantium asperiores soluta alias. Sed magni minus minima nulla illum. Hic fugiat illo et quae provident.\n\nMinus accusantium mollitia et hic. Eos qui dolor veniam unde aut voluptatem quaerat esse. Vel rerum veniam excepturi.\n\nDoloremque quod dolores reprehenderit in sit. Distinctio debitis quis sint dolore sint. Non odio ducimus sit alias quia.\n\nSunt necessitatibus eligendi quidem sed rerum suscipit. Eos quos ut id eius numquam cumque. Eum debitis ut eaque molestiae ex ut. Alias nulla et voluptate omnis.\n\nAtque temporibus ut aut consectetur modi. Officia sunt provident nostrum. Non nam enim tenetur et. Iste et dolores ea aut ad numquam.', 5, 4, 0, 0, 3, 2, 0),
(41, 'Jeu vidéo 40', 'video_game_40.png', 2098872, 'jeu-video-40', 'Est natus laboriosam incidunt nulla natus. Impedit ipsam enim doloremque est beatae eveniet. Provident molestiae saepe earum possimus non. Labore sunt consequatur eos laudantium eveniet nulla sunt aliquam.\n\nEsse quidem dolores iste voluptatum eligendi rerum est. Ipsam facilis asperiores natus alias minus. Qui rerum eius quis amet aut deleniti. Itaque voluptatibus est mollitia aspernatur.\n\nA voluptas consectetur expedita. Qui voluptas quae aut nam sint. Quis magni architecto nobis ad voluptatem omnis molestiae. Similique rerum et in et veniam.\n\nVoluptas eum ex labore id consectetur libero sint. Nostrum a libero voluptatibus ut eum perspiciatis sunt. Exercitationem voluptatem accusamus quibusdam laudantium animi officia aut.\n\nOccaecati aperiam laboriosam pariatur facilis accusantium omnis delectus. Maxime nihil sit incidunt laborum. Praesentium et aliquid excepturi. Quisquam aut illo rerum laudantium.\n\nEius aspernatur eaque hic amet adipisci nostrum. Expedita repellendus qui quibusdam at sit. Iure debitis molestias magnam sed consequatur corrupti. Tempore temporibus blanditiis sint enim.\n\nUnde molestiae voluptates earum et reprehenderit quas ut sint. Temporibus sint voluptas voluptates sapiente temporibus. Perspiciatis libero omnis minima molestiae.\n\nDolorum illo cumque aperiam enim accusantium vitae id voluptatem. Quae velit voluptatem nemo et. Consequatur rerum consequatur cupiditate odio.\n\nNam porro dolores veritatis voluptatibus voluptatem ipsa ut quas. Et voluptatem vero et rem omnis quae. Magni quidem aut facilis veritatis. Sit saepe dicta totam nihil iure mollitia nulla. Ullam tempora dolore consequatur optio dolor necessitatibus ex.\n\nError qui et maxime dolorem rerum. Molestiae facilis voluptas quia et vero explicabo qui aut. Ut excepturi non sit dolore in.', '2026-04-01', '2026-05-11 12:05:43', 'Mollitia libero nulla omnis unde. Ad magnam quisquam voluptates iste molestiae quo eos. Aut in quae quaerat et excepturi tempora ut.\n\nLabore ut ut fuga placeat et dicta aspernatur recusandae. Maxime labore deleniti maxime consequatur neque possimus magni. Veritatis dignissimos quam voluptas ratione molestiae itaque ullam. Dolorem fuga placeat nemo minus saepe.\n\nExpedita ea distinctio deserunt commodi asperiores. Autem aspernatur mollitia neque nobis ut qui. Dolorum quia nihil officia est at qui aut exercitationem. Asperiores doloremque qui nobis saepe quia.\n\nAliquid deserunt ullam aut ut eos molestias. Aut fugit sequi quae eos fugiat soluta et.\n\nQuia maiores et aut ex voluptates voluptatibus facere. Sunt veritatis saepe officiis numquam molestias officia consequuntur laudantium. Officiis aperiam provident repellat tempora quia. Voluptatum sequi et laudantium rem et nemo.\n\nDeleniti delectus facere nobis placeat aut. Dicta sapiente quos natus natus aliquam. Minus repellat quasi earum aliquam voluptates sequi. Explicabo aut officiis laboriosam sed ipsam ducimus accusamus.', 1, 4, 1, 1, 1, 0, 2),
(42, 'Jeu vidéo 41', 'video_game_41.png', 2098872, 'jeu-video-41', 'Velit est facere voluptas assumenda aliquid minus sapiente. Consequatur iusto consequatur aut earum repellendus blanditiis quod. Dolor amet dolor voluptas ut. Sint dolorum officiis minima fuga hic.\n\nVoluptates totam corporis pariatur itaque laborum. Sunt distinctio est ullam qui voluptatem. Assumenda autem eos maiores laborum nobis repellat ex.\n\nEos magnam corporis ipsum iure est earum iste. Porro eum cum odio quia aliquid pariatur. Ratione voluptatibus porro porro quia sint doloribus mollitia.\n\nLaudantium distinctio sint minima ut distinctio ullam nobis reprehenderit. Est vero facilis voluptatum aut laboriosam. Dolorum iste natus laboriosam consequatur facilis voluptas error qui. Commodi nihil omnis consequuntur voluptas aut.\n\nEt at consequuntur inventore qui non eos. Commodi dolorum in delectus magni ex tenetur delectus. Qui asperiores blanditiis quod possimus quis optio itaque. Dolore rerum enim ut dolorum illum adipisci dignissimos.\n\nNeque est sed occaecati laudantium. Sunt repellendus fuga similique repudiandae aut. Accusamus facere ut consequatur eos.\n\nVoluptate molestiae enim voluptas. Eius reiciendis praesentium minus corporis eos et eaque.\n\nOfficia ut fugit aut rem minus molestiae eum. Rerum sunt quaerat vel et vel et omnis. Quia dolorem laborum praesentium provident.\n\nSed non eligendi velit quasi magnam. Est est qui velit aspernatur. Quae distinctio rerum ipsam iure occaecati consequatur dolorum.\n\nSuscipit et et nostrum illum doloribus. Eum neque autem dolor rerum velit sunt. Sit corporis eius necessitatibus facilis deleniti. Autem aperiam commodi rerum earum ut.', '2026-03-31', '2026-05-11 12:05:43', 'Qui et omnis dolorum repudiandae et sapiente vero quia. Architecto laudantium natus minus ut sint. Saepe error non molestiae iure distinctio. Dolor ex maiores aut maxime asperiores id.\n\nDeleniti natus magnam modi porro consequatur maxime totam. Ipsum quisquam et pariatur repellat omnis vitae. Voluptatem vitae et ex autem. Recusandae voluptatum nostrum rerum illum architecto quo.\n\nEsse atque temporibus architecto ut sint quia. Non ratione ut quasi et ut. Alias non maxime maiores harum ut. Molestiae quam ipsa ut vel quia dolorem facere aut.\n\nAdipisci porro quo labore adipisci. Facilis ipsum qui itaque est nihil. Sit suscipit officiis soluta aspernatur nihil et quae. Perferendis praesentium maxime nihil tenetur quam enim.\n\nUt labore veniam delectus. Voluptatem quia nihil quia qui. Incidunt beatae ea quidem architecto praesentium voluptates et.\n\nNisi nostrum ea molestiae nulla dolorem. Eaque suscipit nemo beatae consectetur rerum illum facere. Quasi reprehenderit numquam nam.', 2, 3, 1, 2, 0, 0, 2),
(43, 'Jeu vidéo 42', 'video_game_42.png', 2098872, 'jeu-video-42', 'Rem voluptatem aut adipisci iste natus error. Dolorum non dolores est assumenda. Illo aspernatur provident ut optio quia aperiam molestias. Nostrum et id iusto itaque et explicabo et.\n\nOdit commodi delectus dicta similique distinctio. Amet et repellat corporis numquam rerum aut perspiciatis. At qui est magni soluta consequuntur.\n\nDebitis totam consectetur et ut ab iure et ut. Eos sunt dolorem dolores. Aut cupiditate ut vel quia aliquam consequuntur.\n\nUt molestias vitae quod quas natus ex. Corrupti ut atque cupiditate occaecati voluptate asperiores. Et corporis ex alias et nihil blanditiis totam laborum. Id ex possimus aspernatur sit vitae praesentium. Voluptas enim quibusdam rerum dolores quidem et ut.\n\nIncidunt aut odio assumenda vel. Ab autem repellendus autem quo. Provident enim sit enim nesciunt commodi natus qui.\n\nRerum doloremque et aut sit. Reiciendis officia qui veniam natus et sed laborum. Magni ea nulla voluptas esse eos. Accusamus qui aut sint.\n\nFuga consequatur et aut reiciendis laborum placeat similique. Iure voluptatem rerum et impedit doloremque. Velit consequuntur amet quisquam non et aperiam voluptatem in. Quae dolorem non temporibus sunt numquam eum dolore.\n\nAut ut quisquam dolores id sed quo non voluptate. Ut corporis est consequatur at. Corporis est iste aut est. Non et repudiandae molestiae distinctio dolores commodi. Voluptatum quia dolorem in voluptatem.\n\nItaque delectus eos soluta accusantium laudantium consequatur qui. Asperiores minus qui fuga minima. Enim possimus officia porro aspernatur. Aut odit cupiditate odio a.\n\nIpsum et quasi dolorem enim laboriosam. Vel nobis aut eveniet est animi vitae sit ab. Sequi omnis et accusantium quisquam facilis.', '2026-03-30', '2026-05-11 12:05:43', 'Nemo quidem mollitia possimus. Vel fuga unde molestiae dignissimos sunt. Dolorem atque esse cupiditate aut sunt.\n\nSaepe voluptatem quam sed fugiat enim velit cum eveniet. Repellat odit ea et corporis molestias. Qui porro quae rerum est voluptates molestiae voluptas.\n\nMagnam possimus deleniti similique qui et amet. Explicabo libero maxime beatae voluptas sapiente.\n\nRerum voluptatum illo tempora deserunt culpa amet aspernatur. Aut non consequuntur et labore sit. Qui dicta quis laborum. Sit et nulla delectus eum quo.\n\nUt quo voluptate ex ea alias. Atque ducimus beatae et atque nihil enim. Sit exercitationem eveniet nesciunt sed et quo temporibus. Molestias voluptatem blanditiis molestiae. Officiis et eos numquam dolores.\n\nQuod aut quam eum nihil explicabo. Nisi distinctio voluptatem repellat iure. Ut et et non rerum non consequatur.', 3, 3, 2, 0, 1, 2, 0),
(44, 'Jeu vidéo 43', 'video_game_43.png', 2098872, 'jeu-video-43', 'Molestiae qui soluta iusto officiis voluptates dolorem officia aut. Iure quia exercitationem soluta quasi accusantium consequatur sint. Sapiente nobis dignissimos ea eveniet. In magni expedita rerum ut autem sed quo.\n\nUt ipsa velit vel. Iure unde nihil cum nihil repudiandae rem ipsam dolorum. Expedita nemo dolores architecto illum occaecati necessitatibus. Dignissimos dolores quia reiciendis. Modi repellendus eaque perspiciatis officiis aut.\n\nPerferendis velit beatae aut eum. Eum animi qui culpa dolorum voluptatem eligendi eveniet. Quisquam eum nisi voluptatem esse enim. Minus qui quo pariatur ipsum magni excepturi.\n\nIn optio recusandae eaque tempore fuga. Eligendi inventore voluptatum aut assumenda quis velit ea nihil.\n\nEx ad earum optio laborum nobis qui quos. Rerum voluptates et dolorum dolor. Et suscipit consequatur et eos sint. Culpa cupiditate maiores et omnis quos et harum. Suscipit amet harum corrupti aut facilis debitis et.\n\nQui eaque laborum molestiae. Quia minima sequi qui ea exercitationem. Laudantium est reiciendis odit. Id quia expedita nam eaque dolor aut praesentium.\n\nNam quia aut voluptas. Nam ut ab nisi molestiae quos. Porro ducimus non dolore. Ut quasi illum aut asperiores.\n\nQuaerat reprehenderit error unde dolorem inventore laboriosam. Nemo non est numquam consequatur eveniet rem. Dignissimos dolorem aliquam voluptate perspiciatis voluptatem et itaque est. Praesentium ut quibusdam sed tenetur. Rerum id voluptas libero.\n\nVelit quia velit eius. Magni voluptatibus nostrum tempore maxime autem et. Dolor ea similique libero dicta est cumque.\n\nQui rerum qui in cupiditate corrupti. Rerum perferendis vel quo quaerat atque cum in minus. Voluptas deleniti quos consequatur et.', '2026-03-29', '2026-05-11 12:05:43', 'Laudantium neque ut occaecati repudiandae fugiat et. Ducimus non sed autem voluptatem recusandae veniam blanditiis beatae. Molestiae veritatis non voluptatem molestias assumenda ut sit.\n\nSequi fuga illo accusamus et provident pariatur sed. Ut eum iure laudantium iste omnis repudiandae aut. Ut nemo atque incidunt mollitia explicabo assumenda.\n\nUt et aliquid laborum quibusdam. Voluptatem ea aut quis sunt ducimus error fugiat. Officia neque est maxime tempore. Qui mollitia ducimus omnis officiis iure aspernatur aspernatur alias.\n\nAut doloremque fugiat est nihil explicabo sint enim. Eius est velit eius veritatis recusandae ut ipsum praesentium. Veniam quam voluptatem eum ullam et reiciendis non totam.\n\nDolores veritatis in rerum facilis necessitatibus. Quia ut quisquam fuga quibusdam iste ipsa harum et. Accusantium sed quibusdam culpa est beatae. Ratione ullam vero et mollitia omnis et.\n\nSaepe corporis sit sequi ut aut harum. Ullam fugit iste praesentium sint qui vel. Dolor ullam voluptate commodi molestiae. Id eos commodi recusandae quas sed omnis. Eius rem molestiae autem adipisci et.', 4, 3, 1, 1, 1, 2, 0),
(45, 'Jeu vidéo 44', 'video_game_44.png', 2098872, 'jeu-video-44', 'Officia totam reprehenderit ab enim. Cumque pariatur est sint quidem ut commodi adipisci. Nihil id dolores non perferendis qui enim. Illo molestias eaque omnis temporibus qui fuga ullam.\n\nLibero quis ipsum odio autem minima. Odit voluptatibus hic hic eligendi. Optio consequatur rem voluptas cumque odio enim.\n\nAmet ratione non et quidem quos nihil. Aut sunt veniam quod. Quod et dolorem non nihil maiores possimus commodi.\n\nEarum repellat praesentium minima excepturi quis voluptatum nam. Deleniti harum facere non in aut dignissimos neque consequatur. Error doloribus aut doloremque et totam ut.\n\nImpedit vel officiis cumque et ut et velit expedita. Ut aliquid molestiae est doloremque esse consequatur quia.\n\nQuaerat consectetur dolor similique quidem. Est iste ut suscipit sed deserunt ut laborum. Labore officiis tempora qui voluptatem ipsum explicabo impedit perspiciatis. Assumenda omnis est ea sapiente saepe hic et vero.\n\nQuibusdam eos quo soluta et officiis. Magni voluptates omnis perspiciatis assumenda quo est blanditiis. Vitae dolorem dolores aliquam aliquam.\n\nTotam accusantium in porro. Sunt rerum omnis commodi deserunt ea eveniet voluptatibus. Velit sunt minus non voluptas voluptas. Eos ullam sequi incidunt hic sit.\n\nLaudantium qui aspernatur minima magni repudiandae quo dicta. Iusto atque quisquam eligendi laborum quam. Sequi maiores quia totam iure excepturi illo. In veniam enim autem dolor nesciunt.\n\nDolore voluptatem consequatur sit. Cum aut voluptates autem impedit cum saepe reiciendis eius. Aut impedit iure eos rem alias. Inventore et sed quam debitis qui a blanditiis tenetur.', '2026-03-28', '2026-05-11 12:05:43', 'Et officiis ducimus deserunt deserunt aperiam eum omnis sint. Qui et modi id dicta. Quasi repellat atque praesentium sed quae nulla.\n\nQuod aliquam aliquid tempora nostrum omnis commodi et ut. Enim aliquid quos deserunt ad corrupti optio sunt. Necessitatibus atque enim nulla nemo eveniet suscipit amet natus. Accusantium modi inventore nostrum laboriosam dolor quae qui.\n\nAut molestiae nam totam animi. At perspiciatis fuga nam beatae. Blanditiis quia ut eum eveniet libero nemo.\n\nEt sequi non consequatur itaque temporibus iste. Tempore fugit labore assumenda et ea. Nihil quia recusandae nam quia vero.\n\nVelit vel reprehenderit et ut tenetur nisi dolorem. Sed voluptates distinctio mollitia quia temporibus saepe. Sapiente tenetur eos similique architecto est. Facilis aut optio aut eos magnam esse.\n\nIn et eveniet vero laborum rem dolorum. Quia ipsam exercitationem provident quis delectus enim. Animi iste repellat pariatur iusto veritatis.', 5, 3, 1, 2, 2, 0, 0),
(46, 'Jeu vidéo 45', 'video_game_45.png', 2098872, 'jeu-video-45', 'Minima ullam dolorem et doloribus voluptate similique. Vel voluptas iste rem corrupti nam eos.\n\nUt magni similique fuga eius nostrum non. Voluptate sit velit quisquam ipsam fuga sint. Eos voluptas sint fugit totam reiciendis.\n\nUnde porro et dolor et et facilis perferendis. Corporis quae eveniet quia cupiditate asperiores similique. Qui modi tenetur aut exercitationem. Numquam ut distinctio quidem explicabo fugit.\n\nPossimus unde aliquid voluptate cumque labore. Ipsum quibusdam magni iusto unde commodi velit excepturi est. Eos a consequatur voluptatem illum.\n\nQuaerat rem earum atque ut inventore. Aut ut est provident numquam impedit enim recusandae deleniti. Asperiores dolorum sed modi consequatur in placeat. Ducimus quas recusandae iste sit molestiae distinctio.\n\nSint harum consequuntur magni numquam atque fugiat. Vitae explicabo quo alias laudantium. Dolorem ad iusto sed error vero occaecati.\n\nUllam quisquam impedit delectus quibusdam quia. Repellendus quos atque suscipit numquam laudantium temporibus nemo. Et sit voluptatem delectus aut culpa et dolorum. Id enim dolorem qui impedit.\n\nOccaecati est velit et est fugiat non. Ut quibusdam itaque ex et. Quasi explicabo suscipit est maxime eligendi mollitia.\n\nOptio repellendus quia nihil dicta perspiciatis. Ut et sunt aliquid perferendis sed. Non ipsam sequi in tempore temporibus labore est.\n\nCulpa sint eveniet recusandae aut numquam maxime. Vero ut sapiente voluptatum repudiandae. Suscipit cumque dolorem aut iure repellendus quam nihil rerum.', '2026-03-27', '2026-05-11 12:05:43', 'Eum corporis quo asperiores. Adipisci ad voluptatem sint accusamus voluptas repellat modi. Dicta quibusdam nostrum aut itaque alias inventore ut deleniti. Perferendis eveniet enim quia voluptates repudiandae dolor.\n\nConsequatur voluptates veniam est. Qui totam voluptatem labore velit et consequuntur culpa. Molestias a minus dolorum error eos officia.\n\nHarum hic velit quia corrupti. Laboriosam ea et praesentium tempore deserunt. Totam facilis ut magnam rerum.\n\nItaque exercitationem blanditiis voluptates ab numquam atque neque et. Eaque sunt minima distinctio sed. Veniam iusto dolore quia magnam. Molestias sit sit quos repellat officiis nam voluptate non.\n\nSint aut delectus voluptatum dolorem. Ducimus nihil dolore pariatur sunt eligendi. Temporibus aut ut occaecati et autem consequatur error cumque.\n\nEligendi expedita incidunt ad natus dolores. Sit ea autem magnam reiciendis provident. Saepe tempora cum atque enim.', 1, 4, 0, 2, 0, 2, 1),
(47, 'Jeu vidéo 46', 'video_game_46.png', 2098872, 'jeu-video-46', 'Sunt eum ex et est omnis ipsum. Omnis odio praesentium velit vel. Nihil quam dolorem eveniet omnis in velit voluptatibus.\n\nOfficiis id inventore ea. Cupiditate ullam eos voluptas blanditiis. Cum voluptatibus sit itaque ratione sunt omnis aliquid. Sit recusandae quas similique molestias soluta rem.\n\nSit nemo quidem architecto explicabo. Autem recusandae a voluptatem explicabo quas quos. Quos provident odit itaque molestias commodi. Perferendis repellat expedita doloremque quas.\n\nMolestiae suscipit omnis sed sint adipisci rerum illum. Voluptate ratione cumque numquam qui. Ea ipsam nobis placeat quis vitae nisi.\n\nIncidunt ad qui dicta ut est. Commodi error in ipsa amet et et eum. Doloremque expedita dolor accusamus accusamus doloribus. Rerum dolorem architecto temporibus.\n\nUt nihil a rerum autem numquam odit rem. Ut animi blanditiis et harum expedita sint quis. Natus voluptas facilis optio. Omnis delectus laborum commodi nam corrupti sit necessitatibus.\n\nQui nesciunt voluptas rerum reiciendis optio labore minus. Et modi explicabo unde dignissimos unde. Doloremque perferendis reiciendis sunt. Et est assumenda quis.\n\nEst voluptas perferendis aliquam fugiat perferendis eum distinctio. Deleniti omnis et cupiditate id. Fuga adipisci nemo veniam optio libero ipsa veniam nisi. Enim explicabo ducimus repellat sapiente.\n\nRepellat rem culpa ut sunt eligendi in rerum. Necessitatibus et id voluptatem repellendus est omnis ea.\n\nAut sint dolorem iure ullam esse. Non iusto in esse. Voluptatibus omnis voluptas quis temporibus nesciunt iure deleniti. Saepe illum animi similique sint.', '2026-03-26', '2026-05-11 12:05:43', 'Ut illum qui delectus at quidem laudantium adipisci. Fuga totam est velit vitae aut et praesentium. Fugiat sed corrupti ducimus sit.\n\nIusto est nisi non voluptas provident soluta. Velit velit explicabo atque ducimus ad fugiat. Corporis dolorum doloribus omnis aliquid debitis quibusdam amet. Quis amet voluptas minima consequuntur ut.\n\nDolorum enim cupiditate et eos alias. Maxime neque sit fuga corporis blanditiis. Laudantium odit ut ab sequi similique necessitatibus amet. Veniam sed provident autem quibusdam laudantium explicabo autem quia.\n\nEa omnis inventore libero quia ut veniam accusamus in. Est voluptatum quam aut consectetur nesciunt. Dolor quos sunt optio modi minima ut in.\n\nOmnis molestias non saepe quis. Architecto ex amet est molestiae sint perferendis est sit. Illum consectetur mollitia non sequi.\n\nVelit voluptatibus rem temporibus facilis asperiores eos ut. Recusandae dolorum magni est perferendis excepturi. Explicabo maiores voluptatem quae nulla.', 2, 3, 2, 0, 2, 1, 0),
(48, 'Jeu vidéo 47', 'video_game_47.png', 2098872, 'jeu-video-47', 'Odio blanditiis consectetur consequatur porro et fuga. Magnam magni doloribus consequatur et et voluptatem ut. Sequi laborum quisquam temporibus earum. Ut nobis est incidunt laudantium harum.\n\nVoluptas nisi delectus commodi qui ducimus. Molestiae ut quam est quia quis deleniti esse. Suscipit aut quo eum quis voluptatem ipsam voluptas. Sit officiis alias rerum et cumque architecto eius nihil.\n\nUt temporibus et blanditiis enim ut. Explicabo vel dicta quia dolore animi repellat suscipit. Debitis vel dolorem quia accusamus dolorem sit est molestiae. Nihil consequatur commodi praesentium eos doloribus. Provident qui labore eius est est illum.\n\nNihil omnis beatae eum voluptates distinctio. Dolores illum recusandae tenetur asperiores rerum aut et. Pariatur dolore reiciendis ut atque reprehenderit repellendus non. Necessitatibus dicta autem sequi expedita aliquid.\n\nQuas labore porro animi. Illo doloribus odit earum sunt. Ut dignissimos ad vero accusantium alias rerum. Consequatur beatae quod quis dolorem nostrum neque.\n\nVoluptas aut accusamus commodi magni ut. Laborum voluptatum qui molestias quo quibusdam ipsa autem. Voluptates occaecati libero veniam ipsa voluptas ratione quasi. Quaerat vitae non debitis provident quod. Harum accusantium enim sapiente libero non.\n\nNeque quisquam ea deserunt architecto iure dolor. Natus perspiciatis ratione enim fugiat sint. Autem ratione voluptatem sed nihil nobis aliquid. Esse deleniti repudiandae et soluta.\n\nFuga est veniam corrupti odio sed quis quo. Exercitationem saepe sequi occaecati et corrupti et dolorem. Sint ad pariatur quam. Repudiandae a voluptas ut beatae.\n\nVoluptas est ipsum fuga qui saepe quibusdam. Dolorem sed labore necessitatibus et. Quam maxime animi est. Doloremque voluptas et repellendus.\n\nDolor qui quis tempore exercitationem quaerat iure culpa. Laborum vel vel reprehenderit sit aliquam nihil. Fugit voluptates eveniet ut ex quidem dolorum tempore. Sed nemo vero excepturi omnis voluptatem.', '2026-03-25', '2026-05-11 12:05:43', 'Eum sit ratione deleniti sit repudiandae. Consequatur et reiciendis sit id minima magni. Quas velit nemo eum natus.\n\nVoluptas dolores ea dolor odit quod eum accusamus officiis. Et occaecati libero autem. Sit nobis fugit est rerum.\n\nRecusandae iure similique minus fuga ad. Id magnam non illo cum eius excepturi enim. Dolor natus officiis ut alias maiores iure. Ut deserunt rerum accusantium.\n\nEum ipsum aut consequatur voluptatem ab iusto. Quia impedit aliquam eligendi et sint ea suscipit ut. Sunt corporis ut provident. Ea velit beatae rerum qui.\n\nVoluptatem officia autem voluptatem possimus architecto ut cum. Illo id excepturi quia.\n\nMagni possimus voluptas itaque est nam vitae. Consequuntur dolore magnam et. Tempora voluptatum dolor incidunt sed sit nam. Possimus facilis voluptatem incidunt quam eum quae dolore.', 3, 3, 0, 3, 2, 0, 0),
(49, 'Jeu vidéo 48', 'video_game_48.png', 2098872, 'jeu-video-48', 'Laborum rem et soluta molestiae minima corrupti impedit ullam. Id quos animi et qui eos sequi commodi. Et nisi est cum suscipit. Consequatur in in ut hic nemo ut recusandae.\n\nEst ut suscipit non ipsa perspiciatis dolore perspiciatis. Fugit consequatur et placeat debitis officiis tenetur explicabo est. Sunt labore vel assumenda quia.\n\nIpsam dicta doloribus ut eaque quo. Dolore consequuntur eum officiis cupiditate. Ratione distinctio quo facilis recusandae.\n\nMinima sint dicta et et soluta. Natus ut et aut. Architecto error est blanditiis et dolores sed. Ipsam qui exercitationem autem voluptatem vitae minima.\n\nDebitis ab aut perferendis quidem quo est explicabo. Aut sed voluptatem tenetur eum ipsa facere. Nihil sunt earum accusantium iusto consequatur dolore.\n\nFacilis iure cum sunt eius omnis nihil. In vero aliquam rem quia. Quia consequatur praesentium ut omnis. Quae rerum impedit voluptate commodi aut quidem placeat rem.\n\nNecessitatibus consequuntur quo ut in voluptatibus omnis sed. Repellat inventore ut rem omnis modi qui. Ratione voluptatem laudantium earum et cum.\n\nIllo omnis voluptates omnis at temporibus quod. Eligendi natus quos quibusdam aperiam odio. Aut doloremque et iure sed atque. Velit qui dolorem possimus illo aut temporibus et hic.\n\nQuis sit amet quae cumque optio qui. Quis hic ipsam sit nisi dolor quia. Deserunt reiciendis nisi itaque nam ex nemo. Corporis non animi dolores nihil.\n\nCumque dignissimos alias dolores repellendus quam. Impedit dolorem fuga non reprehenderit quibusdam odio corrupti. Nesciunt quo impedit non.', '2026-03-24', '2026-05-11 12:05:43', 'Maxime nisi earum illum doloribus quos quae sit. Error nostrum non aliquam voluptatem doloremque magnam.\n\nOccaecati officiis et consequatur assumenda. Sequi doloribus ut rerum. Expedita quia qui debitis voluptatem blanditiis et neque.\n\nCorrupti vitae voluptatem quia mollitia vel error. Nobis animi autem harum sunt sit. Ex incidunt aut ut minus.\n\nQuia harum quis rerum nam cum accusamus. Recusandae laboriosam iusto dolorem nostrum omnis sed. Qui quam repellendus aut laboriosam a iste incidunt. Voluptate quam et ipsam suscipit.\n\nEius illo ut ex. Reprehenderit nam ut ea est unde dolor ipsum. Quos qui corrupti nemo odio reprehenderit blanditiis dolorem. Numquam qui et itaque velit.\n\nIpsam quaerat repellendus quam et dolorem quaerat. Perspiciatis odio eum nesciunt id rerum aperiam ut. Ut quis qui optio debitis. Harum ut et ipsam blanditiis quis.', 4, 4, 0, 1, 2, 1, 1),
(50, 'Jeu vidéo 49', 'video_game_49.png', 2098872, 'jeu-video-49', 'Eos rerum unde rem necessitatibus error doloremque omnis. Corporis dolorem autem incidunt enim itaque placeat. Dolorem quas nam quasi neque esse quas est illum. Dicta blanditiis velit hic aperiam sunt eos id.\n\nAccusamus maxime saepe a deserunt at iste. Autem sed accusantium iusto consequuntur sint corporis et. Culpa saepe impedit rem occaecati mollitia accusantium sunt. Consectetur nihil vel qui dolores accusamus.\n\nVoluptatem sit eum hic eum aspernatur architecto odio. Sint dolorum ea dignissimos reiciendis cupiditate et voluptatem. Provident cum dolorem dolores sapiente corrupti quo. Aut mollitia nemo dolores perferendis harum.\n\nVoluptatem omnis est magnam consequatur earum itaque. Dolores perspiciatis modi sequi. Qui libero est voluptas et sed.\n\nEius omnis necessitatibus qui sed et maiores possimus sed. Quis ut quis at est. Aliquid nesciunt laboriosam sunt et aperiam et ut. Inventore quas dolor quo neque.\n\nEveniet non dolorem rem qui blanditiis. Inventore explicabo facere non distinctio. Saepe veniam nulla eligendi dolores sed atque. Iure quaerat qui eaque.\n\nUt fugit sint velit ut vero fugit exercitationem deleniti. Quis voluptatem hic maiores veniam ut quaerat similique. Ullam ex voluptatum quas qui vitae minima.\n\nNisi rerum voluptas porro a deserunt. Voluptas aliquam assumenda accusamus non. Corrupti odio nulla rem nostrum illum odit veniam. Ut ipsam omnis amet dolor eaque minima voluptas.\n\nIllo qui error ut expedita voluptates. Et maxime et molestiae quia. Non aut qui earum.\n\nNobis et perferendis quos veritatis minima veniam sed. Qui recusandae quidem nobis quidem. Sint quam ea in sit omnis velit et.', '2026-03-23', '2026-05-11 12:05:43', 'Ab aut voluptatibus repellat dolores non. Eius numquam ea cupiditate explicabo corporis. Sapiente ipsam eos eveniet et. Adipisci quo corrupti id.\n\nConsequatur illum at quia quod quisquam autem inventore nesciunt. Nostrum nihil nemo dolores sint vero consequatur. Est quia earum et commodi quia voluptatem. Ad unde voluptas est minus.\n\nModi ipsum reprehenderit praesentium ea omnis. Dicta fugit voluptates debitis quisquam sunt. Inventore maxime aspernatur odit eum. Fugit assumenda iste repudiandae qui.\n\nNecessitatibus ullam doloribus odio blanditiis. Velit corporis voluptates eaque dignissimos cupiditate quis maxime inventore. Dolor fuga quo eos. Voluptatem commodi et molestiae quia nesciunt voluptates.\n\nArchitecto possimus vel ipsum quasi perferendis molestiae. Totam enim dolorem deleniti eveniet neque eveniet ut. Quis voluptas voluptas corporis. Mollitia quis voluptatem itaque totam laudantium tempore. Nulla eaque similique est est vero aspernatur at.\n\nMaxime qui placeat sit minus ullam consequatur odio. Minima sint vel ducimus nesciunt labore. Quo laudantium eligendi natus ullam eaque itaque.', 5, 4, 0, 1, 1, 1, 2);

-- --------------------------------------------------------

--
-- Structure de la table `video_game_tags`
--

CREATE TABLE `video_game_tags` (
  `video_game_id` int NOT NULL,
  `tag_id` int NOT NULL
) ENGINE=InnoDB DEFAULT CHARSET=utf8mb4 COLLATE=utf8mb4_unicode_ci;

--
-- Déchargement des données de la table `video_game_tags`
--

INSERT INTO `video_game_tags` (`video_game_id`, `tag_id`) VALUES
(1, 1),
(1, 2),
(1, 3),
(1, 4),
(1, 5),
(2, 2),
(2, 3),
(2, 4),
(2, 5),
(2, 6),
(3, 3),
(3, 4),
(3, 5),
(3, 6),
(3, 7),
(4, 4),
(4, 5),
(4, 6),
(4, 7),
(4, 8),
(5, 5),
(5, 6),
(5, 7),
(5, 8),
(5, 9),
(6, 6),
(6, 7),
(6, 8),
(6, 9),
(6, 10),
(7, 7),
(7, 8),
(7, 9),
(7, 10),
(7, 11),
(8, 8),
(8, 9),
(8, 10),
(8, 11),
(8, 12),
(9, 9),
(9, 10),
(9, 11),
(9, 12),
(9, 13),
(10, 10),
(10, 11),
(10, 12),
(10, 13),
(10, 14),
(11, 11),
(11, 12),
(11, 13),
(11, 14),
(11, 15),
(12, 12),
(12, 13),
(12, 14),
(12, 15),
(12, 16),
(13, 13),
(13, 14),
(13, 15),
(13, 16),
(13, 17),
(14, 14),
(14, 15),
(14, 16),
(14, 17),
(14, 18),
(15, 15),
(15, 16),
(15, 17),
(15, 18),
(15, 19),
(16, 16),
(16, 17),
(16, 18),
(16, 19),
(16, 20),
(17, 17),
(17, 18),
(17, 19),
(17, 20),
(17, 21),
(18, 18),
(18, 19),
(18, 20),
(18, 21),
(18, 22),
(19, 19),
(19, 20),
(19, 21),
(19, 22),
(19, 23),
(20, 20),
(20, 21),
(20, 22),
(20, 23),
(20, 24),
(21, 21),
(21, 22),
(21, 23),
(21, 24),
(21, 25),
(22, 1),
(22, 22),
(22, 23),
(22, 24),
(22, 25),
(23, 1),
(23, 2),
(23, 23),
(23, 24),
(23, 25),
(24, 1),
(24, 2),
(24, 3),
(24, 24),
(24, 25),
(25, 1),
(25, 2),
(25, 3),
(25, 4),
(25, 25),
(26, 1),
(26, 2),
(26, 3),
(26, 4),
(26, 5),
(27, 2),
(27, 3),
(27, 4),
(27, 5),
(27, 6),
(28, 3),
(28, 4),
(28, 5),
(28, 6),
(28, 7),
(29, 4),
(29, 5),
(29, 6),
(29, 7),
(29, 8),
(30, 5),
(30, 6),
(30, 7),
(30, 8),
(30, 9),
(31, 6),
(31, 7),
(31, 8),
(31, 9),
(31, 10),
(32, 7),
(32, 8),
(32, 9),
(32, 10),
(32, 11),
(33, 8),
(33, 9),
(33, 10),
(33, 11),
(33, 12),
(34, 9),
(34, 10),
(34, 11),
(34, 12),
(34, 13),
(35, 10),
(35, 11),
(35, 12),
(35, 13),
(35, 14),
(36, 11),
(36, 12),
(36, 13),
(36, 14),
(36, 15),
(37, 12),
(37, 13),
(37, 14),
(37, 15),
(37, 16),
(38, 13),
(38, 14),
(38, 15),
(38, 16),
(38, 17),
(39, 14),
(39, 15),
(39, 16),
(39, 17),
(39, 18),
(40, 15),
(40, 16),
(40, 17),
(40, 18),
(40, 19),
(41, 16),
(41, 17),
(41, 18),
(41, 19),
(41, 20),
(42, 17),
(42, 18),
(42, 19),
(42, 20),
(42, 21),
(43, 18),
(43, 19),
(43, 20),
(43, 21),
(43, 22),
(44, 19),
(44, 20),
(44, 21),
(44, 22),
(44, 23),
(45, 20),
(45, 21),
(45, 22),
(45, 23),
(45, 24),
(46, 21),
(46, 22),
(46, 23),
(46, 24),
(46, 25),
(47, 1),
(47, 22),
(47, 23),
(47, 24),
(47, 25),
(48, 1),
(48, 2),
(48, 23),
(48, 24),
(48, 25),
(49, 1),
(49, 2),
(49, 3),
(49, 24),
(49, 25),
(50, 1),
(50, 2),
(50, 3),
(50, 4),
(50, 25);

--
-- Index pour les tables déchargées
--

--
-- Index pour la table `doctrine_migration_versions`
--
ALTER TABLE `doctrine_migration_versions`
  ADD PRIMARY KEY (`version`);

--
-- Index pour la table `review`
--
ALTER TABLE `review`
  ADD PRIMARY KEY (`id`),
  ADD KEY `IDX_794381C616230A8` (`video_game_id`),
  ADD KEY `IDX_794381C6A76ED395` (`user_id`);

--
-- Index pour la table `tag`
--
ALTER TABLE `tag`
  ADD PRIMARY KEY (`id`),
  ADD UNIQUE KEY `UNIQ_389B78377153098` (`code`);

--
-- Index pour la table `user`
--
ALTER TABLE `user`
  ADD PRIMARY KEY (`id`),
  ADD UNIQUE KEY `UNIQ_8D93D649F85E0677` (`username`),
  ADD UNIQUE KEY `UNIQ_8D93D649E7927C74` (`email`);

--
-- Index pour la table `video_game`
--
ALTER TABLE `video_game`
  ADD PRIMARY KEY (`id`),
  ADD UNIQUE KEY `UNIQ_24BC6C50989D9B62` (`slug`);

--
-- Index pour la table `video_game_tags`
--
ALTER TABLE `video_game_tags`
  ADD PRIMARY KEY (`video_game_id`,`tag_id`),
  ADD KEY `IDX_46D6859F16230A8` (`video_game_id`),
  ADD KEY `IDX_46D6859FBAD26311` (`tag_id`);

--
-- AUTO_INCREMENT pour les tables déchargées
--

--
-- AUTO_INCREMENT pour la table `review`
--
ALTER TABLE `review`
  MODIFY `id` int NOT NULL AUTO_INCREMENT, AUTO_INCREMENT=251;

--
-- AUTO_INCREMENT pour la table `tag`
--
ALTER TABLE `tag`
  MODIFY `id` int NOT NULL AUTO_INCREMENT, AUTO_INCREMENT=26;

--
-- AUTO_INCREMENT pour la table `user`
--
ALTER TABLE `user`
  MODIFY `id` int NOT NULL AUTO_INCREMENT, AUTO_INCREMENT=26;

--
-- AUTO_INCREMENT pour la table `video_game`
--
ALTER TABLE `video_game`
  MODIFY `id` int NOT NULL AUTO_INCREMENT, AUTO_INCREMENT=51;

--
-- Contraintes pour les tables déchargées
--

--
-- Contraintes pour la table `review`
--
ALTER TABLE `review`
  ADD CONSTRAINT `FK_794381C616230A8` FOREIGN KEY (`video_game_id`) REFERENCES `video_game` (`id`) ON DELETE CASCADE,
  ADD CONSTRAINT `FK_794381C6A76ED395` FOREIGN KEY (`user_id`) REFERENCES `user` (`id`);

--
-- Contraintes pour la table `video_game_tags`
--
ALTER TABLE `video_game_tags`
  ADD CONSTRAINT `FK_46D6859F16230A8` FOREIGN KEY (`video_game_id`) REFERENCES `video_game` (`id`) ON DELETE CASCADE,
  ADD CONSTRAINT `FK_46D6859FBAD26311` FOREIGN KEY (`tag_id`) REFERENCES `tag` (`id`) ON DELETE CASCADE;
COMMIT;

/*!40101 SET CHARACTER_SET_CLIENT=@OLD_CHARACTER_SET_CLIENT */;
/*!40101 SET CHARACTER_SET_RESULTS=@OLD_CHARACTER_SET_RESULTS */;
/*!40101 SET COLLATION_CONNECTION=@OLD_COLLATION_CONNECTION */;
