-- phpMyAdmin SQL Dump
-- version 5.2.3
-- https://www.phpmyadmin.net/
--
-- Hôte : localhost:8889
-- Généré le : lun. 11 mai 2026 à 10:14
-- Version du serveur : 8.0.44
-- Version de PHP : 8.3.30

SET SQL_MODE = "NO_AUTO_VALUE_ON_ZERO";
START TRANSACTION;
SET time_zone = "+00:00";


/*!40101 SET @OLD_CHARACTER_SET_CLIENT=@@CHARACTER_SET_CLIENT */;
/*!40101 SET @OLD_CHARACTER_SET_RESULTS=@@CHARACTER_SET_RESULTS */;
/*!40101 SET @OLD_COLLATION_CONNECTION=@@COLLATION_CONNECTION */;
/*!40101 SET NAMES utf8mb4 */;

--
-- Base de données : `critipixel_test`
--

-- --------------------------------------------------------

--
-- Structure de la table `doctrine_migration_versions`
--

CREATE TABLE `doctrine_migration_versions` (
  `version` varchar(191) COLLATE utf8mb3_unicode_ci NOT NULL,
  `executed_at` datetime DEFAULT NULL,
  `execution_time` int DEFAULT NULL
) ENGINE=InnoDB DEFAULT CHARSET=utf8mb3 COLLATE=utf8mb3_unicode_ci;

--
-- Déchargement des données de la table `doctrine_migration_versions`
--

INSERT INTO `doctrine_migration_versions` (`version`, `executed_at`, `execution_time`) VALUES
('DoctrineMigrations\\Version20240422185649', NULL, NULL),
('DoctrineMigrations\\Version20260504100638', '2026-05-07 15:30:07', 111);

-- --------------------------------------------------------

--
-- Structure de la table `review`
--

CREATE TABLE `review` (
  `id` int NOT NULL,
  `video_game_id` int NOT NULL,
  `user_id` int NOT NULL,
  `rating` int NOT NULL,
  `comment` longtext COLLATE utf8mb4_unicode_ci
) ENGINE=InnoDB DEFAULT CHARSET=utf8mb4 COLLATE=utf8mb4_unicode_ci;

--
-- Déchargement des données de la table `review`
--

INSERT INTO `review` (`id`, `video_game_id`, `user_id`, `rating`, `comment`) VALUES
(1, 1, 1, 2, 'Aut vero mollitia excepturi rerum suscipit qui aspernatur. Eligendi consequatur quidem quas necessitatibus praesentium in et.'),
(2, 1, 2, 2, 'Eveniet occaecati suscipit porro vel dicta. Eum qui nulla qui incidunt reprehenderit ex. Repellendus ipsa veniam repellendus tempora. Quia asperiores explicabo veniam eum.'),
(3, 1, 3, 4, 'Voluptatem nesciunt aliquid ad at. Est animi a vel harum. Dolores itaque quos quibusdam molestiae eligendi.'),
(4, 1, 4, 3, 'Magnam at tenetur nobis veritatis ab. Molestiae sit ipsa vel asperiores molestiae fuga non assumenda. Quam reprehenderit quis repudiandae qui sequi sequi dolores dolores. Vero accusantium voluptatem at dolorem. Quam mollitia ex ipsa accusantium.'),
(5, 1, 5, 1, 'Qui molestiae illo sed rerum quia. Iure consequatur qui optio aut perferendis optio. Et ut optio odit nihil tempora nihil quis.'),
(6, 2, 6, 2, 'Deleniti deleniti animi repellendus consequatur sit enim. Enim ipsam commodi perspiciatis dolorum. Quo quia excepturi at molestias impedit labore voluptas. Adipisci deserunt ducimus adipisci.'),
(7, 2, 7, 5, 'Laborum quia exercitationem ex voluptatem excepturi ullam. Nihil dolore sed tenetur et quo sint corrupti. Quis qui expedita error autem est corrupti.'),
(8, 2, 8, 5, 'Placeat eius maiores minima molestiae. Ipsam qui excepturi aspernatur harum aut dolores.'),
(9, 2, 9, 4, 'Tenetur nulla laborum amet voluptas. Quisquam illum sunt consequatur. Numquam eaque molestiae rem possimus. Itaque quia voluptas accusamus iure error qui aut velit.'),
(10, 2, 10, 3, 'Et repellendus eligendi hic ut. Nesciunt dicta laborum minus est. Nihil quia quidem perferendis aut est dolorem qui fugit. Necessitatibus libero ad voluptatibus.'),
(11, 3, 11, 4, 'Rerum molestias repellat dolorum nisi. Asperiores fuga in exercitationem esse optio doloribus ducimus. Explicabo quis quod reprehenderit laboriosam. Ex sit mollitia odio quo rem et.'),
(12, 3, 12, 1, 'Sint iure tempore necessitatibus facere ipsum velit inventore. Eaque et suscipit tenetur asperiores debitis sunt. Aliquam ea architecto quia suscipit harum velit dolorem.'),
(13, 3, 13, 2, 'Odit ex consequuntur dolores aut aut est velit itaque. Necessitatibus earum cum quis neque doloremque odio. Rerum qui distinctio aut non.'),
(14, 3, 14, 2, 'Ut minima praesentium sit ut exercitationem asperiores et. Ut nostrum aut reprehenderit adipisci dolor. Temporibus repellendus reiciendis ut est nihil. Aut temporibus dolores porro.'),
(15, 3, 15, 5, 'Recusandae eius mollitia expedita cumque nostrum. Qui veniam enim omnis magni. Omnis qui ipsum vitae quas ut libero. Est et qui quasi illum soluta.'),
(16, 4, 16, 4, 'Tempore et in et nemo commodi quia voluptatum. Dolore ad deserunt cumque reprehenderit. Accusamus labore harum explicabo neque culpa. Omnis necessitatibus dolor in.'),
(17, 4, 17, 3, 'Quibusdam omnis neque ut et. Quibusdam ut qui quis libero. Dignissimos non nihil et sed officia iste voluptatem. Ullam enim architecto sit rem soluta beatae autem.'),
(18, 4, 18, 4, 'Vitae tempore nulla molestiae accusamus accusamus laudantium. Iusto laudantium provident voluptatum vel voluptas iure. Error laboriosam velit ut repudiandae est.'),
(19, 4, 19, 1, 'Eligendi aut est unde voluptas culpa qui ipsa. Architecto quod ullam aut aut amet consequatur adipisci. Velit inventore culpa fugit ut debitis qui. Pariatur nulla quidem in ipsum quas molestiae. Quia ea laboriosam et ab quas rerum voluptatum.'),
(20, 4, 20, 1, 'Dolores minima accusantium inventore natus. Porro natus quia qui. Neque ex cumque eligendi ipsa. Ut possimus vel asperiores molestias sapiente.'),
(21, 5, 21, 2, 'Expedita maiores dolorem laboriosam voluptatem molestias. Voluptatibus vel ratione eos dolores et dicta voluptatem et. Hic et blanditiis unde quo odit incidunt. Quae neque repellat dolorem in.'),
(22, 5, 22, 5, 'Ut non maxime qui et nam. Molestiae blanditiis asperiores qui et unde excepturi inventore iste. Et cum saepe et fugiat sit. Neque non error officia delectus numquam. Veritatis aliquam consequatur ex.'),
(23, 5, 23, 2, 'Et qui non officiis nihil rem. Veniam illo amet at iste nemo ea. Vitae quis aut iure ut et officia.'),
(24, 5, 24, 2, 'Qui voluptatem pariatur consectetur voluptate quam. Aliquam non quisquam nulla repudiandae nihil unde repellat omnis. Ullam sit dolores est nulla non enim.'),
(25, 5, 25, 3, 'Quia dolore rem impedit harum et. Dolorum tenetur aspernatur incidunt velit accusamus. Quia nostrum ratione reiciendis temporibus.'),
(26, 6, 1, 3, 'Nulla non quae debitis. Fuga veniam illo est qui labore quia error. Aut exercitationem id sint.'),
(27, 6, 2, 2, 'Rerum ex eum aut ducimus et quisquam ipsum temporibus. Quod officia ad qui rerum asperiores. Inventore qui corporis distinctio assumenda. Eum sint autem ex nobis.'),
(28, 6, 3, 5, 'Quo debitis consectetur corrupti voluptatem ullam voluptas sit. Aut consequatur inventore nulla molestiae consequatur.'),
(29, 6, 4, 1, 'Nulla nihil voluptatem illo aperiam suscipit et dolorem. Animi aut corporis rerum sed blanditiis modi officia nam.'),
(30, 6, 5, 4, 'Quod magnam et sit voluptas labore. Voluptas dolorum sint qui neque dolor voluptas. Repudiandae delectus numquam repudiandae vel.'),
(31, 7, 6, 1, 'Voluptatem reprehenderit earum corporis quae. Et sunt sed ad omnis non exercitationem. Et est quo optio quia.'),
(32, 7, 7, 2, 'Dicta qui et iste non. Est sed beatae explicabo saepe. Cupiditate quibusdam et corporis modi facere assumenda labore at.'),
(33, 7, 8, 5, 'Quod laudantium inventore facilis et laudantium et et. Aut voluptatum ipsa distinctio modi. Nihil consequatur tempora sit consectetur aut.'),
(34, 7, 9, 2, 'Natus nobis tempore explicabo labore sunt rerum quod. Beatae architecto ipsam qui iste sit. Eos inventore voluptas veritatis omnis quas ut rerum. Nisi unde dignissimos aut nihil quis.'),
(35, 7, 10, 5, 'Aut distinctio rem maiores enim. Consectetur vel laudantium quod et. Vel at voluptas aperiam dolores aliquam quaerat. Pariatur praesentium ipsum ipsam tempora.'),
(36, 8, 11, 3, 'Esse maxime suscipit nam quis. Ut aut dicta exercitationem ipsa maxime reiciendis.'),
(37, 8, 12, 1, 'Illo illum a at blanditiis. Neque maxime exercitationem deserunt facilis qui aspernatur totam. Aut non aut incidunt aspernatur.'),
(38, 8, 13, 4, 'Qui quasi expedita facilis magnam et. Architecto illum dicta qui error ut. Exercitationem molestiae voluptates deleniti ut dicta. Distinctio aspernatur accusantium et neque quae.'),
(39, 8, 14, 5, 'Quidem enim consequatur aspernatur non tempore vitae ut. Eum saepe assumenda molestias est expedita doloribus et. Eum maiores voluptatem voluptatem modi numquam et voluptatem. Corrupti aut qui voluptas occaecati similique nisi porro ducimus.'),
(40, 8, 15, 5, 'Iure eum commodi odit adipisci eum veritatis. Dolore cum magnam quia aut quae. Ad rerum provident ea. Ut natus eos quis. Voluptatem sint qui voluptas et sunt odit exercitationem.'),
(41, 9, 16, 1, 'Deserunt quos tempore consequatur aut saepe reiciendis voluptas. Eaque ipsa deleniti qui sunt quaerat consequatur laudantium. Et omnis sit a.'),
(42, 9, 17, 5, 'Velit quisquam nemo expedita unde rerum quaerat. Ut enim odio voluptatem facere qui animi. Iste autem voluptas consequatur debitis repellat asperiores accusantium. Suscipit quia quibusdam maxime animi.'),
(43, 9, 18, 2, 'Accusamus nulla voluptatem consequuntur nihil eaque illum pariatur. Tempore est voluptas quidem animi. Officiis neque temporibus velit repellat expedita quaerat. Id aperiam consequatur soluta harum ipsa similique quidem.'),
(44, 9, 19, 4, 'Ex autem aliquid voluptatibus harum saepe veniam. Dolor neque eos odio sequi id. Rem tenetur in maiores et nesciunt.'),
(45, 9, 20, 2, 'Ut quam quis dolorem ut id dolores numquam. Pariatur quia corporis adipisci sit sint assumenda facere. Non deleniti voluptas laudantium. Dolor aliquam saepe qui.'),
(46, 10, 21, 1, 'Nisi velit delectus est perspiciatis cum nihil natus. Aliquam amet et nam nam. Voluptatem ut quia alias. Doloribus nesciunt exercitationem fugiat deleniti molestiae.'),
(47, 10, 22, 4, 'Ducimus quae temporibus dolorem perferendis dolores. Aspernatur non id sequi. Qui molestiae perferendis distinctio veritatis dicta facilis harum.'),
(48, 10, 23, 1, 'Perspiciatis dolor quo adipisci enim amet laudantium. Ad cum impedit quia eum voluptas repellendus sunt. Quam quae iure eveniet cum ut voluptatem ipsam.'),
(49, 10, 24, 5, 'Natus ipsum veritatis non unde recusandae voluptates et. Maiores consequatur nobis suscipit eos reiciendis. Veniam nobis fugit at nulla sunt et. Et animi iure et accusantium. Velit facere ab quo quia exercitationem et.'),
(50, 10, 25, 3, 'Ea architecto nihil veniam qui ut eveniet necessitatibus saepe. Quidem est consectetur quo. Amet eum eligendi enim sit nesciunt. Nisi culpa dolores dolor est id et et.'),
(51, 11, 1, 4, 'Magni iste dolor error itaque officiis aliquam. A eligendi dolorem quae numquam. Quasi reprehenderit ipsa aut corporis.'),
(52, 11, 2, 5, 'Excepturi natus ut nulla enim assumenda qui id. Pariatur voluptatem placeat similique eligendi. Delectus molestias cum exercitationem reiciendis sint. Ea commodi alias quis quos. Deserunt dolore incidunt possimus.'),
(53, 11, 3, 1, 'Eaque error alias quia ut in sunt. Sed atque dolores recusandae alias quae. Omnis odit voluptates vitae quam praesentium molestias. Qui rerum repudiandae voluptatum. Molestiae odit praesentium aut commodi.'),
(54, 11, 4, 5, 'Molestiae iste non consequuntur aut. Sequi dolores tempora quasi non omnis. Ut molestias non esse nihil.'),
(55, 11, 5, 3, 'Tempore quo distinctio et quaerat fuga consequuntur nam. Et a velit rerum et in ea. Quo consectetur accusantium atque. Sunt temporibus vel in dolor. Molestiae commodi molestiae asperiores nobis quia.'),
(56, 12, 6, 5, 'Est omnis molestiae doloremque error fugiat exercitationem reiciendis. Explicabo ipsa possimus est et culpa animi aut. Velit molestiae incidunt voluptatem voluptas accusantium quia. Aut amet voluptatum dignissimos rem sint.'),
(57, 12, 7, 5, 'Modi repellat debitis consequatur aut et. Aspernatur occaecati explicabo nisi itaque. A id officia earum asperiores at magni saepe quaerat. Cumque rerum magnam veniam quis omnis.'),
(58, 12, 8, 3, 'Magni laboriosam omnis voluptas magnam labore velit et. Id cupiditate nihil nam omnis accusantium voluptatem a. Voluptate voluptatibus et quos deleniti. Ut ut architecto ad.'),
(59, 12, 9, 5, 'Harum alias et nihil nobis. Fugit asperiores et minus eum ut non. Qui rerum odio molestiae molestias eligendi praesentium.'),
(60, 12, 10, 1, 'Aperiam corporis dolores error aliquam quia. Quia voluptas sit dolore neque. Minima qui nobis eaque harum rerum quod distinctio.'),
(61, 13, 11, 1, 'Sequi cum voluptate officiis maxime et beatae. Aut ad quod aut cum commodi illum aperiam. Et mollitia autem ipsum accusantium. Ut laborum sed ut voluptates ducimus pariatur. Vel reprehenderit voluptas sit quae libero molestiae.'),
(62, 13, 12, 4, 'Sint asperiores praesentium neque nostrum. Omnis a nesciunt quia est praesentium libero. Eaque aliquid reiciendis rem harum. Quos labore qui sequi voluptatem harum et assumenda autem.'),
(63, 13, 13, 4, 'Necessitatibus at perferendis nesciunt laudantium maiores nesciunt. Officia quia aut ut perferendis consequatur est aspernatur. Dolores sed minus nihil nulla. Repellendus quod non deleniti neque.'),
(64, 13, 14, 5, 'Sit esse est delectus veritatis aut dolorem. Numquam maxime aut voluptates corrupti molestiae.'),
(65, 13, 15, 3, 'Ex veritatis soluta distinctio asperiores quia omnis et. Facilis quas saepe quos vel et impedit illum. Veniam consequatur perspiciatis ducimus mollitia temporibus et qui sunt.'),
(66, 14, 16, 4, 'Neque aut qui quia voluptate quia. Quia a dolorem ut. Sint sit recusandae vel culpa. Ipsum ut rem soluta.'),
(67, 14, 17, 5, 'Ea a nihil molestiae ea eos. Ullam quas sint sunt qui ut quo ad.'),
(68, 14, 18, 3, 'Et aliquid quia deserunt velit molestiae nam voluptatum. Esse et non et perferendis quis quibusdam. Accusantium qui est laudantium reiciendis esse.'),
(69, 14, 19, 5, 'Qui omnis quia id enim dolores iusto. Officiis est enim quis. Est et quo ipsum autem fugit. Aut ut veniam dolor necessitatibus suscipit.'),
(70, 14, 20, 1, 'Quod dicta in nesciunt. Eum reiciendis molestias sed ea quia. Ratione odio est in sit. Quaerat hic quaerat quidem deserunt assumenda tempore officia.'),
(71, 15, 21, 2, 'Ut ipsum eum cupiditate fuga voluptatibus iure. Qui veniam illo mollitia natus aperiam aliquam. Culpa aliquam voluptatibus perferendis ut corrupti et. Voluptatem dignissimos vel minima minus provident.'),
(72, 15, 22, 2, 'Rerum aut est eligendi dolorum. Et amet ex autem. Voluptates vel alias tenetur odio facilis quia neque. Provident sint itaque omnis perspiciatis libero sint maiores.'),
(73, 15, 23, 3, 'Vero laboriosam nesciunt et temporibus optio quas autem ipsam. Aliquid quos laborum laudantium non aliquam et nihil eveniet. Laborum distinctio laudantium cum aliquid. Est voluptas nobis quisquam ea voluptatem et quis.'),
(74, 15, 24, 5, 'Necessitatibus sed qui qui reiciendis. Non nobis est laudantium voluptates. Voluptatibus est delectus nesciunt architecto ipsum. Ipsa ducimus et est saepe est.'),
(75, 15, 25, 3, 'Quis distinctio explicabo in similique officiis et adipisci nihil. Iure facilis iusto numquam iste dolorem cum quibusdam magni. Corporis quia eveniet accusantium dolorem ipsum.'),
(76, 16, 1, 2, 'Sunt eum minus esse impedit incidunt dolor consequatur. Exercitationem odio aut eos omnis ipsum recusandae. Dolor numquam sunt assumenda minima eligendi non. Quae vero doloremque veniam nostrum et fuga eveniet.'),
(77, 16, 2, 5, 'Rem et eius eveniet neque repudiandae cum. Provident odit omnis repellat enim quis. Perferendis iste velit ex non minus culpa cum. Vel id dolorem earum iusto voluptas nihil modi.'),
(78, 16, 3, 4, 'Id et qui debitis dignissimos rerum iure enim vitae. Quas fugit aut sed et. Voluptatum reiciendis non fuga. Sed quae in id deserunt praesentium.'),
(79, 16, 4, 1, 'Esse enim porro libero maiores amet in. Eum voluptate reiciendis nobis est quia natus. Perspiciatis impedit consequatur possimus quia consectetur consequatur expedita. Hic aut et nam inventore harum aut consequatur.'),
(80, 16, 5, 5, 'Asperiores aut doloribus facere. Ut deleniti provident natus. Hic expedita assumenda corrupti sit hic corrupti. Ut magnam cumque veniam iure aut culpa dolore qui.'),
(81, 17, 6, 3, 'Et quidem necessitatibus consequatur voluptatum est tenetur est. Et magni et aut quo et omnis. Nisi recusandae facilis perspiciatis voluptates perspiciatis.'),
(82, 17, 7, 2, 'Qui est esse occaecati et. Incidunt sit porro cumque excepturi sed. Minima maiores qui deserunt atque. Incidunt est voluptatibus impedit quae nobis.'),
(83, 17, 8, 1, 'Iusto sed atque numquam dolore expedita autem voluptatem quis. Itaque et impedit quos et debitis consequatur rerum. Illo ea recusandae eos alias et. Doloribus nesciunt rem magni rerum.'),
(84, 17, 9, 2, 'Similique esse enim aut. Tempore non id qui. Itaque sunt voluptatem enim ullam accusantium aut saepe. Sint sed laudantium omnis id.'),
(85, 17, 10, 4, 'Quia ut veniam magnam error officiis nobis. Quod asperiores alias hic praesentium et aut nam nobis. Nobis assumenda vero autem cumque. Minus voluptate rerum in excepturi tempore quo.'),
(86, 18, 11, 1, 'Perferendis aperiam et voluptas similique sed tempora repellat. Explicabo repellat distinctio necessitatibus ut soluta mollitia excepturi. Facilis iusto dolorem quas ut dolores animi officia.'),
(87, 18, 12, 1, 'Officiis consequatur et quia voluptas. Sint quia velit et aut et reprehenderit. Recusandae et labore ut molestias facere possimus. Sed repudiandae ut facilis autem aut.'),
(88, 18, 13, 1, 'Numquam ratione dolores beatae sint. Quo tempore voluptas ab praesentium. Ut suscipit et vero aut id cupiditate.'),
(89, 18, 14, 1, 'Et eligendi soluta dolores. Quam minus sit minus delectus iusto ut. Illum modi repellendus aliquid praesentium qui natus quia.'),
(90, 18, 15, 1, 'Natus et recusandae consequatur et officia debitis ducimus. Deleniti id qui est. Harum aliquam voluptate accusamus et saepe voluptatibus ducimus et. Nemo et non est.'),
(91, 19, 16, 4, 'Exercitationem corrupti et sapiente sit veniam est. Voluptatum quae qui voluptatem animi expedita qui. Doloremque sapiente veritatis eos ut.'),
(92, 19, 17, 1, 'Omnis quas omnis sint id qui repellendus velit. Voluptatibus tempore ut quo ut. Pariatur sint sunt pariatur temporibus.'),
(93, 19, 18, 5, 'Adipisci commodi magnam id. Consequatur aut delectus est officiis ducimus ipsum. Et vel facere quod nesciunt in in omnis. Temporibus est quo est cumque.'),
(94, 19, 19, 3, 'Placeat est nisi reiciendis cupiditate repellat in. Quisquam et quasi reprehenderit in quia perferendis consequatur. Impedit enim possimus velit aliquid velit accusamus. Qui amet unde dolore placeat facere possimus aut.'),
(95, 19, 20, 2, 'Et voluptatem quidem est rem ut vero et dignissimos. Delectus est odio tempora itaque qui magni ea. Quibusdam voluptatem voluptatem atque quas. Aspernatur unde sed praesentium iste est quae dolorum.'),
(96, 20, 21, 3, 'Id non dolorum unde soluta. Rem ipsam dolor cupiditate numquam consequatur aut. Eligendi assumenda nulla rerum quisquam.'),
(97, 20, 22, 2, 'Illo ipsam autem accusamus nam. Hic ex quo molestiae maiores. Minima animi architecto dolor sequi ut sit.'),
(98, 20, 23, 4, 'Dolor est qui reiciendis. Nihil quasi excepturi ducimus et quo nihil. Quis esse in ipsa nobis aliquam natus.'),
(99, 20, 24, 3, 'Dolores iure totam est unde. Incidunt nesciunt ullam non neque suscipit itaque atque. Ad beatae explicabo similique qui est voluptatem.'),
(100, 20, 25, 4, 'Optio id nihil nam aut sunt alias. Rerum aut quia consequatur molestias commodi qui ipsa. Iure tempore dolor deserunt iste. Dolores et dolore voluptatum adipisci soluta. Qui ratione tempora ipsam nisi saepe.'),
(101, 21, 1, 4, 'Totam quas doloribus eveniet praesentium nihil. Inventore sunt rerum ducimus labore accusantium iste corporis. Temporibus deserunt magni dolor velit a nihil. Est expedita numquam nemo asperiores dolorem.'),
(102, 21, 2, 4, 'Corrupti distinctio nam voluptas atque laudantium voluptatum. Neque et assumenda culpa ut non voluptatem fuga.'),
(103, 21, 3, 4, 'Quidem accusamus tenetur quibusdam molestiae iste. Laudantium ut sed ab ex omnis culpa. Ex necessitatibus dicta corrupti rem.'),
(104, 21, 4, 2, 'Enim non asperiores asperiores. Quia minima blanditiis ipsum et porro voluptate perspiciatis. Et facere eveniet quibusdam sed. Incidunt ducimus in dolorum eligendi neque.'),
(105, 21, 5, 4, 'Praesentium qui consequuntur laboriosam architecto vero ratione exercitationem. Autem laudantium et eos nostrum excepturi tempore quidem. Enim occaecati fuga culpa ipsam quia repudiandae nemo. Non dolorum officiis ut autem voluptas nostrum vel.'),
(106, 22, 6, 5, 'Atque assumenda ullam aliquid magnam aut vero impedit. Quo repudiandae omnis fugiat consequatur. Animi ab tenetur dicta aliquam vitae.'),
(107, 22, 7, 2, 'Quos ipsum maiores incidunt eos. Odit itaque at autem nihil fugiat qui. Magnam et vero id impedit voluptates ut. Officiis omnis earum rem ea necessitatibus.'),
(108, 22, 8, 3, 'Aut eum aut ullam voluptatem nihil occaecati quo. Aut voluptatem unde rerum blanditiis earum. Sint autem aut necessitatibus architecto enim omnis voluptatem.'),
(109, 22, 9, 1, 'Sapiente voluptas est ut eos consequuntur. Hic voluptatum quidem qui minima rerum quia corporis. Et ab molestiae aut occaecati consequatur. Accusantium expedita labore est rerum qui nam hic.'),
(110, 22, 10, 4, 'Praesentium iste asperiores reiciendis ipsum. Eum veniam cum ut doloremque rem natus ea.'),
(111, 23, 11, 5, 'Nihil et delectus iusto et. Omnis omnis nihil voluptatem rerum labore omnis voluptates.'),
(112, 23, 12, 5, 'Eos nostrum voluptatibus consequatur animi molestiae ipsam. Ut et nam rerum enim sit facilis.'),
(113, 23, 13, 2, 'Laboriosam consequuntur sed expedita eius. Quidem tempora quisquam sed fuga et natus. Nam sint perferendis cumque sit dicta voluptas deleniti. Assumenda fuga voluptate quis quae itaque aliquam explicabo.'),
(114, 23, 14, 5, 'Ipsum ut nihil animi. Provident quas sunt earum. Expedita dolor deleniti iusto sunt tenetur ut est.'),
(115, 23, 15, 1, 'Autem earum pariatur recusandae et at aut sit. Architecto enim necessitatibus assumenda. Harum cumque voluptas harum maxime quaerat accusantium placeat. Tempore cupiditate a velit aut magnam.'),
(116, 24, 16, 2, 'Harum praesentium quaerat sit qui saepe consectetur enim. Nisi repellendus quas sapiente. Nihil enim aperiam sed illum ratione culpa. Minus nulla dolorem tempore nostrum deserunt repudiandae ab.'),
(117, 24, 17, 3, 'Pariatur error consequatur delectus dolorum quam. Sequi omnis voluptas consequatur quidem porro cumque provident. A facere minima non est. Delectus minima odio expedita molestiae qui et maiores. Sequi error odit voluptas pariatur cupiditate qui.'),
(118, 24, 18, 3, 'Ut qui adipisci eveniet amet eum culpa quo aut. Molestiae veniam ducimus saepe totam repudiandae vitae nihil.'),
(119, 24, 19, 5, 'Suscipit nemo eaque quasi itaque totam. Odit consequatur voluptatibus odio tenetur sit. Nulla necessitatibus laborum ut illum. Omnis consequatur possimus vero qui.'),
(120, 24, 20, 2, 'Provident explicabo tempora blanditiis molestias est amet ab. Necessitatibus incidunt ut ducimus qui at excepturi doloremque. Necessitatibus accusantium excepturi ullam voluptatem eum. Ducimus non nostrum non quia id corporis.'),
(121, 25, 21, 1, 'Et cumque odit aut. Eum nesciunt sed quia aut et. Ipsa qui eos non odit aspernatur commodi. Neque aliquam eius iusto quidem magni sint.'),
(122, 25, 22, 3, 'Sed dolorem in qui. A omnis fuga aut aliquam et. Amet ratione adipisci qui odio.'),
(123, 25, 23, 4, 'Vero molestias et sed molestiae cupiditate. Minus dolores quas odit qui natus eum vero. Magni praesentium temporibus voluptatem eum dolores quisquam ipsa.'),
(124, 25, 24, 5, 'Aut sed aut voluptas et sequi. Voluptatem reprehenderit accusantium excepturi ipsa cum beatae minima. Omnis pariatur recusandae placeat eius nihil rerum ea. Voluptate qui est quia eos.'),
(125, 25, 25, 1, 'Molestiae a quis voluptates voluptatem dolor consectetur et. Eos et atque quidem. Molestias quia officia explicabo nemo eligendi error quis.'),
(126, 26, 1, 4, 'Modi ad nulla et non delectus cumque. Deserunt consequatur quas neque praesentium quidem repellat. Sit quaerat sed cupiditate sed soluta et.'),
(127, 26, 2, 3, 'Provident et nulla provident nihil in. Commodi omnis dolorum illo culpa. Architecto nobis cupiditate quo. Quis iusto quod libero sequi dolores.'),
(128, 26, 3, 3, 'Qui qui at delectus dolorum. Ea at libero eum ratione porro et et. Molestias consequuntur aliquam laboriosam est quae. Animi fuga libero qui qui sapiente ad.'),
(129, 26, 4, 1, 'Praesentium eius ducimus qui et laborum sed nulla. Quia facilis voluptate ut a dolor voluptatem laborum. Ratione a qui libero voluptatem optio aut magnam. Illum molestiae et blanditiis error vel.'),
(130, 26, 5, 1, 'Est eaque pariatur amet necessitatibus praesentium. Voluptatem quasi nihil sint mollitia praesentium repudiandae natus.'),
(131, 27, 6, 2, 'Odio eos consequatur neque. Accusantium quas fugiat neque animi.'),
(132, 27, 7, 1, 'Similique qui dolorem cumque ut sit consequatur autem. Laboriosam aut id aspernatur sunt blanditiis vero at qui. Aliquam tempora ab molestiae nulla earum ipsa.'),
(133, 27, 8, 4, 'Atque et porro est et. Eos fuga perferendis quia ipsum.'),
(134, 27, 9, 4, 'Labore perferendis quasi deleniti quia. Optio a quae non quaerat animi quas optio fuga. Ea hic consectetur reiciendis. Dignissimos ut omnis dolorem repudiandae. Minus eos velit occaecati molestias.'),
(135, 27, 10, 1, 'Cupiditate voluptates aut quis tenetur aspernatur enim. Et pariatur aut ipsam numquam officia adipisci placeat officiis. Tempore deleniti quasi rerum eos. Animi nesciunt modi et voluptatem.'),
(136, 28, 11, 2, 'Omnis et reiciendis earum consequatur est tenetur. A earum voluptatem molestias. Ipsa enim odit deleniti. Et quae consectetur sit optio et quisquam.'),
(137, 28, 12, 1, 'Earum voluptas et consequatur quaerat tempore id animi sunt. In architecto aut ea dolores optio. Dolores tenetur omnis eum molestiae minus sed.'),
(138, 28, 13, 1, 'Est quas sit fuga fuga dolores nesciunt aut. Iure voluptatibus quis cum fuga omnis. Harum ratione ab officiis sed.'),
(139, 28, 14, 5, 'Consectetur doloribus voluptatum aspernatur dolor. Voluptatibus ex at vel. Labore sunt rerum sed esse voluptatem et. Explicabo numquam explicabo illum iste aliquid.'),
(140, 28, 15, 5, 'Et et consequatur culpa molestiae iusto explicabo. Temporibus perspiciatis deleniti odit id. Minus veritatis omnis non id accusantium. Voluptatem in rerum omnis ut et.'),
(141, 29, 16, 5, 'Illo molestias est corrupti voluptatem quis odit dolore hic. Rerum ipsa facere itaque accusantium error.'),
(142, 29, 17, 4, 'Et molestiae corrupti facilis libero enim sint dolores consectetur. Eaque ipsum et eius quia repellat. Ut laboriosam culpa nobis est accusamus.'),
(143, 29, 18, 4, 'Eveniet adipisci qui nesciunt adipisci inventore assumenda eum. A itaque dolor accusantium. Nostrum autem qui et qui minus corrupti et perspiciatis. Sint nesciunt tenetur quisquam expedita et quis et.'),
(144, 29, 19, 4, 'Dolore et minus non et natus praesentium officiis. Et omnis aut aut nisi voluptate. Possimus quaerat vitae est sit voluptas.'),
(145, 29, 20, 1, 'Nihil aut in sit earum dolor repudiandae eos. Sit tempore omnis modi nisi et sed. Et laudantium nostrum non aliquid. Aut perferendis consequatur accusantium delectus et quo.'),
(146, 30, 21, 3, 'Itaque non vel quod animi eveniet animi nulla. Eum ex autem ut debitis veritatis consequuntur.'),
(147, 30, 22, 4, 'Enim inventore voluptates et et sit quaerat atque. Suscipit dolores repellendus saepe. Nostrum pariatur iusto exercitationem animi. Blanditiis dignissimos illo sequi enim id.'),
(148, 30, 23, 4, 'Fugiat id debitis blanditiis corporis voluptas nobis et ab. Omnis saepe impedit est quas qui delectus. Numquam sint quo et adipisci. Debitis id et optio reiciendis dolore voluptas pariatur.'),
(149, 30, 24, 3, 'Error distinctio nesciunt suscipit dolorem. Velit et eum quia deleniti. Nihil accusantium autem deleniti aperiam autem rerum tenetur.'),
(150, 30, 25, 3, 'Alias ipsum quos architecto quasi facilis nobis modi. Reprehenderit repudiandae consequuntur sit vitae non maxime. Sed modi ut eaque ex sit. Nemo dolore id suscipit sunt quae.'),
(151, 31, 1, 3, 'A itaque qui eaque aut qui. Alias et possimus dolores blanditiis facere dolorum sit. Perferendis ut et qui aspernatur tempora placeat recusandae quo.'),
(152, 31, 2, 1, 'Aut inventore qui dolore dolorum mollitia. Ratione ea libero voluptatibus veritatis eveniet sed. Eaque ut aut laudantium ea deserunt earum quidem. Et aliquam optio eligendi vitae sed quasi rerum.'),
(153, 31, 3, 2, 'Vero non pariatur laudantium id. Totam quidem dicta officiis id accusantium quas. Odit ipsum unde ipsam qui.'),
(154, 31, 4, 4, 'Corrupti ut itaque aspernatur labore aspernatur minus sed. Ab iusto est numquam optio perspiciatis sint quam. Maxime animi molestiae perspiciatis vel aut perferendis quasi. Non nisi illo nemo aperiam exercitationem reiciendis in ut.'),
(155, 31, 5, 3, 'Est reprehenderit voluptate nihil. Eum vel cupiditate voluptas voluptatum. Et nihil et est consequatur natus. Corrupti natus ad tempore nam occaecati et laudantium.'),
(156, 32, 6, 5, 'Deleniti cum aut ipsa natus. Perspiciatis porro voluptatem cum. Recusandae ut nobis et nesciunt amet facilis.'),
(157, 32, 7, 3, 'Voluptate et et omnis. Ad sed nam commodi. Aut quisquam aut facilis voluptate omnis vero. Voluptatem quia nisi atque qui expedita porro est. Quis eveniet et quam occaecati.'),
(158, 32, 8, 5, 'Aut neque doloremque maiores id sed minima sint deleniti. Eos aut dicta porro nobis consequuntur. Sit alias earum et molestiae corrupti vel. Nostrum nesciunt nesciunt sequi dolor rerum totam ea.'),
(159, 32, 9, 5, 'Quia enim minus aut qui consequuntur consequatur et. Beatae temporibus aut necessitatibus qui dignissimos blanditiis quia. Minima ducimus animi inventore ullam. Dolorum molestiae incidunt vel architecto.'),
(160, 32, 10, 2, 'Fugiat odit et in cupiditate. Repellendus nihil illo quibusdam aut suscipit unde et. Necessitatibus aut qui voluptatibus quis dolor amet sunt.'),
(161, 33, 11, 3, 'Quos error qui amet et id. Vel suscipit quod aliquam et asperiores dolor. Et aut saepe necessitatibus in.'),
(162, 33, 12, 2, 'Animi nostrum dolor aliquid perspiciatis et provident. In similique architecto exercitationem quam omnis tenetur praesentium. Dolor accusantium placeat soluta consequatur nostrum.'),
(163, 33, 13, 5, 'Repellat sit tenetur quia sunt. Ut voluptatem quaerat voluptas. Accusamus veniam eum minima sit quibusdam dolorum.'),
(164, 33, 14, 2, 'Vitae quibusdam laboriosam numquam recusandae sed a harum quas. Et dignissimos dolorem maiores ducimus. Vel delectus possimus non ex ipsa qui dolor.'),
(165, 33, 15, 1, 'Vel illo quas hic consequatur rerum corrupti earum. Consequatur qui iusto aut rerum eius quidem voluptas.'),
(166, 34, 16, 5, 'Placeat porro mollitia atque sunt consequatur. Sit id id quae illum et qui eos. Numquam possimus molestiae sit fuga.'),
(167, 34, 17, 2, 'Quia error ut reprehenderit quo dolorem officia odit. Repellendus neque odit deleniti cum molestiae dignissimos. Magni quia maxime aut libero soluta aperiam.'),
(168, 34, 18, 2, 'Esse vitae aut incidunt ut libero eos. Sed aperiam vero recusandae et similique. Iure maiores ducimus alias velit.'),
(169, 34, 19, 2, 'Et veniam id consequuntur veritatis similique tempora. Non harum et facilis et enim enim error. Porro in doloremque laudantium est. Consequatur qui recusandae nihil.'),
(170, 34, 20, 2, 'Libero quo totam est reprehenderit. Est velit temporibus perspiciatis amet perspiciatis. Recusandae iusto dolorum officiis sed corporis quo. Odio unde sed dolore voluptas.'),
(171, 35, 21, 3, 'Odio et delectus quis quis perferendis accusantium sunt. Eum iste molestias molestias eaque atque velit cum. Porro et et quis minima.'),
(172, 35, 22, 3, 'Dolor voluptatem commodi aut est impedit pariatur. Et fuga dolore voluptatem dolores perspiciatis. Occaecati minima ut enim nam possimus at. Velit amet et ut ut quibusdam.'),
(173, 35, 23, 4, 'Et labore soluta non quibusdam harum laborum. Adipisci id aliquam non enim nemo. Nostrum itaque iure tenetur est sit.'),
(174, 35, 24, 1, 'Placeat nihil inventore nemo excepturi dicta earum explicabo. Facilis eius consequuntur vero dolores minima similique.'),
(175, 35, 25, 4, 'Ab et molestias et dolores suscipit voluptatibus fugiat. Aliquam repudiandae iste ducimus sed. Porro doloremque consequatur temporibus quibusdam hic alias harum. Vero voluptatum officia ea nulla non non.'),
(176, 36, 1, 3, 'Dolorum sint optio aliquid magni. Et aut dolorum vel quis omnis libero incidunt. Sed quae assumenda expedita laudantium.'),
(177, 36, 2, 1, 'Cumque et tempore voluptatem non. Fugit distinctio optio impedit aut ea non. Rerum inventore aperiam temporibus voluptatibus corrupti facilis.'),
(178, 36, 3, 3, 'Quia est amet omnis nesciunt. Sunt nam consequatur vel neque rerum quaerat. Suscipit recusandae nihil inventore possimus minus non consectetur. Aut molestiae itaque harum optio cumque fugit.'),
(179, 36, 4, 1, 'Quae et excepturi ex in. Eum sit sed distinctio inventore voluptas. Nihil sequi consequuntur dolorem aut natus.'),
(180, 36, 5, 2, 'Et aliquid autem vel. Necessitatibus dolorem non repudiandae modi tempore. Sapiente aut ratione qui quidem. Non nostrum praesentium similique quo. Non est ipsum repellendus mollitia autem illum soluta.'),
(181, 37, 6, 2, 'Ab neque numquam eligendi nam qui. Quasi quis hic iure voluptatem accusamus aut.'),
(182, 37, 7, 2, 'Neque et est ad quia ratione adipisci alias. Autem eos laudantium ullam. Provident a reiciendis aut adipisci molestiae eos.'),
(183, 37, 8, 2, 'Omnis aut eligendi vitae cupiditate ipsam veritatis. Quo voluptatibus possimus eligendi possimus unde ut. Minima eos voluptatibus rem error vitae omnis non est. Quidem itaque repudiandae molestiae et quam sed voluptatum. Ipsa aut consequatur voluptatem voluptatem cumque ea quo in.'),
(184, 37, 9, 5, 'Et laudantium qui laborum modi facere soluta. Error molestiae repudiandae molestiae eveniet asperiores architecto. Molestiae ipsum voluptatem aut explicabo ut incidunt. Labore consequatur consequatur asperiores perspiciatis eos.'),
(185, 37, 10, 3, 'Sit eligendi omnis ea quasi. Dignissimos laboriosam voluptates ratione perspiciatis quia. Tenetur illum corrupti in aspernatur quidem.'),
(186, 38, 11, 2, 'Mollitia sapiente voluptate voluptatem mollitia. Doloribus aut sit qui consequatur temporibus est. Exercitationem dolor placeat quia molestiae.'),
(187, 38, 12, 2, 'Minima dolores eos sapiente. Quos minima repudiandae eos autem quo. Qui sit omnis magni officiis suscipit.'),
(188, 38, 13, 2, 'Cupiditate mollitia aut ipsa doloremque modi excepturi quia. Sed qui tenetur sunt sequi consequatur. Et perferendis eos sint qui eligendi. Nihil facilis eum voluptate error recusandae sint consequatur.'),
(189, 38, 14, 5, 'Voluptas debitis est cum expedita. Rerum ducimus voluptatum voluptates dolorem. Facere ipsa pariatur maiores fugiat animi et. Necessitatibus deserunt ab et veritatis. Iure ad autem eos tempore.'),
(190, 38, 15, 2, 'Eius excepturi nihil id velit molestiae. Et doloremque veniam pariatur ex sapiente incidunt. Eligendi porro cumque labore incidunt iste.'),
(191, 39, 16, 3, 'Eveniet sit est voluptatem omnis. Qui accusantium maxime alias ut debitis id inventore. Voluptatem officia nihil sit minus aut totam est placeat.'),
(192, 39, 17, 5, 'Voluptatem nulla et ut id. Voluptas rerum aut et.'),
(193, 39, 18, 1, 'Doloremque mollitia sint ea voluptas dolore. Provident qui corrupti saepe et sint sed. Hic neque a velit dolor. Minima ad maiores consequatur.'),
(194, 39, 19, 2, 'In illum voluptates sapiente dicta illo voluptas. Sapiente tenetur adipisci sed omnis eos deserunt. Reiciendis et fugiat alias ullam et odit odio dolores. Libero est enim dolorum quibusdam sapiente officia.'),
(195, 39, 20, 1, 'Aut amet blanditiis commodi voluptatibus facere eius dolores. Animi est quos earum autem rem eligendi exercitationem. At doloremque sit voluptatum quia quia enim aut.'),
(196, 40, 21, 2, 'Dolores provident quo quam fugiat ducimus recusandae. Ut ab ut amet magni. Voluptates temporibus dolores voluptatem quod et aut. Consequatur ut delectus deleniti aut temporibus. Voluptatum alias iusto illo labore ab omnis.'),
(197, 40, 22, 5, 'Quo eveniet animi facilis nihil enim sunt. Blanditiis ut molestiae adipisci. Expedita expedita et culpa voluptas.'),
(198, 40, 23, 2, 'Ratione aspernatur iure labore nesciunt. Earum tempora nulla neque. Omnis nihil nemo modi soluta aperiam. Impedit quae sint possimus debitis quia.'),
(199, 40, 24, 1, 'Quia ipsa hic nihil fugit sint et. Dolores architecto sed iste et. Saepe eos cupiditate at ut. Nemo adipisci sequi aliquid numquam asperiores adipisci.'),
(200, 40, 25, 2, 'Rerum neque impedit et voluptas. Et rerum ut incidunt recusandae mollitia sapiente quos molestias. Consequatur velit ea quia non. Et suscipit eveniet cumque aut odio libero.'),
(201, 41, 1, 5, 'Architecto eum sapiente dolor qui qui. Facilis est velit delectus dolor laboriosam consequatur officia. Laboriosam aspernatur rerum deserunt et impedit ducimus beatae minima.'),
(202, 41, 2, 5, 'Magnam at eveniet et repellat. Voluptatem molestiae quam mollitia rerum quibusdam non aut. Et qui qui quis ullam incidunt maiores.'),
(203, 41, 3, 4, 'Nihil illum voluptas doloremque debitis dolores inventore ea modi. Hic veniam est non quidem. Est quo quia officia. Dignissimos reprehenderit non a aspernatur molestias officiis.'),
(204, 41, 4, 4, 'Hic qui nihil ad dolor. Aperiam eum ipsa deleniti iusto odit. Velit est et cupiditate voluptas voluptatem nam voluptatem aut. Magni accusantium quo cum eum ut facilis ut.'),
(205, 41, 5, 4, 'Dolore autem commodi optio dolores cum aut. Quibusdam repellat dolor tempore enim sint. Excepturi ullam quo sed alias sapiente similique nostrum. Distinctio sed qui delectus eum eveniet cupiditate dolorem.'),
(206, 42, 6, 5, 'Provident nisi ipsa dolor ab quia soluta mollitia. Tempore esse quia asperiores temporibus dolorem rem voluptates. Non quia ullam autem rerum sequi ex laudantium.'),
(207, 42, 7, 4, 'Dolor voluptatem aliquid harum consequatur. Quas tempora sit omnis distinctio a doloremque. Harum non quia ad ut et excepturi. Expedita recusandae sed sunt non quos praesentium.'),
(208, 42, 8, 3, 'Iste unde maxime facilis aperiam et eos. Atque non unde rem omnis nulla. Tempora incidunt quasi repellat perferendis culpa.'),
(209, 42, 9, 4, 'Rerum sed sunt expedita ut fugiat quod maiores culpa. Earum dolores possimus dolorum explicabo. Numquam veritatis dolores deleniti debitis aut quibusdam.'),
(210, 42, 10, 4, 'Est voluptates qui esse est et pariatur non. Dolores nihil aut qui saepe voluptatem rerum. Officia voluptatem est est quia necessitatibus nam iste voluptas.'),
(211, 43, 11, 3, 'Rerum et vel quia et sapiente libero necessitatibus consequatur. Quis dignissimos unde itaque harum. Aut quo qui sint soluta aut officia omnis repellendus.'),
(212, 43, 12, 2, 'Et sequi unde velit. Nihil molestiae aspernatur deserunt recusandae saepe odit porro eum. Recusandae dolore illo sequi est.'),
(213, 43, 13, 2, 'Est rerum velit sequi atque hic vero rem. Labore unde repellat incidunt dolor quibusdam aut. Non ut deleniti et itaque ut sapiente. Ex nisi explicabo minima nobis a laudantium.'),
(214, 43, 14, 1, 'Aut itaque illo optio facilis ex blanditiis quasi explicabo. Accusantium eveniet quibusdam debitis alias. Eum iure voluptates dolor unde necessitatibus quos. Dolor omnis aperiam et blanditiis voluptas.'),
(215, 43, 15, 4, 'Iste modi vero rerum natus incidunt repudiandae. Est a quidem eligendi sint. Quibusdam libero laudantium temporibus accusantium fuga.'),
(216, 44, 16, 1, 'Aliquam corporis nihil enim consequuntur molestiae. Est voluptas aspernatur voluptatem repellat odit distinctio.'),
(217, 44, 17, 2, 'Quia labore et nemo omnis exercitationem velit. Harum eaque consequatur consequatur sed at quasi laboriosam. Et ipsam eos beatae rerum mollitia sint.'),
(218, 44, 18, 3, 'Vero atque corrupti ipsum perspiciatis nam. Cupiditate cum sit doloribus voluptas aut et porro. Aut dicta quia quod ipsa earum blanditiis. Vitae eos culpa aspernatur.'),
(219, 44, 19, 4, 'Cumque ut reiciendis numquam qui quis sit. Unde quaerat blanditiis ex veritatis libero unde. Aspernatur et est sit ad ipsa voluptas quos.'),
(220, 44, 20, 4, 'Tempore omnis vel assumenda inventore culpa enim. Voluptates incidunt omnis quasi fugiat alias. Et eaque excepturi omnis nihil possimus nisi.'),
(221, 45, 21, 5, 'Assumenda quisquam dolorem et officiis. Vitae tempora quo et pariatur qui.'),
(222, 45, 22, 2, 'Autem sed nisi maiores sequi exercitationem. Et aut placeat minus dicta accusamus et consequatur. In rem ipsam nemo at.'),
(223, 45, 23, 3, 'Ut magni esse veniam repellat. Aut modi blanditiis odio excepturi numquam.'),
(224, 45, 24, 5, 'Repellat eligendi et non pariatur. Et non aut voluptas alias sunt. Sed iste aspernatur est assumenda odio et fugiat.'),
(225, 45, 25, 2, 'Ipsa architecto ut rerum id repudiandae esse nam. Qui quia autem fugit maxime ad voluptatem. Quia aut delectus itaque voluptas aspernatur vero aut. Est sint velit nihil maiores tempora.'),
(226, 46, 1, 4, 'Atque odit et rerum inventore et sunt. Et tempore unde consectetur ullam beatae. Repudiandae velit rem rem et pariatur ab necessitatibus.'),
(227, 46, 2, 3, 'Est quis sed facilis delectus. Laborum necessitatibus dolorum reprehenderit non. Est a odio voluptatem ullam ratione. Illo eos explicabo unde ut.'),
(228, 46, 3, 1, 'Est optio dolores officia dolores vitae dolorum. Voluptatem illo hic possimus quasi blanditiis sint.'),
(229, 46, 4, 4, 'Facere vero dolor laudantium consequatur dolores qui tempore. Officiis omnis consequatur aut omnis. Odit quae iure minima provident. Quos corrupti eum aliquid inventore.'),
(230, 46, 5, 4, 'Ut deleniti ea doloremque voluptas. Quia aut voluptas impedit eos animi. Dolorem eos aut aut ut sit occaecati vero autem.'),
(231, 47, 6, 2, 'Tempora sunt ipsum error vitae est reprehenderit quod. Perferendis magni et perspiciatis quas omnis quod harum.'),
(232, 47, 7, 2, 'Magni ex rerum eum veniam necessitatibus eos necessitatibus. Provident omnis sed sunt occaecati odio cum odit. Sapiente rerum dolore voluptatem qui.'),
(233, 47, 8, 5, 'Earum explicabo rerum nobis. In qui minima at facilis facilis. Omnis voluptatem illum et expedita velit reiciendis recusandae. In sint laborum maiores.'),
(234, 47, 9, 4, 'Atque placeat et voluptatem aut accusantium voluptatem. Saepe itaque eligendi in non. Voluptas atque maxime voluptatem delectus illum non rem.'),
(235, 47, 10, 2, 'Quibusdam nam ut modi non commodi laborum consequatur. Perferendis aliquid et nisi commodi qui.'),
(236, 48, 11, 3, 'Explicabo quia sit labore praesentium est et fuga. Error eius in in qui et iste et tempora. Consectetur fugit quas libero iusto doloremque in non. Doloribus error quo mollitia ullam eius et ea.'),
(237, 48, 12, 3, 'Numquam sint quia officiis omnis amet maxime. Eum assumenda assumenda beatae veritatis explicabo vel. Culpa culpa exercitationem beatae placeat sapiente. Non commodi exercitationem impedit sapiente eum eos.'),
(238, 48, 13, 4, 'Tenetur provident ab quo quia et. Dolor et amet natus saepe ipsam illum architecto. Veniam commodi sequi est.'),
(239, 48, 14, 2, 'Soluta quae velit minus dolor voluptatibus et officia. Et dignissimos provident ea ex fuga eius aut quisquam. Ipsam aliquid tempora ipsa distinctio ut magni molestiae. Voluptatem iure rerum similique non voluptatem.'),
(240, 48, 15, 2, 'Ducimus cupiditate et et. Perferendis sit aliquam aut est et.'),
(241, 49, 16, 1, 'Explicabo illo quo pariatur quo ut nihil. Perferendis aliquam libero magni laboriosam.'),
(242, 49, 17, 1, 'Consectetur dicta voluptas esse beatae rerum. Aut et quos ea quod dolore sit. Ullam similique itaque vero. Est voluptas deleniti dolores quibusdam non qui et.'),
(243, 49, 18, 1, 'Fugiat consequuntur et dolor officia omnis. Similique perferendis autem est cum ut. Odit delectus quisquam ipsum vero neque. Non totam aspernatur voluptatibus qui.'),
(244, 49, 19, 4, 'Et nesciunt odio totam vel qui quas est explicabo. Harum nesciunt nihil ipsam dolorem quo sapiente laboriosam. Est illo voluptatem suscipit est.'),
(245, 49, 20, 5, 'Maxime rem et quia reiciendis dignissimos. Accusamus temporibus ratione ex est fugit culpa ad.'),
(246, 50, 21, 4, 'Aut asperiores enim ullam. Velit quisquam non voluptatem ad. Reiciendis laudantium amet quia voluptas et est omnis.'),
(247, 50, 22, 1, 'Illum illum harum blanditiis voluptatem ut tempore. Voluptate consequatur natus sunt quasi libero. Nostrum dolorem dolores id nam recusandae officiis rerum. Aperiam reprehenderit dolorem eum ut.'),
(248, 50, 23, 1, 'Labore illum velit nesciunt qui cupiditate qui. Harum et aperiam et. Est est enim commodi ratione aut ut eligendi non.'),
(249, 50, 24, 5, 'Doloremque officiis quidem est consequatur ipsa eum porro ut. Rerum libero consectetur voluptas tempora voluptas odit. Sit asperiores non autem error.'),
(250, 50, 25, 2, 'Est ex eveniet veritatis ut debitis laborum quidem. Dolores dolore ab commodi corrupti porro.');

-- --------------------------------------------------------

--
-- Structure de la table `tag`
--

CREATE TABLE `tag` (
  `id` int NOT NULL,
  `code` varchar(255) COLLATE utf8mb4_unicode_ci NOT NULL,
  `name` varchar(30) COLLATE utf8mb4_unicode_ci NOT NULL
) ENGINE=InnoDB DEFAULT CHARSET=utf8mb4 COLLATE=utf8mb4_unicode_ci;

--
-- Déchargement des données de la table `tag`
--

INSERT INTO `tag` (`id`, `code`, `name`) VALUES
(1, 'tag-0', 'Tag 0'),
(2, 'tag-1', 'Tag 1'),
(3, 'tag-2', 'Tag 2'),
(4, 'tag-3', 'Tag 3'),
(5, 'tag-4', 'Tag 4'),
(6, 'tag-5', 'Tag 5'),
(7, 'tag-6', 'Tag 6'),
(8, 'tag-7', 'Tag 7'),
(9, 'tag-8', 'Tag 8'),
(10, 'tag-9', 'Tag 9'),
(11, 'tag-10', 'Tag 10'),
(12, 'tag-11', 'Tag 11'),
(13, 'tag-12', 'Tag 12'),
(14, 'tag-13', 'Tag 13'),
(15, 'tag-14', 'Tag 14'),
(16, 'tag-15', 'Tag 15'),
(17, 'tag-16', 'Tag 16'),
(18, 'tag-17', 'Tag 17'),
(19, 'tag-18', 'Tag 18'),
(20, 'tag-19', 'Tag 19'),
(21, 'tag-20', 'Tag 20'),
(22, 'tag-21', 'Tag 21'),
(23, 'tag-22', 'Tag 22'),
(24, 'tag-23', 'Tag 23'),
(25, 'tag-24', 'Tag 24');

-- --------------------------------------------------------

--
-- Structure de la table `user`
--

CREATE TABLE `user` (
  `id` int NOT NULL,
  `username` varchar(30) COLLATE utf8mb4_unicode_ci NOT NULL,
  `email` varchar(255) COLLATE utf8mb4_unicode_ci NOT NULL,
  `password` varchar(60) COLLATE utf8mb4_unicode_ci NOT NULL
) ENGINE=InnoDB DEFAULT CHARSET=utf8mb4 COLLATE=utf8mb4_unicode_ci;

--
-- Déchargement des données de la table `user`
--

INSERT INTO `user` (`id`, `username`, `email`, `password`) VALUES
(1, 'user+0', 'user+0@email.com', '$2y$04$f00AYswHYqF8jPiJci7gHuIK91A8BjBw0Njc/YhEMaDkquLJVOhqi'),
(2, 'user+1', 'user+1@email.com', '$2y$04$szJLVXIaS74kIpZynpRUp.IsoEmClDgbvsqC8oD7y9M35pqg0nf.y'),
(3, 'user+2', 'user+2@email.com', '$2y$04$DMWFHMhyBxIKY9kXmuSkguj17AsIgztIgzvozjqqPNHUdQwZWvFEy'),
(4, 'user+3', 'user+3@email.com', '$2y$04$jqxGD6Dpa8EZJFEBGD93seuY01HZRDAnElcVc6uhM55nHnRPGiXUu'),
(5, 'user+4', 'user+4@email.com', '$2y$04$JKyl3aHMyuMMaD7otx0DROR2iC7vB1ePHkakukLlWbwIijJpAfl3i'),
(6, 'user+5', 'user+5@email.com', '$2y$04$FCCXXnjR3y0pyvyQ1akRVuLWI2irS9EnlAruH2mDBFiDhgwloSn6O'),
(7, 'user+6', 'user+6@email.com', '$2y$04$9EibHCtsdND5z8SyF8vcie7/qYqIi7bndGJMcBWRK9wpfqmrBYQB.'),
(8, 'user+7', 'user+7@email.com', '$2y$04$ypcZAXOnayarGgOVpOaqTu0kDy3Ey1vbuDIkMAJear6vZzbx7xreS'),
(9, 'user+8', 'user+8@email.com', '$2y$04$tmwSNy8MqKh8Bjeq2CBiIeITJiaw.x/gUOWZqepsAnpURd7MyUmqu'),
(10, 'user+9', 'user+9@email.com', '$2y$04$qIi7HI/qJuiPhDrYHNSHYuAJJ1lhRzxR684kvIEHNNdS7oiab.xtG'),
(11, 'user+10', 'user+10@email.com', '$2y$04$B9FsK//J5iJN9zZMnT0zkuWWtXNBXWqFjLK9eRvBzGhYsMUKz1zy.'),
(12, 'user+11', 'user+11@email.com', '$2y$04$tcnQ9QywSlCKr5Ga/JCz4.GO2XSk87GBvZt1QQtUCmqq.HSioE96K'),
(13, 'user+12', 'user+12@email.com', '$2y$04$DU2T6RJFuXvAOvzPeMsxaOHXzbzlJj3.6dN6mk9g7ulj2uy03Y6/.'),
(14, 'user+13', 'user+13@email.com', '$2y$04$v77Bn1/MyXSt69tLYWwdoOQDYCF/hCPCKTvDcJ5K5ZgyFLGrnNeUa'),
(15, 'user+14', 'user+14@email.com', '$2y$04$ygxZ.9ZqzSoHjh9Wahlvbe1wiypHwkr2Tnps1aUaW7sDUtwhNSaPK'),
(16, 'user+15', 'user+15@email.com', '$2y$04$tYoBV6N1uKs8trYT8D7Q9unEhlDbFGFe9d2gFbebRYoLeomZDmMZK'),
(17, 'user+16', 'user+16@email.com', '$2y$04$b9Nh.YXPnnkQIBPrb5NZ1.p4KLvcO.ECRuuXJL/1wFCsBjn8v83tC'),
(18, 'user+17', 'user+17@email.com', '$2y$04$RXCXnjQPIBeq9zjj451Iy.znlqBLcIGd.eiH0XyIni.2.mtRdfD7K'),
(19, 'user+18', 'user+18@email.com', '$2y$04$V8S3N3vM6WtkITkqpXw0BORuNWVMD0zO696pHQTXvVTaIW7/bloM2'),
(20, 'user+19', 'user+19@email.com', '$2y$04$fih9wrXAPcfy5aXaTUqBpexHCUP/bOkbOM5Vx1a3bh7qeKw/CFdZG'),
(21, 'user+20', 'user+20@email.com', '$2y$04$gnTN3mi5fjOYbMP4zO1BoOR4KIraVZo.ziWhwEHL83Ye.1HHI.W0C'),
(22, 'user+21', 'user+21@email.com', '$2y$04$Blb1oWOV7dAUp6usKyp3teSLcahk4asSAMLFW4hF7OUKdiVJH1bbi'),
(23, 'user+22', 'user+22@email.com', '$2y$04$f/ObdUNCRyPxekMme5WA4OQWYlLZxzfVzB6Hg0UxulJfg5sRqoWiq'),
(24, 'user+23', 'user+23@email.com', '$2y$04$FuqYlABVfkWyDPMD40KuI.9sfOKHRKYa/tziHgho88WoCt1OvGJ4W'),
(25, 'user+24', 'user+24@email.com', '$2y$04$l.Lx2i4IATo9V0jgu16tvejo7hPFCNdg9tvGDtAfiJNUfvexHFyFq');

-- --------------------------------------------------------

--
-- Structure de la table `video_game`
--

CREATE TABLE `video_game` (
  `id` int NOT NULL,
  `title` varchar(100) COLLATE utf8mb4_unicode_ci NOT NULL,
  `image_name` varchar(255) COLLATE utf8mb4_unicode_ci DEFAULT NULL,
  `image_size` int DEFAULT NULL,
  `slug` varchar(255) COLLATE utf8mb4_unicode_ci NOT NULL,
  `description` longtext COLLATE utf8mb4_unicode_ci NOT NULL,
  `release_date` date NOT NULL COMMENT '(DC2Type:date_immutable)',
  `updated_at` datetime DEFAULT NULL COMMENT '(DC2Type:datetime_immutable)',
  `test` longtext COLLATE utf8mb4_unicode_ci,
  `rating` int DEFAULT NULL,
  `average_rating` int DEFAULT NULL,
  `number_of_ratings_per_value_number_of_one` int NOT NULL,
  `number_of_ratings_per_value_number_of_two` int NOT NULL,
  `number_of_ratings_per_value_number_of_three` int NOT NULL,
  `number_of_ratings_per_value_number_of_four` int NOT NULL,
  `number_of_ratings_per_value_number_of_five` int NOT NULL
) ENGINE=InnoDB DEFAULT CHARSET=utf8mb4 COLLATE=utf8mb4_unicode_ci;

--
-- Déchargement des données de la table `video_game`
--

INSERT INTO `video_game` (`id`, `title`, `image_name`, `image_size`, `slug`, `description`, `release_date`, `updated_at`, `test`, `rating`, `average_rating`, `number_of_ratings_per_value_number_of_one`, `number_of_ratings_per_value_number_of_two`, `number_of_ratings_per_value_number_of_three`, `number_of_ratings_per_value_number_of_four`, `number_of_ratings_per_value_number_of_five`) VALUES
(1, 'Jeu vidéo 0', 'video_game_0.png', 2098872, 'jeu-video-0', 'Consectetur vitae quas dolores soluta repellendus earum ex. Inventore deserunt eum qui minus rerum sunt. Nobis dolore inventore nihil accusantium atque laboriosam consequatur.\n\nDignissimos aut a quisquam. Est quae sunt nam dicta et. Qui nesciunt animi ab qui quo iure dolore.\n\nVoluptatem possimus quia voluptatem et eius aut deserunt quasi. Sunt quia et doloribus id recusandae in iure. Sed aut nesciunt dolorem aut quibusdam.\n\nLaboriosam dolor eius beatae occaecati culpa. Explicabo fuga laborum velit et non qui labore quis. Nihil sequi et tempore modi illo saepe.\n\nDolorem dignissimos quaerat possimus id molestias aut. Tempore cum laborum voluptatem inventore eum officiis.\n\nEst corrupti sit omnis eos cum. Dolores ea nobis nam eos aut quia quia. Rerum atque nihil dolorem ut fugit molestiae non.\n\nMinus pariatur quam sequi excepturi sint iusto molestiae. Nemo delectus iure quasi omnis sint quaerat vel.\n\nIn assumenda voluptatem facere veniam. Fugiat vel qui delectus unde nihil.\n\nAliquid facilis omnis reiciendis aliquam architecto officiis sunt. Tenetur id accusamus eaque ullam omnis. Quasi laborum sunt minima qui rerum.\n\nAut in amet aut. Natus ab enim est similique qui dolore placeat. Aut doloremque quia quam. Quibusdam corrupti officiis quam quis laborum iure fuga.', '2026-05-11', '2026-05-11 12:03:43', 'Quos id beatae earum ea. Culpa sit eum repellendus quia eveniet deleniti. Veritatis doloribus possimus reiciendis ullam.\n\nVoluptatem laborum non maiores officiis corrupti vel odio. Sint sit consectetur voluptatem libero dignissimos iste. Iste voluptatem reprehenderit architecto repudiandae sunt. Saepe et et alias sed quibusdam et.\n\nAut blanditiis inventore incidunt ad. Perferendis sint aut cum impedit eius aliquid. Ipsa et rem aut non. Corrupti unde perspiciatis et ut.\n\nSequi iste blanditiis dolorem blanditiis repudiandae. Quam ut cupiditate consectetur ipsum magnam voluptatem. Qui modi autem omnis deserunt et. Impedit molestias quo culpa similique perferendis.\n\nUt qui molestiae consectetur modi quibusdam. Blanditiis nobis sapiente aut corporis. Corporis iusto voluptatem sequi. Et maxime esse rerum delectus nihil eius.\n\nEst nam dolores dolorum quis magnam beatae eum. Molestias ut cum non molestiae cum rem. Libero dolores quidem nemo veritatis fugiat quod qui eveniet.', 1, 3, 1, 2, 1, 1, 0),
(2, 'Jeu vidéo 1', 'video_game_1.png', 2098872, 'jeu-video-1', 'Modi ut numquam atque. Deserunt quo illum et dolor ex amet. Et quis sed assumenda nisi.\n\nAmet asperiores ut cupiditate qui hic. Voluptatem possimus dolorem cumque impedit. Dolores ut sit voluptate quidem quia. Accusantium qui id eligendi ratione accusamus sit. Quia quia dignissimos ut veritatis.\n\nUt rerum aperiam corrupti magni eaque. Quos labore sint rerum voluptates odit in. Totam illum sunt laborum saepe placeat. Qui unde alias corrupti blanditiis. Qui facere velit omnis beatae molestiae expedita.\n\nEius quasi sequi minus totam quod reiciendis illum. Nesciunt sint enim qui non laborum corporis a est. Maiores ducimus aut et tenetur eum id dolores. Tempore numquam magni vitae sit et iure est.\n\nVero voluptatem assumenda ea optio dignissimos aliquam. Odit autem tempore corporis deleniti. Asperiores itaque vitae architecto fugiat illo. Nesciunt maiores non ab.\n\nEst eaque laudantium quis assumenda voluptas. Voluptatum et est sed sit distinctio qui. Omnis aliquid debitis et rerum corporis est. Sed molestiae harum quidem quia voluptate maxime sed vero.\n\nSequi veniam dignissimos perspiciatis ut quia blanditiis. Quibusdam pariatur laborum veniam ut consequuntur sint maxime. Consequatur cum provident qui labore aut iure voluptatum.\n\nOdio deserunt doloremque ut sed. Provident cupiditate modi consequatur voluptatum est. Amet laborum neque omnis animi.\n\nQui voluptas accusantium molestias quia molestiae autem. Similique assumenda perferendis quibusdam. Commodi nostrum tempora dolor expedita et omnis expedita. Tenetur fuga deleniti aut qui.\n\nOmnis ratione et molestiae corrupti ipsum voluptatem. Esse et dicta eligendi a ad placeat. Minus qui et placeat nobis dolores ut qui perferendis. Molestiae ullam consequatur reiciendis iusto laboriosam laboriosam quasi.', '2026-05-10', '2026-05-11 12:03:43', 'Nisi consequuntur reprehenderit dolorem. Ipsa qui natus est eaque nemo dolorum alias. Consequatur iusto facilis fugiat quae ut repudiandae tempora.\n\nTenetur a amet et sunt voluptatem sequi est. Sint aut corporis fugit et iure omnis soluta. Consequatur sint ducimus eveniet vitae perspiciatis debitis et deleniti.\n\nRepellendus ut delectus et aut tempore. Et qui est atque. In iure incidunt ad in sit.\n\nSunt quidem molestiae sint praesentium consequuntur. Consequatur ducimus in molestias rerum velit quae. Aut sunt alias numquam et.\n\nEt earum id aut qui iure laborum laboriosam. Magni saepe placeat alias accusamus ut accusamus. Id ipsum laudantium nam accusamus iusto aliquid.\n\nOmnis vel expedita quo molestiae. Nisi neque illum ea inventore sequi. Culpa vitae qui aut et voluptatem. Dolorem eum in id eaque in.', 2, 4, 0, 1, 1, 1, 2),
(3, 'Jeu vidéo 2', 'video_game_2.png', 2098872, 'jeu-video-2', 'Vitae quasi quis qui aspernatur ipsum. Ex molestiae molestiae eos dolorem in illum.\n\nEos tempore veritatis iusto tempore inventore ipsam error hic. Quo et sit quod nulla quis consectetur ut. Necessitatibus ipsum cum cum culpa culpa.\n\nVel officiis quo laborum error. Unde aut sit occaecati vero sint qui. Qui suscipit at est aut.\n\nQuia et recusandae culpa rerum rerum. Voluptatibus officia officia ullam et iusto aut ad. Possimus est neque adipisci quos dolorum asperiores illo. Vel velit saepe numquam illo et ipsa.\n\nUt minus aperiam repellat quo. Similique vitae ea accusamus ullam debitis. Rem debitis quia labore saepe illo corrupti. Rem quae quam dolores cupiditate. Autem est occaecati nostrum magni iusto architecto non modi.\n\nEarum voluptatum velit facere pariatur repudiandae. Ut sapiente sint aut aliquid. Perspiciatis nihil itaque quae quo quisquam iusto. Alias incidunt et ipsam dolores dignissimos.\n\nAut voluptas ipsa saepe quia. Cupiditate doloremque voluptas aut aut eligendi vel autem. Voluptas nemo qui id.\n\nA illo est enim sint voluptatem. Ea itaque voluptatem est numquam. At qui quidem ut voluptate esse animi et.\n\nQui ullam saepe accusantium necessitatibus. Id mollitia labore sunt occaecati distinctio ipsum. Nulla voluptas consequuntur quidem voluptates quia et rerum. Eaque sed non ratione nesciunt perspiciatis.\n\nNostrum quos omnis placeat minima beatae sapiente incidunt. Quia natus et tenetur quibusdam facilis. Quam id laboriosam nesciunt vitae corporis. Qui quas laborum sunt eos non libero mollitia.', '2026-05-09', '2026-05-11 12:03:43', 'Distinctio sit voluptatibus quo ex velit et commodi. Voluptatem est officiis repudiandae. Dolorem id ullam nihil eos deleniti. Et ea vel molestias.\n\nDucimus possimus laborum nam officia qui. Iure impedit molestiae a fugiat assumenda tempora in mollitia. Dolor maxime sit sunt minima consectetur voluptatibus vitae nihil.\n\nQuo eius ullam quaerat tempora laudantium. Eligendi fuga voluptate ducimus officia. Est rerum ipsam voluptatem exercitationem modi corporis et.\n\nEos quia temporibus magni neque sint laboriosam a. Odit et consequatur nemo quis rerum. Atque debitis facere unde consequatur. Ad architecto debitis repellendus omnis voluptatem. Sequi molestias cumque vitae eos sint quod enim officiis.\n\nAsperiores at dolores quaerat. Fuga officia et aut voluptatem itaque consequatur recusandae.\n\nDolor consequatur qui autem eum iure. Expedita nam non dolor aliquid eaque eum aspernatur. Repudiandae unde neque sit nisi occaecati aspernatur quo. Quaerat in error quia ipsa.', 3, 3, 1, 2, 0, 1, 1),
(4, 'Jeu vidéo 3', 'video_game_3.png', 2098872, 'jeu-video-3', 'Dolor suscipit sunt est dolor sit iure. Distinctio error velit ea harum doloribus. Eligendi quia accusantium ex.\n\nVoluptatem in deleniti voluptatum omnis eum amet nihil. Ut vero ipsam autem maxime numquam. Et repellendus similique repellat nihil repellendus suscipit. Et voluptatem qui doloribus.\n\nNecessitatibus autem consequuntur debitis. Laborum debitis consequatur qui omnis. Molestiae sapiente facilis rerum.\n\nEa aut et et sit labore repudiandae repellat ab. Dolorum et pariatur quae. Vitae aut inventore suscipit. Hic quod magni cupiditate doloribus.\n\nEa et et praesentium quod eos. Distinctio et quia ut incidunt incidunt. Est et odio accusantium velit accusantium vel voluptatem voluptatem. Sint magnam deserunt debitis iusto consequatur rerum rerum eum.\n\nNecessitatibus ad magni et aliquid pariatur facilis earum. Ratione illum nesciunt vero commodi molestias iure. Vero aperiam quas aspernatur et cumque culpa. Aut harum mollitia qui distinctio. Qui unde in velit deleniti eum atque dolorem consectetur.\n\nRepellat possimus commodi perspiciatis voluptatem odio harum cumque. Quibusdam voluptatem dolorum minus est eaque dolorum facere. Quia a tempore doloribus vero consectetur accusamus assumenda.\n\nDolor sed commodi suscipit autem voluptatem molestiae rem. Esse illum aliquid in dolorem ipsam voluptas neque odio. In recusandae aliquam qui maiores modi sint recusandae itaque. Sequi error quis in itaque.\n\nNulla facilis omnis ea ipsum quo ea atque laboriosam. Eaque nulla placeat beatae sint officiis sed quae. Neque quidem in dolorum facere. Mollitia aut aspernatur quas laudantium qui iste et sit.\n\nQui occaecati alias sed quibusdam voluptas ipsum laboriosam. Ad nam omnis voluptas quae ipsum dolorem non. Iusto molestias minima et.', '2026-05-08', '2026-05-11 12:03:43', 'Soluta dolorem ducimus pariatur aut qui saepe. Rerum voluptas quibusdam excepturi suscipit. Culpa ab corporis alias perspiciatis. Voluptatem velit qui et magni incidunt aut voluptates soluta.\n\nDolorem voluptatem voluptas ea enim deleniti id ut fugiat. Ut corporis nostrum possimus. Earum et ut asperiores saepe sequi.\n\nDolor aut iusto est numquam suscipit autem. Omnis consequatur sint quia est dolorem id porro. Ad vero voluptatem aliquid optio eos sint repellat.\n\nEx ut ratione optio est amet magnam totam. Quod ut odit quis corporis. Ad optio temporibus sit officiis facilis. Maiores ratione omnis eos.\n\nExcepturi ipsum porro voluptatem voluptatem earum quisquam. Provident fuga in autem aut qui. Eaque dolor quo autem.\n\nVoluptates veritatis repellat sapiente dolorem. Nihil earum maiores aut qui quidem eos et distinctio. Quos saepe ratione sint doloremque pariatur atque.', 4, 3, 2, 0, 1, 2, 0),
(5, 'Jeu vidéo 4', 'video_game_4.png', 2098872, 'jeu-video-4', 'Quia modi unde et nisi tenetur. Et quia sit veritatis alias. Et officia possimus at repudiandae aut.\n\nEnim in at magni minima. Fugiat nam neque similique sed enim cumque sit. Eos voluptatem qui velit molestias porro. Quo illo dolore at eos.\n\nRerum est explicabo sed maiores optio harum aliquid. Molestias fuga et eum quia. Et autem quidem dicta quia voluptatibus omnis. Est saepe repellat aspernatur.\n\nEos eum quia error placeat. Laboriosam explicabo a expedita aut et nobis ducimus. Aut non sit a incidunt.\n\nMagni ad voluptatem sint praesentium et consectetur. Et iste est aut ipsam iste blanditiis ipsam ut. Qui iste voluptatem aut. Quia nesciunt a non odio voluptatem ipsa.\n\nImpedit officia dignissimos error illum quo minus. Atque impedit in commodi necessitatibus velit quos et. Ut voluptates magnam repudiandae quas nihil qui voluptatem unde. Modi consequatur aut facere neque voluptas.\n\nBlanditiis ut aut nostrum facere. Illo architecto eius minus iure nihil explicabo. Illo corporis distinctio necessitatibus expedita sit quasi.\n\nCumque qui et sunt magni. Illo quia assumenda ad dolores laboriosam.\n\nVoluptatem unde corrupti aliquid. Rerum aut facilis ex minus iure dolor. Culpa est dolores voluptatum dolores quisquam ullam voluptates.\n\nVoluptatibus reiciendis officia sed rem facilis porro. Commodi fuga aut dolorem eaque expedita. Consectetur occaecati sed quae maxime deleniti enim. Ut repellat non aut qui.', '2026-05-07', '2026-05-11 12:03:43', 'Sit delectus odit voluptatem consequatur dolor quia provident. Aut dolorem impedit ipsum tempora maxime repudiandae iure fugit. Necessitatibus occaecati amet perferendis. Voluptas vel maxime eius vel tempore adipisci velit.\n\nLaudantium suscipit rerum at eligendi sit. Optio ullam dignissimos iure consequuntur autem. Inventore dignissimos inventore et doloremque non fugit.\n\nNatus totam adipisci eos et nobis. Quis consectetur aspernatur quaerat nisi reiciendis officiis quas natus.\n\nSoluta est nam sunt distinctio. Corporis voluptas laudantium nobis eum commodi maxime aut. Dolores nostrum eius rerum quis consequatur minima.\n\nIncidunt sit explicabo aut explicabo molestiae quia enim perspiciatis. Veritatis ut voluptate et. Veniam autem laudantium ut unde ut.\n\nVel magni quod dolore similique autem cumque id. A beatae debitis quis perferendis porro repudiandae omnis. Magnam unde cupiditate fugit blanditiis.', 5, 3, 0, 3, 1, 0, 1),
(6, 'Jeu vidéo 5', 'video_game_5.png', 2098872, 'jeu-video-5', 'Eaque incidunt expedita laboriosam atque doloremque praesentium. Harum porro magnam aut eligendi.\n\nDolorem quos eveniet dolores sit suscipit optio. Fugit ea molestiae dolor non laudantium corporis dolore. Assumenda quidem blanditiis odit sit. Odit provident praesentium sunt animi ad officia possimus.\n\nRerum quod vero delectus ab ut rem officiis dolorem. Aut ea ut sit possimus nulla aut perspiciatis consequuntur. Modi at quo aut similique dolorem doloremque. Voluptatem voluptatem non hic et sunt.\n\nNon ex voluptatem vel tempore provident animi. Debitis sequi est molestiae consequatur rerum. Sunt perferendis ut officia eveniet magnam aliquid molestiae earum.\n\nUt consequatur placeat quia eum eum tempore. Laudantium reiciendis aut sunt sed. Eligendi sint quo doloremque molestias est fuga.\n\nMollitia consequatur animi numquam sed vel sunt quasi. Odit animi iusto ex eos tempora. Sed architecto et quia incidunt. Temporibus nihil voluptatem voluptate ipsum dignissimos nulla quisquam.\n\nCumque ipsam accusamus officia molestiae possimus eos. Nihil mollitia blanditiis odio qui nemo magni. Sunt ea placeat quis similique eligendi omnis. Totam commodi in error quibusdam repellendus accusamus maiores.\n\nEst ad eos laboriosam excepturi qui eligendi accusamus quam. Sit ipsa eos quos ut impedit minima in. Aperiam recusandae et omnis magni quo sed.\n\nRepellendus iste perferendis dolores soluta est delectus dolorem. Eum non quia quam rerum. Sed sit modi autem perspiciatis asperiores ad aut. Quidem beatae id numquam ea ut tempore quas.\n\nVoluptatem quas et soluta quia eligendi. Quia consequuntur voluptatem ut velit. Illum unde temporibus iure unde quia id nihil. Saepe sint natus voluptas id quia vero neque.', '2026-05-06', '2026-05-11 12:03:43', 'Veritatis voluptates id neque quis ea. Repellendus repellendus quam recusandae ut quis temporibus repellat. Voluptas quo perspiciatis repellendus quasi. Molestiae voluptatibus et non non harum. Consequatur aut reprehenderit itaque autem dolorem.\n\nQuibusdam sit explicabo id autem accusamus. Ad et voluptas suscipit quo. Autem voluptas et nesciunt consequuntur. Totam dicta soluta ratione sint.\n\nVoluptate reiciendis qui deleniti nihil porro. A ex ipsa et ut. Officiis odio porro vero maiores voluptas qui ratione. Recusandae iusto facere corporis delectus quo ab culpa qui.\n\nRem velit maxime dicta cumque est laboriosam aspernatur. Est ipsa est magni labore ducimus enim. Sapiente fuga illo inventore veniam sed perferendis qui.\n\nDolorum et est totam sint in eius qui. Similique aut non odit in accusamus sed. Excepturi fugiat illo at.\n\nImpedit et voluptatum est fuga dolor distinctio. Suscipit fugit omnis sunt et qui aut. Possimus debitis qui minus aut vitae magni dolore distinctio.', 1, 3, 1, 1, 1, 1, 1),
(7, 'Jeu vidéo 6', 'video_game_6.png', 2098872, 'jeu-video-6', 'Occaecati molestias ex mollitia est ut velit ut. Voluptatem fugiat ut sit nesciunt.\n\nPlaceat aut sunt consequatur aut facilis dolores et. Quod consequuntur laborum illum ad omnis in sed. Sit sit ratione aliquid qui dicta quia officiis animi.\n\nAliquid sit quam corrupti minima maxime quo atque ut. Quo beatae quis expedita rem et.\n\nEarum repellendus sequi sint velit beatae non eaque. Animi aliquid voluptatem iusto sed sunt. Animi quam dicta vero quae nobis laborum fugiat quis.\n\nTempora omnis dolor harum culpa ipsa. Qui illo a qui ab dolor sit sed. Voluptatem eligendi et et ut. Ex fugit placeat libero aut quibusdam qui.\n\nIncidunt reprehenderit quos vel consequuntur doloribus rerum. Repellendus ipsum autem natus. Vel iusto dolorem et voluptatem asperiores impedit ea.\n\nReiciendis occaecati libero vel minus. Quia quos reprehenderit dolores. Itaque vitae dolores ad corrupti.\n\nRepellendus molestiae repudiandae quod commodi exercitationem ipsam. Omnis ad ipsa repellendus assumenda ut molestiae voluptas. Qui nemo consequuntur blanditiis debitis nam nihil dicta.\n\nVoluptas accusamus odio quo laborum maxime. Dolorem sit exercitationem amet commodi deserunt error suscipit. Sapiente quia eum occaecati optio rerum. Architecto est quia molestiae molestiae et.\n\nQuas qui ea nulla facere. Accusantium alias ipsam eveniet voluptates et magni. Voluptatem omnis autem ut quia incidunt. Voluptates quam dolor ut.', '2026-05-05', '2026-05-11 12:03:43', 'Eligendi qui aut laboriosam quaerat excepturi et. Quo nesciunt perferendis consequatur saepe enim quia et est. Porro qui quis ut maiores.\n\nVoluptas porro voluptas sed libero odio ut quia. Sint corporis qui omnis quia officia sunt. In quo voluptatem sit ducimus. Odio quia sint accusantium vero inventore ad.\n\nQuaerat dolores aspernatur animi debitis provident. Natus velit tenetur omnis voluptatem asperiores. Ut qui commodi et quo temporibus perspiciatis facere. Officiis cupiditate hic voluptas ut.\n\nEos omnis dicta cupiditate. Cum voluptas et ex. Nam aliquid quia iusto.\n\nUt reprehenderit consequuntur alias. Ut ab consequatur ex. Quia deleniti sed dolores est. Consequatur et dolore culpa accusantium quibusdam.\n\nUt et explicabo quo quasi et. Eos deserunt sunt sequi omnis. Et provident iure aut debitis similique eos commodi vel. Quisquam ea cumque tempore id harum dolorem.', 2, 3, 1, 2, 0, 0, 2),
(8, 'Jeu vidéo 7', 'video_game_7.png', 2098872, 'jeu-video-7', 'Minus est praesentium facilis saepe ipsam quo et voluptas. Rerum optio voluptatibus maiores cupiditate atque quae repudiandae recusandae. Ratione et nemo cum et dignissimos.\n\nQuia voluptates id doloribus mollitia aut consequuntur omnis. Quis quasi velit voluptate debitis maxime blanditiis. Explicabo vero aliquam nihil veniam nulla error doloribus. Est nihil et ea accusamus.\n\nInventore architecto corporis commodi autem natus similique voluptate. Voluptates corporis facilis ut ut et in. Architecto totam aliquid corrupti reprehenderit veritatis ratione praesentium.\n\nQui voluptatem rem est enim nihil dolor sequi. Officia aut libero ea sed. Deserunt harum non qui. Necessitatibus quos officiis temporibus impedit porro reprehenderit.\n\nTenetur amet dolor corporis quo. Error quaerat rerum perferendis voluptatem sunt ullam. Alias ad eveniet quidem.\n\nEa accusantium molestiae odio porro reprehenderit libero eveniet. Facere molestias aut non quam voluptas. Temporibus ipsa voluptatem odit alias ut. Sapiente assumenda autem laboriosam enim alias aut et.\n\nEum omnis non id voluptates accusamus. Sed eligendi enim numquam reprehenderit. Eius atque nobis neque voluptatem.\n\nAut reprehenderit veniam adipisci architecto libero. Ipsum harum excepturi sapiente quo nemo deleniti earum voluptatem. Qui voluptas commodi velit fuga nostrum in. Similique eius in qui est repellat excepturi.\n\nAmet quis magni adipisci officiis laboriosam aliquid. Et a numquam vero aliquam minima et. Quia molestiae sed fugiat nihil cumque occaecati sit rerum. Laudantium unde nihil non qui iste esse ipsam.\n\nTempora labore quam et cupiditate dignissimos sint. Incidunt incidunt amet laborum. Veritatis est aliquam quia voluptas. Dolorum omnis inventore labore ut. Tenetur vero accusantium veniam modi ut asperiores.', '2026-05-04', '2026-05-11 12:03:43', 'Quo laborum iste debitis placeat. Provident velit et inventore. Et quos eligendi et molestiae.\n\nAdipisci expedita est natus alias minus rerum illo. Veritatis ipsum nisi tempora quis reprehenderit. Non est est deserunt et modi.\n\nArchitecto voluptate hic nam est molestiae itaque qui nobis. Ut minus enim voluptas odio ut. Quia qui itaque minus officia officia adipisci pariatur. Ipsa ipsam est illum et labore aut sit.\n\nEx omnis nihil culpa rerum quas non. Voluptas asperiores et in excepturi. Labore non ut doloribus necessitatibus. Veritatis ea quae nesciunt iusto provident eos ut.\n\nEa maiores magni velit dolor. Sapiente ex hic omnis qui quibusdam aliquid. Et facilis id consequatur odit. Iste in cumque rerum rem reiciendis aut ad.\n\nNobis enim sed tempora corporis aut ex iure in. Incidunt accusantium repudiandae perferendis nobis. Dolor inventore voluptates amet eum expedita accusantium. Eveniet ut minus quia unde mollitia sed quos.', 3, 4, 1, 0, 1, 1, 2),
(9, 'Jeu vidéo 8', 'video_game_8.png', 2098872, 'jeu-video-8', 'Consequatur velit qui reiciendis ipsa quisquam vero minima. Soluta omnis fuga cupiditate saepe. Velit quisquam cupiditate et nesciunt hic ipsum sed ipsum. Ut fugit laudantium ea dolore sed iure inventore.\n\nA omnis consequatur non. Architecto voluptas voluptatum voluptas iure alias magnam ducimus.\n\nCulpa est id adipisci id itaque. Accusamus corrupti in dolorem dolores. Distinctio qui iure distinctio omnis.\n\nQuia voluptatibus quam et doloremque dolores. Neque architecto amet rem qui. Enim aut doloribus voluptatem blanditiis blanditiis at aut.\n\nConsectetur et libero occaecati. Iusto aut commodi in totam. Atque ut consectetur ea minima voluptas.\n\nCorrupti nemo aut autem qui sit voluptate quo. Et nam sit sint. Voluptatem optio consequuntur sunt corrupti nemo. Temporibus impedit exercitationem qui molestiae cupiditate similique et.\n\nEt nulla et iste qui vitae aut. Quos ut vitae cum fugiat et ex cumque quia. In sequi velit earum tempora.\n\nSint eius voluptas enim totam dicta porro. Suscipit adipisci temporibus reprehenderit earum. Officiis nihil deleniti labore ex nulla. Voluptas quia aperiam quia asperiores molestias amet molestias.\n\nImpedit voluptatem tempora molestiae consectetur asperiores omnis vitae asperiores. Aut qui omnis est eveniet officiis a rem.\n\nOmnis voluptatem corporis molestiae iusto eaque corrupti. Nobis eum eius quaerat quod eligendi temporibus amet. Quia sunt aut id rerum.', '2026-05-03', '2026-05-11 12:03:43', 'Asperiores quam aliquam vel quaerat ratione est. Quaerat assumenda doloribus corrupti quaerat. Quod et modi eos sapiente provident cumque velit. Consectetur quam commodi nulla ratione eum veniam dolorem.\n\nAut voluptatem necessitatibus adipisci. Autem eaque consequatur in dolores. Delectus sed totam dolorum. Rem nihil id ducimus nam in voluptas provident iusto.\n\nAut eum optio natus iusto fuga qui et quia. Odio praesentium rem ea magni quod quaerat. Consequatur non voluptas odit dolores natus.\n\nFacere sint sunt sunt. Aut distinctio velit ut repellendus. Consequuntur neque veniam distinctio omnis voluptates.\n\nSit debitis voluptatum quibusdam dolores sequi consequatur alias. Consequatur sed perspiciatis quas nihil iste. Consequuntur eius eos excepturi.\n\nEt est doloribus harum omnis quo ad. Sed dignissimos laborum aut atque tenetur. Ut officiis inventore dolorum dolore aut et aliquam. Et vel qui architecto cupiditate.', 4, 3, 1, 2, 0, 1, 1),
(10, 'Jeu vidéo 9', 'video_game_9.png', 2098872, 'jeu-video-9', 'Aut ipsum autem accusantium cupiditate dolor architecto reprehenderit. Vel autem quia nihil ut voluptatem tempora nihil. Non tempore delectus ducimus omnis sunt voluptatem.\n\nTotam dolore laboriosam aut atque aut. Sit ut dolore delectus ab fugiat eos. Earum sed deleniti aut eos dolorem eveniet pariatur.\n\nNemo ipsa consequatur nam repellendus voluptatem. Doloremque molestiae voluptates commodi consequatur est repudiandae. Odit quisquam harum aliquid nobis aut repellendus veritatis.\n\nQuae ratione qui dolorem ut et. Et quia voluptatibus debitis voluptatum. Quasi officia et nam repudiandae aut. Et laboriosam dolore et culpa.\n\nPorro fugiat cumque culpa. Illo nihil architecto natus aut rerum. Eius dolorem fugiat voluptatem ut ipsam optio nulla.\n\nExplicabo amet qui quia totam et delectus. Omnis dolores tempora qui nobis.\n\nConsequatur sed placeat quae autem repudiandae. Fugit dolorem qui cumque distinctio. Accusamus cumque minima nesciunt rerum. Eos velit est nihil at expedita ut neque.\n\nNon nobis non ipsum. Dolorem quis sunt consectetur et. Dolore sapiente natus qui qui sed ipsum voluptas. Laborum ut quis mollitia.\n\nOmnis deserunt et possimus nobis voluptatem delectus. Quisquam sit omnis blanditiis odio maxime ducimus. Sint qui ut et blanditiis nulla vero.\n\nNumquam vel quia odit voluptas rerum rerum repudiandae. Ullam quis in consequuntur sequi et rem. Sit est nulla vero rem ipsum dolores doloribus. Dolor rerum nemo dolores ut et vel hic.', '2026-05-02', '2026-05-11 12:03:43', 'Delectus et est officiis omnis eveniet. Adipisci ipsa veritatis id corrupti ab qui assumenda. Pariatur nesciunt commodi et consectetur rerum cumque. Voluptas ex ipsa mollitia consequatur impedit.\n\nEx est suscipit rerum deserunt magnam quidem. Ratione vel quas incidunt culpa. Vel temporibus ex non ex magnam ad.\n\nConsequatur cumque voluptatibus aliquid sed non et amet amet. Et sed et ipsum minus in. Explicabo dicta atque amet.\n\nSuscipit ipsum nihil aut odit doloribus ut. Sed qui perspiciatis architecto. Voluptatem recusandae reprehenderit quisquam voluptate nam. Itaque aliquam eum qui saepe eos aut.\n\nVoluptatem numquam accusantium id earum dolorem ducimus. Et corporis aut molestias numquam provident ratione quo. Voluptatem est provident consectetur est ex facilis eligendi et.\n\nIncidunt dolorum natus quo quo aliquam quia voluptate. Voluptatibus dignissimos officiis autem blanditiis debitis. Excepturi a laudantium dolor nam libero deleniti enim. Nihil maiores perspiciatis sed necessitatibus qui voluptatibus aut.', 5, 3, 2, 0, 1, 1, 1),
(11, 'Jeu vidéo 10', 'video_game_10.png', 2098872, 'jeu-video-10', 'Sunt aut repellat aut eos. Ex repellat ut expedita sed ab. Unde harum aut asperiores quia omnis consequatur minus. Natus soluta excepturi sed voluptatem veritatis sunt consequatur sit.\n\nQui beatae ut distinctio. Id laudantium et aspernatur ad et aut iste. Qui rem eum laudantium sunt sunt. Sapiente et inventore culpa delectus quis ea quo.\n\nMolestiae neque commodi molestias. Perspiciatis nisi repellat maxime a quaerat rerum. Cum ab et sit temporibus harum. Odio officiis nemo qui quia magni rem aut beatae.\n\nConsectetur eos ex rerum consequatur et ipsa necessitatibus. Facere suscipit quisquam voluptate itaque. Laboriosam enim ratione laborum harum temporibus cumque quo. Eos illo animi suscipit ipsum quasi quia distinctio.\n\nImpedit veniam molestias sequi dolor itaque est autem. Enim assumenda sit assumenda voluptas. Quidem animi ratione ullam quia ut.\n\nPerspiciatis autem cupiditate sint doloremque fuga sed. Provident qui vel sunt assumenda velit.\n\nAut suscipit optio saepe. Ut tempore et repellat temporibus. Consequatur eos asperiores sed laborum.\n\nSequi molestiae blanditiis qui velit eveniet aut perspiciatis. Tempore nobis et repellat et consequatur. Eveniet et necessitatibus id laboriosam.\n\nQuidem sit omnis qui illum explicabo tenetur. Sint qui sit architecto. Possimus magnam iure perferendis nulla saepe quibusdam.\n\nAut exercitationem illum quisquam consequuntur dolores eligendi. Laboriosam ut ut ratione architecto quidem eaque. Quas deleniti iste occaecati quidem dolore sunt. Nobis asperiores eum dignissimos sit sed est.', '2026-05-01', '2026-05-11 12:03:43', 'Fugiat quia at rem voluptatibus hic doloremque ipsum. Dolorem architecto eius quas sit commodi eos consequatur. Aut quasi assumenda vero omnis. Ex in dolorem possimus quasi laborum animi quis ut.\n\nConsequatur consectetur aut debitis cum minus totam et accusantium. Quos distinctio veritatis ea fuga sunt. Velit et voluptatem maiores repellat quo.\n\nEa voluptas commodi nihil ipsa ipsum aut ut. Itaque aut iure aut vel fugit dolore. Et deleniti explicabo non eos itaque.\n\nIste iure autem eos culpa eius rerum. Corrupti deserunt et dignissimos nemo consequatur. Aut consequatur odio error nostrum dolorem alias. Illo commodi in architecto rem voluptatum nostrum qui. Eos rem ratione temporibus debitis beatae temporibus.\n\nCorporis qui neque quae quo. Eos qui occaecati id voluptatem. Fuga maxime ducimus est dolor. Earum cum fugiat non animi quia numquam.\n\nAut dolor quis voluptatum consequuntur. Culpa suscipit cumque atque harum doloremque omnis. Est suscipit corrupti sapiente iusto voluptas voluptatem. Molestias cumque soluta molestias aut repudiandae est aliquam fuga. Nostrum ratione officiis consequatur non cupiditate vero.', 1, 4, 1, 0, 1, 1, 2),
(12, 'Jeu vidéo 11', 'video_game_11.png', 2098872, 'jeu-video-11', 'Est quia voluptas sint amet. Qui ab ut quia. Voluptatem officia iste possimus vel asperiores nihil. Quia fuga dolor vitae aliquid non veritatis.\n\nAmet adipisci eum beatae. Alias eius ipsum impedit corrupti dignissimos. Dolor natus velit vel illo neque aliquid est. Incidunt sed inventore laboriosam aut.\n\nAut fuga quis dolorem a fuga. Corporis illo temporibus incidunt dignissimos harum iste ut. Labore facere voluptatum dolores est magni. Maxime ex magni ea totam in minus expedita.\n\nNeque nihil distinctio et soluta labore asperiores. Amet dicta omnis aut sunt aut commodi blanditiis mollitia.\n\nFugiat nisi qui ullam similique non consequatur asperiores. Quia qui veniam nesciunt ut. Vero perspiciatis sed sint et quo fuga.\n\nTotam non consequatur culpa mollitia sit autem optio. Velit beatae quia dolore.\n\nRepellat soluta quam nihil illum molestias ea. Sit est error corporis placeat et accusamus. Unde doloribus libero veniam. Esse ut culpa earum dolore aut repudiandae praesentium voluptas. Vitae saepe sit qui quia ipsum aut.\n\nMolestiae dolores sapiente voluptate optio ex consequatur et quos. Repudiandae accusamus et expedita eos expedita occaecati. Provident expedita natus harum facere est nostrum.\n\nConsequatur nihil quas mollitia possimus et error. Et ea voluptas nihil officiis non fugit ea. Soluta et nihil autem necessitatibus molestiae laudantium.\n\nAutem iure illo ullam. Veritatis nesciunt et dolor eaque quae. Laudantium nemo at non doloremque.', '2026-04-30', '2026-05-11 12:03:43', 'Et laudantium porro rerum voluptatem ullam. Accusamus laudantium voluptas ipsam sed laudantium quia quibusdam. Aut dicta qui inventore. Atque commodi ipsam accusantium similique expedita maiores esse.\n\nAlias voluptatum nihil delectus eum expedita hic consequuntur deleniti. Tempore omnis facere modi odit est voluptatem dolorum ipsam. Temporibus voluptatem laudantium maiores laboriosam. Iste aliquam qui nihil ut reiciendis.\n\nEnim incidunt libero porro dolorem sit. Ut nihil voluptatem aut deleniti placeat dolor mollitia. Vel consequatur eum aspernatur aut id corrupti dolore.\n\nNatus expedita modi dicta blanditiis. Magni voluptas aut modi quasi ratione officia. Fugit quidem quia iste consequatur eum deleniti.\n\nCumque molestiae ipsam voluptates. Et dolores qui inventore beatae. Enim eum rem laboriosam fuga consequuntur nihil. Aut velit harum ipsam id.\n\nNon aperiam cumque veniam. Amet delectus aliquid quos non aperiam suscipit sit. Numquam alias nihil earum rerum iste. Doloremque doloribus qui qui voluptas sed repellat commodi. Vero voluptatem aut dolorem.', 2, 4, 1, 0, 1, 0, 3),
(13, 'Jeu vidéo 12', 'video_game_12.png', 2098872, 'jeu-video-12', 'Et et vel reprehenderit quidem et dolores. Veniam voluptatem aut tenetur quia. Omnis quaerat impedit aut dolores et architecto.\n\nHic eveniet quo id veritatis est est. Ipsa neque voluptatem doloremque delectus. Et molestias ipsum dolore qui.\n\nEt dolores suscipit inventore vero est quas et sed. Ea omnis omnis et commodi nemo quia et et.\n\nNihil eos molestias animi hic. Consequuntur facere doloribus veritatis. Iure iusto quia dolorem iusto fuga vitae. Illo ratione eum reprehenderit at.\n\nAutem ut esse ut. Voluptatem tenetur explicabo fugiat hic autem. Dolores inventore inventore rerum voluptatem voluptatem.\n\nEst sed unde dolorem dignissimos ratione quisquam aliquam assumenda. Ab possimus aut enim sed nulla. Ad odio unde veniam excepturi sit provident.\n\nDolores consequatur ducimus dolor et. Autem consequatur impedit et molestiae. Ut nostrum necessitatibus esse sapiente nihil et. Necessitatibus autem consequatur delectus assumenda illo ipsam sunt.\n\nEos sapiente nostrum ullam nostrum minima nisi hic. Officiis et nesciunt quis necessitatibus. Distinctio veritatis numquam est eos voluptatem veritatis quod pariatur. Eius saepe quae adipisci dolores.\n\nSit quos nam eaque reprehenderit et. Rerum quod molestias nisi iste. Architecto et voluptatem veniam ut est aliquam quaerat.\n\nNumquam iste rem voluptas cupiditate. Facilis voluptas enim sunt amet magnam deleniti inventore aut. Laborum nobis ratione facere odio optio distinctio.', '2026-04-29', '2026-05-11 12:03:43', 'Molestias est voluptatem rerum voluptatem. Blanditiis molestiae molestias ut est quibusdam ut. Et rerum reiciendis est optio occaecati voluptas reiciendis.\n\nEt fuga quis aut dolores minima. Iste alias sed soluta qui. Omnis omnis id aut illo.\n\nSed consequuntur quo quibusdam inventore beatae. Exercitationem est ratione quibusdam unde. Assumenda et eos ratione aut dolor cum. Et libero itaque illo error.\n\nAnimi et tenetur minus voluptates. Natus ad quos et adipisci rem. Qui et consequatur sed eos necessitatibus alias non eligendi. Eum et quasi harum voluptatem cumque corrupti.\n\nVoluptas quas nesciunt rerum sint nemo non. Quaerat nihil quos eos vitae eaque. Et similique ab sunt. Et voluptas qui impedit cupiditate.\n\nMollitia esse voluptatibus nihil non deleniti eos. Sit amet dolorum aut asperiores quia quaerat. Animi incidunt repellendus sed.', 3, 4, 1, 0, 1, 2, 1),
(14, 'Jeu vidéo 13', 'video_game_13.png', 2098872, 'jeu-video-13', 'Ducimus accusantium et sed eum magni magni eaque. Qui illo nisi numquam. Dolor autem dolores id fuga.\n\nUt dolorem et impedit molestiae deserunt placeat vel itaque. Quia quos ut ipsum qui repudiandae optio. Id aut itaque suscipit quasi. Quo amet in est cumque aspernatur ut eaque tempora.\n\nEum aut laboriosam quidem dignissimos laborum quam. Molestias voluptas magni impedit aperiam asperiores nam suscipit. Fugit id rerum expedita neque.\n\nEst dolor dolorem omnis cupiditate perferendis. Doloribus perspiciatis adipisci aliquid nemo debitis dolor. Corporis voluptatem voluptatem ducimus vero necessitatibus sapiente explicabo.\n\nUnde voluptatem est aut corporis. Et maxime quos dignissimos dicta est. Qui cum labore omnis possimus culpa. Et quod nihil magnam eveniet sed repellat quaerat.\n\nLabore consectetur aut in facere voluptatem minus. Vitae nihil non qui consequatur. Magnam omnis qui voluptatem consectetur recusandae aut minus. Distinctio est facilis sed.\n\nQuo cum sunt et aut quas magnam. Molestias odit non eos ipsa et. Et iste voluptatem at cumque soluta debitis.\n\nIpsa natus non molestiae nemo alias vero. Et facilis et et soluta. Temporibus explicabo illo perspiciatis dolore odio at.\n\nConsectetur et distinctio nisi ab assumenda omnis. Est quia necessitatibus illo eligendi inventore sequi. Ipsum distinctio aut aperiam totam. Laborum inventore sed suscipit quia et doloremque.\n\nModi qui rerum rerum enim similique est. Accusamus tempora sint fugit consequuntur et veritatis cupiditate facilis. Qui dolorum ab harum at numquam aut excepturi.', '2026-04-28', '2026-05-11 12:03:43', 'Ut quam corrupti eos accusamus reiciendis. Atque velit mollitia eos ut non perspiciatis quasi vero. Dolor veritatis in dignissimos praesentium qui maiores nobis. Iste accusantium odit quo corrupti accusantium.\n\nFuga maxime quia magni ut ullam et ex doloremque. Ab voluptatem ut reiciendis voluptas. Et distinctio sapiente ut sed. Quaerat in inventore quidem repellendus ullam quasi. Ad sed totam eum odit.\n\nQui aut id molestiae consectetur tempore. Maxime autem ducimus enim quo repudiandae tenetur accusantium. In possimus assumenda voluptas totam autem qui.\n\nAt inventore aspernatur accusantium. Maxime quos enim ullam consequuntur optio. Quaerat eligendi perferendis quod incidunt repellat. Occaecati nemo quod dignissimos ipsum laudantium tempore. Quos reiciendis libero libero ut autem quo dolores.\n\nUt quae iure veritatis excepturi aliquam. In error nihil eaque ab molestias voluptas possimus.\n\nNon autem suscipit non quis qui explicabo quasi. Similique non fugiat autem quas ut non id.', 4, 4, 1, 0, 1, 1, 2),
(15, 'Jeu vidéo 14', 'video_game_14.png', 2098872, 'jeu-video-14', 'Porro id dolor optio esse repellat. Aut doloremque error cupiditate consequatur quia. Aliquam saepe animi cupiditate numquam possimus qui repudiandae sit.\n\nIpsum et distinctio fuga eum fugiat. Ducimus iure ab odio sint. Expedita est facere iusto consequatur aut et.\n\nDolores dolores est animi consequuntur nesciunt. Nisi magnam distinctio vel officia esse. Enim ut assumenda provident corporis voluptas repellendus necessitatibus debitis. Itaque enim molestiae nam incidunt deserunt. Voluptas possimus explicabo voluptas.\n\nEt nulla et est temporibus. Consequatur ea ut rerum corporis. Molestiae sit voluptas quidem in ad itaque qui.\n\nEst quae et consequatur in accusantium. Fugiat est nisi id laborum aut et quae. Quidem magni et nisi dignissimos et ipsam. Modi placeat porro illo incidunt. Rerum recusandae et perspiciatis corrupti iste enim.\n\nEst ipsam dicta reiciendis. Reprehenderit est omnis explicabo excepturi.\n\nVero non quam cupiditate consequatur omnis. Voluptatem voluptas at iste omnis nobis. Est placeat eum illum occaecati repudiandae quia quo. Maiores sapiente illum fugit aspernatur atque consequatur qui sit.\n\nNon ut aut aliquam ea quo qui non. Nisi laudantium molestiae quia repellat. Facere atque ipsa totam delectus mollitia. Molestias saepe neque totam dolorem eos et neque.\n\nPorro commodi qui autem accusamus labore rem. Minus omnis id laborum non cupiditate. Eum ipsam omnis velit et cupiditate ad.\n\nIpsam deserunt quasi odit voluptas. Aut vel assumenda dignissimos enim.', '2026-04-27', '2026-05-11 12:03:43', 'Blanditiis animi quos tempora dolor quis. Voluptatibus magni qui modi veritatis quibusdam. Nulla cum ab quisquam natus officia. Nobis veniam minima dignissimos iusto.\n\nFuga eaque odit enim. Autem labore ut voluptas distinctio. Dolorem nulla aperiam aut molestiae. Doloribus possimus eos est animi aliquid in vitae.\n\nAliquid unde iste exercitationem omnis voluptates consectetur eum. In dolorem temporibus quae voluptas excepturi. Rerum omnis ut quis officia vel quia cupiditate.\n\nCommodi molestiae et harum. Sapiente ipsam alias eveniet deserunt. Pariatur ullam soluta inventore quo nulla beatae dolorem. Libero vitae repellat perspiciatis quis fuga deleniti.\n\nEx sed ullam explicabo aliquam tempore non nihil. Laudantium exercitationem impedit recusandae soluta. Hic corporis aspernatur aut.\n\nIllo odio non ipsa placeat magni omnis aut odio. Autem magni laudantium voluptatem eius accusantium.', 5, 3, 0, 2, 2, 0, 1),
(16, 'Jeu vidéo 15', 'video_game_15.png', 2098872, 'jeu-video-15', 'Repellendus voluptatem sed dolores ab commodi. Earum perferendis enim maxime ipsam. Molestiae commodi magni nostrum. Quidem illo enim non.\n\nUt quos doloribus nesciunt expedita. Expedita assumenda nihil vel enim. Illo et itaque fugiat atque sit et. Architecto eum rem et adipisci esse.\n\nQuia et praesentium autem delectus labore. Sed veniam quis dolorem similique. Nobis fugit rerum molestiae est qui ipsam.\n\nAb illum fugiat cum voluptas est magnam illo. Dolor sed asperiores eligendi sit reiciendis quisquam qui. Cum beatae tenetur qui. Mollitia qui consectetur et aliquam amet ea.\n\nVoluptatem quas dolor ab iste. Illo sequi blanditiis quidem at. Autem nulla omnis ducimus dolorum corrupti.\n\nDoloribus mollitia quos voluptatem libero a minus consectetur unde. Qui voluptate et pariatur consequatur voluptate. Ullam non dolor ratione sunt.\n\nVoluptatum quidem esse illum officiis repellat temporibus ipsum. Et vel labore nemo aperiam magni. Blanditiis dolores et qui nemo optio ex et.\n\nPorro ullam autem magnam natus. Sit dolor molestias ad nemo. Qui autem aliquam fugiat ducimus non temporibus. Laudantium voluptates facilis odio nam.\n\nAssumenda sit corrupti est aut. Impedit eos autem illum vel praesentium ut. At magnam cupiditate sit.\n\nLaudantium qui facere quia autem labore illo. Quibusdam dolorum assumenda dolor est. Error aliquam fuga dolores earum voluptatem nisi maxime. Labore animi minus aut magnam.', '2026-04-26', '2026-05-11 12:03:43', 'Sit perspiciatis voluptatem impedit neque. Provident at veritatis dolorem qui tempora nobis. Mollitia voluptas dolorem neque voluptas.\n\nEa eius atque necessitatibus dolores veniam. Ipsa distinctio itaque itaque natus at.\n\nProvident omnis unde autem est aut earum distinctio. Et error quo qui molestiae dolores perferendis consequatur. At temporibus adipisci non molestias. Repellendus quis sint itaque recusandae eos non. Perferendis harum quisquam accusamus officiis quos nesciunt ut.\n\nDeserunt occaecati aut magnam quasi odit quo atque. Vitae quod ea sunt magnam. Nobis aut ipsa omnis totam ipsum corporis.\n\nEt quod maiores deserunt reiciendis architecto dolorem molestiae. Est eius accusantium voluptatem soluta. Corporis expedita quasi ullam. Autem occaecati veniam neque.\n\nFugiat nam sapiente dolores. Eveniet exercitationem rerum voluptatem doloremque. Quaerat dolorem fugit qui dolor distinctio dolores.', 1, 4, 1, 1, 0, 1, 2),
(17, 'Jeu vidéo 16', 'video_game_16.png', 2098872, 'jeu-video-16', 'Aliquam voluptatem dicta saepe autem et voluptatem exercitationem eos. Laborum nemo molestias adipisci fuga odio dolores accusantium. In voluptatibus id dolores accusantium vitae est. Odit dignissimos repellendus rerum vero mollitia aut sit ut.\n\nEt voluptas nobis ab pariatur. Eligendi sit molestiae atque explicabo error. Rerum iusto quam et omnis mollitia excepturi voluptas. Omnis praesentium eaque velit fuga. Illo inventore voluptatibus unde.\n\nAut sed ab harum inventore sed pariatur voluptatem. Saepe itaque a quia molestias. Inventore odio commodi quo sed et est in.\n\nSit earum vel deserunt cumque velit. Dolore molestias velit alias nulla aut earum. Veritatis et id odio maxime.\n\nOfficiis optio veritatis maxime doloribus consectetur explicabo. Sed fugiat dolores et suscipit. Et sed enim qui corporis reiciendis. Totam eveniet error vel similique provident qui.\n\nDolor non pariatur ea voluptatem. In quasi nihil sed sint ullam ipsum totam minima. Et fugiat alias sunt. Culpa quidem a aut nihil ducimus. Assumenda totam accusantium distinctio beatae praesentium voluptatem autem.\n\nVoluptatem aut optio magnam corporis ut nihil corporis. Ut rerum voluptatem perspiciatis non magnam qui iure quia. Ut at qui distinctio officia delectus corrupti. Laudantium unde vel commodi numquam tenetur. Illo quia deleniti est aut ut perferendis laudantium.\n\nCupiditate dolor voluptate at placeat provident id. Nemo dolore ut aut occaecati ut necessitatibus. Rerum fugiat quia et aut aut enim est.\n\nFugit consequatur harum ut a sequi deserunt dolores. Voluptatum vero architecto necessitatibus consequatur aut. Sed velit voluptate omnis inventore expedita facere recusandae.\n\nOdit provident illo maiores et aut perferendis. Molestias culpa consequuntur voluptatem quia. Sunt autem omnis aut natus dolorem ducimus. Voluptatum voluptas ex est laborum tempora ad.', '2026-04-25', '2026-05-11 12:03:43', 'Sequi praesentium repellendus quam quis praesentium quae. Iste quaerat quia odit veritatis dicta officia. Omnis quis non asperiores repellat vitae et.\n\nVoluptates earum sunt est recusandae minus error laudantium molestiae. Numquam aut saepe illo est velit eos. In ratione et sint et hic. Officia quia praesentium expedita non illum.\n\nDolorem qui accusamus sed labore cumque. Aut qui cumque autem saepe corrupti et. Earum eum doloribus pariatur dolor placeat aut reiciendis. Aut aperiam laborum ad nobis ut.\n\nOfficia harum eos impedit consequatur reprehenderit voluptatibus at. Temporibus fuga eligendi laboriosam sed qui aut. Aut voluptas saepe in.\n\nPossimus unde sint ratione ullam dolores in. Nesciunt quia vitae eaque est omnis cupiditate eos. Laborum ut quia placeat sunt dolorum.\n\nEt minus maxime fugit atque animi sed ex. Possimus voluptatem corporis voluptas sunt fugit pariatur blanditiis eum. Id corporis dolore voluptatem omnis nobis maxime.', 2, 3, 1, 2, 1, 1, 0),
(18, 'Jeu vidéo 17', 'video_game_17.png', 2098872, 'jeu-video-17', 'Veniam deleniti neque aspernatur alias. Rerum quisquam dolorem quos ratione. Consequatur modi et est dicta. Aut ipsum rerum ullam et quis id tempore.\n\nNam nam aut in vitae quae nisi et omnis. Eum cum et maiores blanditiis minus. Omnis ab culpa atque libero. Eveniet sapiente ut quo eos.\n\nAssumenda incidunt neque rerum. Voluptas ut maxime nostrum. Qui veniam repellat suscipit accusamus.\n\nSoluta aut pariatur architecto magni voluptates ipsa. Odit officia ea quibusdam vel ut eos officiis modi. Excepturi officiis nostrum corrupti.\n\nAut debitis eum dignissimos non modi impedit. Expedita laudantium magni dignissimos et atque. Ea consequatur sequi quis omnis voluptates neque sed.\n\nUt sint tempora et eaque iusto nostrum et. Nihil neque autem consequatur et eos id eos. Omnis modi reiciendis ea ad quo iste dicta vel. Rerum quod deleniti quidem esse perspiciatis id.\n\nConsequatur rerum rem beatae hic laboriosam laboriosam. Officia explicabo quia fugit. Voluptatibus velit nihil suscipit ut quis repellendus quos reiciendis.\n\nEaque sit eos sed eaque ad. Dicta qui vero dignissimos quia et eveniet sit. Quia doloribus dolore sed ducimus. Non animi quia fuga vel repellat praesentium ullam dolor. Maxime corrupti labore dolorem quis vel vel aperiam.\n\nPossimus deleniti distinctio sint dolores. Est eos accusamus numquam sit. Ab eaque quis ea repellendus sequi omnis. Veritatis impedit autem iusto cupiditate distinctio quia et.\n\nDolorem eum nulla et consequatur. Recusandae est non qui in aut voluptatum. At in inventore nihil dolorem. Velit ipsam qui eveniet.', '2026-04-24', '2026-05-11 12:03:43', 'Quibusdam consequatur tempore aut voluptas fugit consequatur. Alias a enim quae rerum cum quia minus. Sint dolores accusamus aliquam doloribus et dolor veritatis. Maiores consequatur nostrum asperiores dolore facilis blanditiis qui.\n\nOccaecati aut iusto dolores recusandae doloribus et dignissimos. Recusandae velit odit quibusdam molestias modi. Harum sed ipsam maiores molestiae ab hic est nemo.\n\nIn debitis facere consequatur qui sunt. Quo perspiciatis velit omnis corrupti ab reprehenderit iure. Et doloribus accusantium inventore labore repellat suscipit autem.\n\nQuo quasi qui est occaecati. Unde eum ducimus ducimus tempore non similique.\n\nAut qui molestias aut facilis quis est. Aperiam non ut possimus quasi aliquam distinctio. Adipisci voluptas quisquam ut voluptatem. Recusandae necessitatibus quasi libero commodi. Veniam quo nostrum culpa.\n\nAsperiores earum quo est reprehenderit consequatur et impedit. Qui quia distinctio consectetur fugit eaque nihil. Rem deserunt et est sequi perferendis consequatur et.', 3, 1, 5, 0, 0, 0, 0);
INSERT INTO `video_game` (`id`, `title`, `image_name`, `image_size`, `slug`, `description`, `release_date`, `updated_at`, `test`, `rating`, `average_rating`, `number_of_ratings_per_value_number_of_one`, `number_of_ratings_per_value_number_of_two`, `number_of_ratings_per_value_number_of_three`, `number_of_ratings_per_value_number_of_four`, `number_of_ratings_per_value_number_of_five`) VALUES
(19, 'Jeu vidéo 18', 'video_game_18.png', 2098872, 'jeu-video-18', 'Voluptatibus non rerum enim esse odio dolorem. Recusandae eos delectus rem. Est rerum quidem facere voluptatum commodi voluptatibus rerum.\n\nEt et tempora voluptates et dolores. Rem ut eum eligendi rerum et. Quia reprehenderit non voluptas quis nemo nostrum. Voluptatibus beatae debitis dicta animi non quas velit.\n\nCupiditate id minima sequi et sit sit et distinctio. Velit id exercitationem debitis cum itaque enim. Esse aliquam veniam aperiam fugit sit similique.\n\nTotam quasi dolorem eos saepe et vel nesciunt aperiam. Repellendus et atque ipsa aut rerum. Et aut maiores aut ut natus.\n\nSint libero et dolores. Vitae qui dolore repellendus et nemo est. Non adipisci esse cum maiores. Neque nisi et dolorem delectus itaque error.\n\nTemporibus enim delectus fugit voluptas sunt aut qui. Provident exercitationem ratione rerum dolores. Doloribus culpa excepturi voluptates occaecati ut sed.\n\nEst aut ex ut illo laborum. Accusamus quam necessitatibus quis atque sint. Reiciendis quam sint dicta sit natus nam ducimus assumenda.\n\nVitae beatae placeat est veniam reiciendis. Commodi tempore est est ut molestias. Possimus inventore voluptatem fugit modi exercitationem eos id.\n\nVeritatis omnis modi delectus est explicabo cupiditate. Provident enim earum quisquam. Vel adipisci sed ut omnis.\n\nEos saepe reprehenderit illo non dolores et quidem. Et fugit voluptatem accusantium sapiente sit. Optio dolorem rem adipisci et eum. Inventore tenetur dolor et ea et maxime quae.', '2026-04-23', '2026-05-11 12:03:43', 'Explicabo temporibus sequi veritatis et odio quis quia. Temporibus molestias veniam exercitationem consequatur deleniti aut. Et modi sit omnis et nihil voluptatibus sed. Voluptas laudantium et expedita.\n\nNemo non aut vitae voluptas vero rerum. Necessitatibus deserunt consectetur veritatis deleniti id dolores. Et repudiandae quia velit incidunt quisquam architecto dolore.\n\nIn qui est nam ut qui sint. Saepe occaecati est maiores deserunt ipsam optio. Omnis minima pariatur reprehenderit provident.\n\nAutem neque est iusto corrupti. Incidunt ipsam dignissimos sint neque dolorem magni. Non voluptates at quaerat deleniti accusamus tempora reprehenderit rem.\n\nNostrum saepe aut libero dicta. Placeat voluptatem quae magni quidem qui eos. Atque rem temporibus ducimus nisi qui. Et ipsa necessitatibus voluptas repellat.\n\nAliquam quia et ea doloribus facere voluptas. Pariatur veritatis aut consectetur ut at harum quo. Ea aut sint magnam adipisci ut quisquam sed.', 4, 3, 1, 1, 1, 1, 1),
(20, 'Jeu vidéo 19', 'video_game_19.png', 2098872, 'jeu-video-19', 'Similique qui quae quisquam aut omnis non nam. Numquam voluptate nesciunt sit vitae voluptatem ut. Omnis molestias repudiandae nesciunt dolores et. Nostrum sequi dignissimos doloribus deleniti rerum suscipit.\n\nExplicabo sed illo dignissimos qui nihil. Eum rerum architecto vel unde quo aperiam aut. Qui vero est similique optio iure voluptas. Culpa ab eligendi vel quia aut.\n\nEt et quasi ut sint dolor aspernatur aspernatur. Aut nihil consequatur molestiae rerum. Est minima odit earum facere illo.\n\nEos itaque dolorem aut consequuntur minus qui velit. Quia repudiandae soluta qui ab. Debitis rerum consequuntur suscipit.\n\nA sapiente nemo repellendus molestiae eaque distinctio. Omnis nam eos eveniet quia a repellendus ut. Et necessitatibus autem non dicta modi corporis.\n\nEt odit voluptas est et reprehenderit enim. Quas voluptas assumenda est fugit qui voluptatem. Incidunt quo qui iure. Unde voluptas sunt autem nisi quia nam similique.\n\nDolores omnis autem similique et debitis ipsum. Optio sint libero porro dignissimos voluptatum iusto. Impedit dolor voluptatum nihil. Laboriosam optio sint odit quo temporibus facere deserunt optio.\n\nId nam est eveniet reiciendis. Rerum necessitatibus illum aut et temporibus voluptas. Et ex minima cupiditate sed magnam error nulla molestiae.\n\nConsequatur ratione voluptatum alias id quis voluptatum. Voluptates quis quo ut rerum ad. Quia doloribus quia ullam fugit. Dolorem hic debitis qui ut. Fuga possimus autem ea deleniti nihil quam odio.\n\nLibero sit ad aut harum quae. Incidunt nesciunt deleniti possimus. Quasi occaecati possimus eum omnis quia. Illo mollitia consequuntur doloremque sit.', '2026-04-22', '2026-05-11 12:03:43', 'Qui nam nisi qui sequi minus non aperiam. Quia dolor quae recusandae totam. Eum aliquam quia est aliquid qui eum. Est non et itaque non doloribus velit autem eligendi.\n\nAliquam iusto exercitationem et aliquam ut. Quae itaque laborum et eos. Ex velit laborum maiores eveniet consequuntur culpa voluptas.\n\nRerum ab et reiciendis et neque suscipit commodi. Nihil illo ipsam sed dicta cum debitis. Veritatis eum et nemo ad velit.\n\nConsequatur consectetur vel autem iusto provident. Non ut dolorum quia autem quidem dicta ab. Culpa necessitatibus velit hic optio. Esse provident ut non aspernatur.\n\nQuidem ut nisi est quia a eius modi. Et non sapiente ratione qui temporibus dolorum. Quas eos eos commodi id sed explicabo. Sunt dolor consequatur officia molestias.\n\nEt facere dolorum cum. Totam ipsa id quidem et. Vel voluptatum voluptas mollitia dolor ut.', 5, 4, 0, 1, 2, 2, 0),
(21, 'Jeu vidéo 20', 'video_game_20.png', 2098872, 'jeu-video-20', 'Dolor magnam et eius dolor odio pariatur. Provident molestias quisquam ducimus nobis. Enim fugit a eaque reiciendis et voluptatem rem voluptate.\n\nProvident nihil qui ut et architecto optio porro ducimus. Sint et sunt consequatur sed ipsum asperiores quis. Distinctio omnis ducimus maiores. Doloribus eligendi maiores consequatur molestiae a.\n\nVoluptates qui inventore aut ullam consequatur aut. Et minima reiciendis repudiandae suscipit. Est delectus sed dignissimos voluptatem. Praesentium quia accusamus et totam.\n\nNobis quibusdam odio eaque. Recusandae voluptas error aut ut. Consectetur laudantium aperiam odio ut maiores porro maxime fugit. Voluptate rem officiis voluptas id.\n\nReprehenderit vel consequatur reiciendis laboriosam. Ut facilis eos cum velit eaque modi. Iure reprehenderit voluptatum cumque consequatur vitae corrupti impedit. Velit est ipsam et in nulla aperiam commodi excepturi.\n\nNam deleniti aliquid dignissimos repudiandae dolores et nisi. Explicabo nobis vel voluptatem corrupti ut. Et dolore sunt ut sapiente id nemo.\n\nEsse dolorem non quia est qui esse ipsam. Voluptatem consequuntur enim consectetur consequuntur ex qui consectetur. Hic laudantium necessitatibus asperiores et et consectetur autem. Blanditiis qui architecto qui omnis earum eos.\n\nQui sed non cumque error expedita. Ut aperiam corrupti inventore. Ut illo quidem id error voluptate rem. Doloremque voluptatem quia id et. Qui alias rerum dolorem incidunt fugiat.\n\nNumquam ut sunt est quae occaecati itaque. Quaerat ad velit eius libero eum id adipisci. Facilis fugit explicabo earum.\n\nVoluptatem similique omnis enim est voluptas. Deserunt modi corporis et et autem voluptatem. Doloribus adipisci aliquid et odio accusamus.', '2026-04-21', '2026-05-11 12:03:43', 'Dolor aut dolorem dicta numquam magni eos libero vitae. Vero sunt ut placeat. Dolore quisquam earum enim neque in laudantium. Illo est quam ratione atque quis.\n\nDelectus et omnis voluptatem quis soluta et est. Ipsa ullam culpa culpa repellendus officiis corporis aperiam. Dolorum voluptatem consequatur delectus at dolores quis.\n\nCupiditate et qui facere eos aut. Aut suscipit voluptas reiciendis fugit voluptatem consequatur. Tenetur sed eligendi qui repudiandae. Et natus aut voluptas beatae distinctio.\n\nRerum qui laborum impedit corrupti incidunt quo. Aut voluptatum et molestiae aut officiis. Harum voluptatum distinctio dolorem aut reiciendis dignissimos cupiditate.\n\nRerum omnis tempore dolorem. Sint est qui accusantium consequuntur quis debitis aut.\n\nAspernatur ipsam nam quia sequi magni. Sed temporibus est cumque sapiente nihil. Facere inventore accusantium eos.', 1, 4, 0, 1, 0, 4, 0),
(22, 'Jeu vidéo 21', 'video_game_21.png', 2098872, 'jeu-video-21', 'Quos itaque odio commodi. Aliquid ut dolorem qui modi modi. Odit est consequatur id. Sapiente non fuga et id maxime. Aut voluptas neque vero.\n\nQuia iusto corporis eos molestiae aut. Ut hic et perspiciatis. Sed provident ad quisquam dolorum. Et quas facere doloremque est ea ut deleniti. Quia tenetur officiis quia numquam recusandae voluptatibus unde.\n\nIllo porro ducimus eligendi. Dolores similique rerum veritatis dolorem cumque. Et saepe eius et officia illum aut libero ratione. Nesciunt qui omnis quis quam.\n\nQuas iure dicta nesciunt. Voluptate provident est quia accusantium qui quaerat. Accusantium mollitia placeat nihil aliquid at repudiandae rerum cumque. Perspiciatis ducimus molestias aut laudantium.\n\nQuam quod rerum illo molestias. Ipsum repellat iure facilis qui praesentium aliquid. Molestiae et odit consequatur sed reiciendis dolorem quas.\n\nQui doloremque similique qui vel et explicabo voluptas. Suscipit totam ut ex. Cupiditate quia optio eligendi quia.\n\nSit omnis perferendis est consequatur. Reprehenderit et totam et nostrum sit. Laudantium iure voluptas esse dolore dignissimos veniam rerum. Qui corrupti corporis provident alias.\n\nDoloremque qui ex assumenda cumque inventore. Cumque repellat modi quia laboriosam quisquam. Beatae exercitationem pariatur ea veniam nemo. Ut odit cumque voluptas. At cumque qui enim et in omnis corporis.\n\nHarum nam fugit quas rerum ut odit dolore praesentium. Qui qui eos commodi ut quasi dicta voluptatibus. Similique harum voluptatem et perferendis ad odit est.\n\nDebitis fugit perferendis dolor placeat qui pariatur distinctio. Architecto eum et et id quo dolore eaque. Qui rem eum quas aut magni accusamus dolorum.', '2026-04-20', '2026-05-11 12:03:43', 'Odio fugiat totam quidem reprehenderit vel. Voluptatibus tenetur iusto sapiente velit. Dolores error sed unde autem ex cumque ullam eos. Voluptas natus dicta dolores impedit ut nisi modi. Aliquam praesentium quo in labore nulla.\n\nMollitia corrupti sequi hic accusantium rem voluptatem quia. Quam dolorem quia qui omnis doloremque. Molestiae nulla vitae ipsa aut et provident quasi. Aut debitis molestiae nemo aut. Quasi nam laudantium numquam ipsum tenetur in.\n\nQui autem aliquid quia iusto. Illo voluptate ex rerum dolore rem voluptas. Quia sed quo neque dignissimos et. Sint consequuntur hic consequatur aliquam quibusdam aperiam ex.\n\nExpedita ad architecto et ducimus. Iure inventore voluptas neque sit esse est nihil deserunt. Facere quasi atque soluta cupiditate dolores sit voluptatem.\n\nExcepturi consectetur voluptas minus. Voluptas repellat aut aut reiciendis id sapiente. Expedita et ut ut nostrum.\n\nNisi non sit et sunt aut. Fugiat sed et deserunt doloribus officiis ea. Id autem et sit sit.', 2, 3, 1, 1, 1, 1, 1),
(23, 'Jeu vidéo 22', 'video_game_22.png', 2098872, 'jeu-video-22', 'Et ut magni qui et tempore dolor aut. Et quas a suscipit. Dolorem velit aperiam optio velit sit provident.\n\nUt provident et labore quos ipsum. Adipisci corrupti recusandae qui a et unde rerum. Quo aut sint corporis et quo. Eos rerum amet et iusto ut illo.\n\nExplicabo amet eius quis quis vel fugit. Libero alias animi molestiae voluptates. Assumenda vero commodi excepturi ipsum suscipit cupiditate consequatur et.\n\nDolore repudiandae sapiente magni est. In fuga dolorum et eum. Ut facilis voluptatem accusamus doloremque totam earum sed. Fugiat pariatur accusamus repellendus tenetur eos laborum sapiente. Ad cumque aut iusto beatae omnis.\n\nCorporis eveniet officiis hic sint consequuntur qui. Corporis in in eos. Est accusantium iste alias qui et unde id.\n\nDignissimos qui vel cum fuga consequatur iure. Itaque est autem a laudantium nobis fugit quae. Minus aspernatur amet consequatur sit officiis. Voluptatibus occaecati quo deleniti harum laborum delectus aspernatur ab.\n\nConsequuntur molestiae beatae dolor eos eius quis voluptatem. Autem rerum dolore commodi quo. Ullam voluptatem quo consequuntur assumenda nobis.\n\nVitae excepturi harum voluptatum architecto et ea temporibus. Eum consequatur voluptate blanditiis magnam sapiente sint in voluptatem. Omnis dicta esse quisquam quaerat dicta. Non est cumque quibusdam et quis modi dolor.\n\nVelit ex soluta velit dolores voluptatem et et. Recusandae sit molestiae amet enim facilis. Rerum iure quaerat autem est impedit.\n\nEaque voluptatem consectetur molestiae officiis. Voluptas ut asperiores voluptatibus expedita. Mollitia facere maiores quia sit voluptatem in eaque sed.', '2026-04-19', '2026-05-11 12:03:43', 'Non voluptas eum omnis esse commodi nulla aut. Dolore eligendi dolor placeat illum quisquam. Officia nihil adipisci ipsa beatae aperiam sint.\n\nDolores sit est temporibus necessitatibus. Ut harum labore numquam numquam nulla. Ratione et aspernatur et vero numquam.\n\nNon voluptatem beatae numquam accusantium tenetur sit. Natus eveniet distinctio modi magnam. Voluptatibus est repellendus aut possimus dolorum quidem doloremque velit.\n\nVelit perspiciatis velit dolore alias enim deserunt et. Assumenda sit quidem corporis pariatur rerum ut corrupti. Rerum voluptatem ipsum culpa sint facilis corrupti.\n\nVoluptate perferendis architecto voluptatem tempora et dicta. Rerum est consequatur deserunt omnis et. Nihil ea aliquam modi et.\n\nQuasi velit enim consequatur hic debitis. Error deleniti in quis quaerat.', 3, 4, 1, 1, 0, 0, 3),
(24, 'Jeu vidéo 23', 'video_game_23.png', 2098872, 'jeu-video-23', 'Atque odio voluptatem nemo dignissimos ea velit ipsa. Nihil sed incidunt explicabo enim. Dolorum quam et porro vitae quia molestias repudiandae. Et corrupti magnam est molestiae. Ut dicta est perferendis aut eius quisquam cumque.\n\nEa sit accusantium qui voluptates reprehenderit ut quo. Aut numquam et aut quis tenetur. Non nihil incidunt et enim tempora. Maxime hic et tenetur assumenda harum nemo sit.\n\nSequi dolores reiciendis ipsa voluptatem ex. Et sed reprehenderit eaque mollitia quia iusto velit. Similique laboriosam accusantium totam iure dolorum accusantium.\n\nSunt iusto fuga voluptas dolorem cupiditate adipisci eveniet. Delectus quia doloribus eum nulla dicta ut quia adipisci. Et laboriosam iure assumenda qui nihil natus ab eveniet.\n\nExcepturi recusandae neque nobis consequatur officia facere pariatur. Magni optio optio sit labore. Magnam debitis ratione sint dolores. Qui illum provident necessitatibus eaque at sunt maxime consectetur.\n\nQuia magni quod tempore ea cupiditate eos. Quo iusto debitis autem suscipit et harum culpa. At autem quia quis consectetur.\n\nCupiditate debitis aspernatur id debitis blanditiis necessitatibus fuga. Quia veniam fugiat et qui aspernatur dicta. Tempore et sunt culpa dolores amet beatae id. Veritatis ut harum aliquid dolorem.\n\nDistinctio est error distinctio non. Omnis rerum eum autem veritatis aspernatur possimus et. Non est beatae officiis et aut.\n\nLibero est earum est veniam voluptatem et. Soluta id debitis modi sit et quia consectetur vitae. Harum ad et voluptatibus.\n\nCumque aut voluptate beatae doloribus nostrum. Ratione maiores dolore non sunt quod. Debitis aut sunt reiciendis assumenda officiis consequatur. Omnis hic cum voluptatem tempora est hic non.', '2026-04-18', '2026-05-11 12:03:43', 'Ex laudantium non dignissimos. Voluptate est aut omnis ab enim omnis. Tempora cum beatae quia dolore commodi.\n\nEarum quas porro asperiores reprehenderit. Qui et repudiandae cum neque. Quibusdam pariatur enim nobis suscipit. Perspiciatis nesciunt optio est eaque ut.\n\nNemo facilis recusandae modi odio ut. Et debitis voluptatem quas ea perferendis atque et.\n\nVoluptatibus autem sit dolorem sed. Autem ratione odio cupiditate atque.\n\nPlaceat nostrum tenetur amet animi laboriosam maiores ipsum nam. In voluptatem eum aut ea aut et. Ullam aut molestiae dignissimos sit laudantium nihil laudantium.\n\nNeque atque eveniet officia. Dolore sint veniam et sit dolorem. Nam dicta cum velit iure suscipit voluptatem modi quidem.', 4, 3, 0, 2, 2, 0, 1),
(25, 'Jeu vidéo 24', 'video_game_24.png', 2098872, 'jeu-video-24', 'Sed cum excepturi consequatur distinctio qui blanditiis impedit. Deserunt veniam vel quia est exercitationem facilis corrupti. Dolorum reiciendis sunt fugit.\n\nRerum distinctio voluptatibus enim quibusdam et. Tenetur et accusantium architecto rerum. Quo ut et earum ullam illum dolor eius cumque.\n\nEos delectus aspernatur ut ea. Quos similique voluptatem est totam ut explicabo laborum. Sed temporibus commodi deleniti excepturi eligendi a vel.\n\nNeque blanditiis ut accusantium aut natus nostrum qui. Laborum ut pariatur dolores. Reiciendis aut quis autem et soluta rerum.\n\nMagnam est expedita magni dolorum iure. Fugiat veniam nesciunt eius rerum dolor laborum. Dolor blanditiis voluptate porro et eos qui. Eos nihil ea ex a provident.\n\nQui eius aperiam suscipit. Doloremque est et saepe sit porro. Soluta hic cumque repudiandae possimus qui repellendus. Quia consequuntur iusto error a voluptatibus tempore consequatur.\n\nOccaecati distinctio est ratione quibusdam voluptatum et. Tempora aliquid distinctio quas. Ut maxime sunt eligendi esse.\n\nIn similique qui porro sit. Adipisci voluptatum sequi ducimus architecto culpa ut unde. Explicabo quisquam similique aspernatur ex veritatis sint voluptatem. Quia quisquam eos autem quae ut architecto architecto.\n\nRatione libero eos incidunt harum ducimus aut minus. Atque laboriosam rerum cupiditate quam. Eos dolore aut illo et. Error sequi accusantium sed iure dolorem qui.\n\nSint et maxime dolorum culpa sed rerum. Ipsum ipsum provident ducimus voluptatem. Quis porro sed minima soluta dolores qui ut. Animi labore dolores tempore expedita dolor earum aperiam.', '2026-04-17', '2026-05-11 12:03:43', 'Corporis laborum accusamus blanditiis et. Qui sed tempore aut voluptatem quod. Qui iste et corrupti repellat debitis sunt.\n\nEaque est voluptas quas maxime. Hic a eveniet ut. Quia eum distinctio officia maiores quas earum provident.\n\nEst deserunt neque adipisci laboriosam. Et quibusdam expedita quisquam libero occaecati incidunt.\n\nNobis dolor facere aut consequatur totam sint corrupti. Beatae ipsum ad reiciendis assumenda iste quia ad dolorem. In non quis sunt blanditiis. Nemo similique quos distinctio.\n\nRepellendus rem corporis quia sapiente aut facere. Aperiam reiciendis suscipit aut nihil magni accusantium. Iure consequatur enim odio veniam ut molestiae eius. Nihil rerum corporis animi et fuga omnis.\n\nOmnis fuga odit ex veritatis. Ut et et similique iste. Iure et qui et deserunt voluptates dolorem consectetur.', 5, 3, 2, 0, 1, 1, 1),
(26, 'Jeu vidéo 25', 'video_game_25.png', 2098872, 'jeu-video-25', 'Ratione et quis quasi eveniet in aliquam veniam. Cupiditate quas accusantium occaecati perferendis excepturi asperiores ea. Non dolorum mollitia non est quia veritatis. Velit iusto sed nihil earum corporis. Architecto qui ut nesciunt dignissimos cupiditate sit.\n\nQuis enim ut modi et sit. Distinctio maiores rem excepturi similique perspiciatis. Ut totam earum quidem blanditiis ad. Mollitia id modi aliquam fugiat.\n\nRerum vitae eos tenetur. Quaerat omnis voluptas quo sequi labore. Sequi pariatur commodi corporis reiciendis occaecati odio mollitia.\n\nEveniet voluptatem aliquid ipsam deleniti repellendus. Nam et ipsum et aperiam. Temporibus explicabo nihil eum provident doloremque.\n\nOfficiis perspiciatis nostrum aut qui. Assumenda quaerat fugit et sunt ut sed. Culpa nemo ut impedit non dolorem dolore molestias.\n\nOmnis eos sed neque eos vel nam non. Optio sed reiciendis est dolor quis. Assumenda aspernatur dolor aut et. Ut quasi repudiandae autem consequatur id minus qui.\n\nArchitecto sed saepe quam laudantium. Qui nostrum et exercitationem consectetur cum vel illum. Fuga magnam nobis consequatur.\n\nEt iste in fugit molestiae temporibus dolor in. Fuga doloribus eum nemo quis. Iste cumque et autem aliquam omnis.\n\nSimilique ullam ipsum sint illum vitae officiis illum voluptas. Explicabo tempore possimus voluptates aspernatur.\n\nAliquid dolore aut aut ut. Dicta quia sit est ut et similique inventore. Aut consequatur quo qui optio. Enim sed quas in est sit.', '2026-04-16', '2026-05-11 12:03:43', 'Inventore ut incidunt et ut non omnis aspernatur. Exercitationem unde asperiores enim aperiam earum sit. Asperiores exercitationem qui molestiae voluptate sed et aut. Asperiores qui sunt est praesentium odit corporis.\n\nUt exercitationem autem iure voluptate qui similique autem aut. Dolorem illo velit repellendus est magnam. Autem quo ut et ipsum asperiores sit.\n\nIncidunt illum tempore omnis qui sed optio quasi. Recusandae vitae eius delectus cupiditate. Minus corrupti libero consequatur saepe voluptatum quae dolor. In autem ratione ducimus consequuntur et repellat quia nihil. Quae laboriosam illo porro.\n\nVoluptatem aut dolorum iure quia deserunt dolores. Nihil excepturi possimus voluptas quis quibusdam neque soluta. Soluta et deserunt distinctio laboriosam quis mollitia est. Nihil autem itaque non quod ut ipsa et.\n\nIllum consequatur quo omnis tempora sapiente. Sed officiis odit consequatur non doloremque delectus reiciendis. Occaecati et quos eius praesentium fugiat. Laudantium quod vel necessitatibus quo fuga qui adipisci.\n\nAlias voluptas a et sapiente unde voluptatum est. Laudantium ducimus dolore nisi sint dignissimos est. Voluptatem ullam quo deleniti nihil corporis temporibus.', 1, 3, 2, 0, 2, 1, 0),
(27, 'Jeu vidéo 26', 'video_game_26.png', 2098872, 'jeu-video-26', 'Ut nihil inventore velit veritatis nobis. Ab odio ex ut occaecati ipsam. At quia ullam ut quam quae. Nulla perferendis occaecati dolorem non officia.\n\nIusto beatae unde tempore enim quas reprehenderit. Nihil et laudantium qui unde ad. Qui quis quod tenetur commodi est ratione veniam. Quod facilis sequi optio laudantium eum ratione sunt.\n\nQui reiciendis veritatis sed animi dolores voluptates esse minus. Est et ducimus totam. Dolor est iusto minima. Eum harum ex nihil maxime.\n\nTotam accusantium harum mollitia consequatur laudantium. Debitis aspernatur tempore quidem eum similique soluta sit. Aliquam voluptatem nulla in placeat autem dolorem. Dolorem repudiandae totam omnis sint alias et dignissimos.\n\nReiciendis delectus nulla et quas sit eaque odio. Aut quae autem recusandae dolorem. Eligendi ab ut amet beatae minus consequatur.\n\nAsperiores quisquam non excepturi ratione. Vero voluptatem recusandae sit ut consequatur nobis. Voluptate et possimus aut suscipit ut autem.\n\nCorporis quas ullam eos aut impedit harum consequatur necessitatibus. Id ut quia ad doloremque inventore est alias. Ea minima quia est molestiae hic rerum est.\n\nEt aut totam et harum accusamus sunt et odio. Quis ipsum voluptas eum nostrum. Ea reiciendis et cumque sequi.\n\nOptio necessitatibus non sint qui. Reiciendis illum eum eos a a. Occaecati nemo doloribus quam eum doloribus. Laborum architecto voluptate laboriosam enim asperiores minus voluptate. Labore repellendus occaecati provident incidunt et.\n\nExercitationem officiis tempora perspiciatis sapiente qui velit numquam in. Eos nisi perspiciatis sint sequi. Animi ullam nemo est et odit.', '2026-04-15', '2026-05-11 12:03:43', 'Iure libero est rerum nemo. Cum praesentium qui quia autem.\n\nVelit voluptate quasi nisi deserunt occaecati. Laudantium explicabo sit autem cumque maxime et impedit. Aperiam nesciunt laudantium pariatur.\n\nUt vel quibusdam ut eligendi. Sint doloribus quis molestias officiis provident ipsa doloremque. Tenetur qui temporibus perspiciatis fugit. Ut eum ut unde voluptatem.\n\nDeserunt maiores et dolor voluptatem. Rerum aut voluptatum blanditiis iste similique iste consectetur. Est molestiae ex at a reprehenderit eos.\n\nSint autem vel aut commodi perferendis ducimus. Accusantium id suscipit et aut.\n\nCorporis est repudiandae officiis aut saepe. Harum quam iste veritatis et ipsum. Ut et cumque tempora.', 2, 3, 2, 1, 0, 2, 0),
(28, 'Jeu vidéo 27', 'video_game_27.png', 2098872, 'jeu-video-27', 'Ut et quidem mollitia delectus quisquam. Molestias id ut rerum voluptas voluptas enim. Enim nisi rem ullam odit.\n\nTotam debitis animi illum ut. Doloribus ipsum modi quis suscipit adipisci consectetur. Voluptas maxime inventore amet sit provident laudantium. Quos quis autem id sequi tempore cum.\n\nEnim aliquam ducimus amet qui. Quisquam modi incidunt in repellat dolores delectus. Consequuntur sit molestiae non veritatis voluptatem tenetur. Quia pariatur excepturi rerum nihil soluta. Quia autem omnis odit facilis.\n\nEt excepturi laborum provident. In rerum quibusdam est ut omnis. Voluptas et quo numquam delectus alias repellendus. Impedit dolorem dignissimos nulla inventore.\n\nAut et ea et. Occaecati dicta quasi totam dolores quas assumenda. Ipsam odio velit voluptatem commodi.\n\nOccaecati dolorum aspernatur quia harum deserunt aut doloribus. Corporis dolorem nisi iusto deleniti voluptatem. At aspernatur itaque molestiae ad.\n\nDistinctio nesciunt repudiandae dolorem veniam laudantium rem adipisci. Vero enim pariatur expedita voluptatem saepe tempora. Voluptatem rerum eum qui officia recusandae repellat rem. Dolorem perferendis commodi sit ad tempore asperiores.\n\nOdio quidem autem deleniti ab. Fugit minus ut rerum qui. Aut vero non consectetur tenetur quo. Sed est laborum optio quo.\n\nCumque est omnis distinctio quia voluptatem consequatur. Distinctio voluptatem tenetur ut qui voluptatibus illum aperiam. Debitis expedita qui et sunt. Numquam quaerat similique velit quis omnis ut.\n\nAutem qui quia omnis perspiciatis. Error tenetur atque perferendis nesciunt natus unde qui doloremque. Placeat unde sapiente consequatur excepturi voluptatem iure voluptas. Quaerat voluptatem consequatur sed labore.', '2026-04-14', '2026-05-11 12:03:43', 'Quo consequuntur recusandae et harum quia perspiciatis dolorem. Recusandae consequatur sed quae explicabo aut doloribus. Enim neque ipsam cumque reiciendis labore. Quasi ut delectus est omnis ducimus.\n\nNobis repellat doloribus et quo vitae. Culpa voluptatem mollitia maxime. Atque accusantium reiciendis et est exercitationem molestiae. Eligendi placeat quia labore accusantium cumque voluptas ad. Ad alias qui iste rerum.\n\nEt neque omnis nihil. Velit odit sint minima. Cum quam ut ut distinctio sit officiis. A saepe numquam et.\n\nAut aut et ad aspernatur soluta. Consectetur aut reprehenderit inventore eos unde est nihil. Provident eaque ipsa porro earum nulla perspiciatis sed ipsam. Fuga sequi voluptates qui porro ut.\n\nAt dolor ea ipsa aliquid enim autem. Est numquam doloribus alias aut aliquam. Laboriosam et dolor esse molestias numquam voluptatem. Excepturi et veritatis aperiam quis facere. Deleniti excepturi rerum et nulla autem facere harum ex.\n\nNumquam rem voluptatem nihil maxime dolores iusto eveniet iusto. Expedita perspiciatis cum quo quo repellendus animi. Ut quas aut optio eligendi inventore provident odit. Consequatur incidunt optio voluptatum labore.', 3, 3, 2, 1, 0, 0, 2),
(29, 'Jeu vidéo 28', 'video_game_28.png', 2098872, 'jeu-video-28', 'Nisi quasi id magni nesciunt quia. Maxime sed excepturi incidunt. Distinctio aut dolor maiores iste facere. Molestiae in enim temporibus maxime reprehenderit quos.\n\nAb et dolorem itaque minus voluptatem voluptas. Praesentium et eos nostrum maiores. Autem enim voluptas iusto vel praesentium. Dicta possimus aut est distinctio dolorem et. Dolores dolor libero et voluptatem atque sequi.\n\nAt pariatur dolor quas exercitationem voluptatum minus qui. Ut corrupti odit vel et placeat vitae. Adipisci debitis sint neque ad harum vel eius. Consequatur error cupiditate repellendus sint sit voluptates iusto.\n\nCorporis sapiente eligendi ea natus tenetur nisi. Tempora ipsam id expedita mollitia dolorem. Numquam dolorem repellendus expedita molestiae eius delectus aut. Dolorem ipsa natus aliquam aliquid aliquid sequi.\n\nEa itaque quia labore dolor minima aliquid quam eligendi. Aut quas iste dolorem rerum laudantium omnis facere.\n\nAliquam ut itaque atque ut sunt. Reprehenderit inventore aut et sapiente. Expedita minima sunt et mollitia nisi placeat ipsum. Aut ipsum inventore rerum.\n\nConsequatur culpa facere officiis eligendi. Exercitationem neque quia ducimus distinctio quis autem. Molestiae illum eaque et nihil. Exercitationem laborum consequatur ut sunt molestiae necessitatibus.\n\nSint eum explicabo et velit nisi. Blanditiis quo mollitia quaerat. Est sit ullam laborum enim. Et accusamus maiores animi eligendi maxime.\n\nEt quasi aut facere necessitatibus. Et officiis deserunt quas ut molestias ut. Optio quos occaecati rerum et. Voluptatem deleniti possimus placeat repellendus. Qui porro nulla corrupti error dicta aperiam.\n\nQuo quia et est voluptatem maxime et facere asperiores. Excepturi sit sit dolores voluptatem cumque veritatis accusantium. Et et eveniet qui ut omnis distinctio molestiae sed.', '2026-04-13', '2026-05-11 12:03:43', 'Aspernatur qui quia omnis ullam. Ea quas aliquam tempora reiciendis distinctio expedita. Velit dicta ipsum et qui et sunt recusandae ad.\n\nQui asperiores saepe nobis sequi. Fugiat facilis temporibus est distinctio. Accusamus omnis dolore voluptas officia tenetur labore. Velit quia praesentium tempore laboriosam provident quod omnis. Molestiae quia aut dolores repellendus consequuntur eos.\n\nLabore reprehenderit in minus ad vitae totam sit. Id sed recusandae est non atque vel. Temporibus quo ut eaque aut ipsam enim. Enim ut non dolores libero delectus enim aut accusantium.\n\nMinima voluptatem voluptatum ratione ut. Perferendis et neque perferendis amet. In dolores qui et excepturi enim tempora.\n\nIllo dolores voluptatem praesentium voluptas qui. Accusantium dicta fugit iste molestiae ratione porro cupiditate.\n\nOccaecati et distinctio et est. Ullam similique tempore veniam velit voluptates quia. Aliquid occaecati expedita in. Quia vel velit maiores ipsa.', 4, 4, 1, 0, 0, 3, 1),
(30, 'Jeu vidéo 29', 'video_game_29.png', 2098872, 'jeu-video-29', 'Ea sapiente illo modi et. Aut laborum laborum iste amet ab. Quaerat cupiditate autem eligendi exercitationem.\n\nAmet voluptatem id animi sit aliquam soluta qui omnis. Voluptatum aliquam dolorem ut repellendus sit dolor saepe. Maiores officiis ut voluptatibus eveniet nam iusto tempora similique. A quia eos error natus labore voluptas autem ut.\n\nDolorem vitae ipsum repellat quia ea labore quo harum. Repellat et tempora error voluptatum dicta eius. Sapiente maxime totam vel eveniet id officiis adipisci.\n\nItaque dicta nihil architecto debitis eos fugiat. Eos dolore quis laboriosam rerum quae laudantium. Autem earum facilis quis.\n\nQuidem rerum quia repudiandae laudantium modi eum. Nihil qui repellat repellendus occaecati officia repellat nisi. Ratione officiis necessitatibus maxime molestias quod dolor architecto.\n\nCorrupti repellat voluptatem fugit ratione est possimus. Sequi cumque quos voluptatem voluptatem dolor commodi. Consequuntur aliquid est dolorem facere quae aut beatae. Et quia assumenda aliquam minus odio quae iure. Ratione sed magni modi omnis.\n\nHic ipsum molestiae ipsa ea. Consequatur est aut id provident saepe inventore accusantium consequatur. Eos assumenda esse accusamus optio suscipit. Occaecati omnis consequatur eligendi aut vitae autem explicabo eos.\n\nLaborum voluptatum in architecto harum. Eum similique enim ipsum autem et. Incidunt omnis totam molestiae ut et. Nihil quia iste et qui.\n\nQuibusdam consequatur aut quia blanditiis quo. Molestiae odio et modi aut excepturi debitis. Deleniti earum nostrum maxime vitae distinctio et vel.\n\nAut explicabo qui consectetur porro ea fuga dolores ipsum. Blanditiis quisquam ut eum ut doloribus. Rerum dolorum aut aut et explicabo. Illum eos officia et. Voluptatum et eum necessitatibus reprehenderit exercitationem cum deleniti.', '2026-04-12', '2026-05-11 12:03:43', 'Dolores iste quaerat fuga aliquam ducimus necessitatibus. Molestiae natus quia eveniet explicabo.\n\nQuibusdam atque excepturi in sed. Ad pariatur amet et voluptas beatae. Perferendis ab sed quo rerum perspiciatis non itaque incidunt. Rerum nihil sit sit consequatur.\n\nAt impedit enim nihil sapiente qui sint officia. Est nam ea quidem iste. Omnis occaecati corrupti cumque eum.\n\nId laudantium ut magnam ullam. Temporibus animi numquam et ut vero molestias. Ad explicabo unde voluptas et autem odio sunt sequi. Tenetur assumenda sed tenetur neque qui repellat occaecati.\n\nEum quidem consequatur et sit voluptas quia. Laborum id repellendus nulla laudantium. Nam corporis praesentium et asperiores. Ea saepe expedita harum saepe cupiditate.\n\nLaborum corporis est odio quis asperiores. Est nam facilis error. Minus doloremque qui distinctio sed iusto aliquam modi. Aut consequatur voluptatem sequi enim consequatur.', 5, 4, 0, 0, 3, 2, 0),
(31, 'Jeu vidéo 30', 'video_game_30.png', 2098872, 'jeu-video-30', 'Cumque atque repudiandae quia provident. Nemo neque quia voluptates illo dolore.\n\nQuas tempora ipsa quidem facere labore. Est consequatur repellat enim mollitia explicabo consectetur odio. Atque eos sed dignissimos sit.\n\nFuga provident non nisi dicta blanditiis eius. Unde sed doloremque distinctio consequatur at. Exercitationem ullam vero iure voluptas ut omnis consequatur.\n\nEst quod ipsam voluptatem aut explicabo nihil. Sit iure a eum et tenetur. Voluptas dolorem ea dolor minima molestiae sint aut aut.\n\nOfficia libero consequuntur hic. Non voluptates laboriosam reprehenderit qui id suscipit ut saepe. Ea est quia inventore sed iusto. Temporibus reiciendis ducimus et consequatur animi ut velit. Dolorem dignissimos et nesciunt eum omnis consequatur quia.\n\nEt est aut sed praesentium amet voluptas. Quis placeat corrupti et non est dolor necessitatibus. Veritatis quam quis sunt aut omnis voluptatibus ut.\n\nIllum eaque deleniti ut nihil neque harum. Aut consequatur illum dolor eum voluptatem voluptatum minus. Atque omnis reprehenderit esse. Exercitationem nihil autem aliquam facilis sunt perferendis.\n\nEligendi sint velit est blanditiis. Consequatur cupiditate est et placeat mollitia enim alias. Voluptas cumque ut voluptates fuga soluta eligendi. Omnis ut et ut aspernatur quia.\n\nQuas harum beatae vero ducimus. Et enim reiciendis commodi magni quos explicabo. Earum temporibus totam aliquam assumenda nisi voluptas id.\n\nQuae tenetur deleniti voluptates quia. Laboriosam qui id omnis enim sed et iste. Numquam sint labore iure omnis autem quis. Rerum distinctio molestiae et omnis odit et.', '2026-04-11', '2026-05-11 12:03:43', 'Voluptatem distinctio unde id est aut amet libero. Facilis mollitia iste consequuntur laudantium quia id beatae. Quibusdam fugit praesentium eaque minima dolor cum.\n\nEarum provident dolores asperiores soluta sit quaerat. Distinctio delectus dolores ex sunt cumque exercitationem optio. Animi voluptas molestiae sit repudiandae qui et.\n\nNon corrupti nisi maxime quisquam doloribus enim error. Doloribus qui id occaecati minus facilis aliquid ad. Voluptatem nesciunt sunt quo mollitia neque tenetur voluptate.\n\nRerum tenetur qui voluptas id et. Ut consequuntur enim quo quis libero et blanditiis. Perspiciatis vel et tempore beatae non ipsam facilis. Sequi iure aspernatur atque repellendus hic.\n\nIn sint repellat odio commodi voluptatem non. Tempora eligendi ut quos et rerum numquam nisi. Vel et quas nostrum delectus. Et sint fugiat deserunt fugiat vel.\n\nPerferendis dicta doloremque autem vel libero non eum. Atque neque esse id assumenda quo. Quo molestiae quas tempore. Veniam culpa atque temporibus necessitatibus magni architecto.', 1, 3, 1, 1, 2, 1, 0),
(32, 'Jeu vidéo 31', 'video_game_31.png', 2098872, 'jeu-video-31', 'Debitis voluptatibus quia voluptas suscipit. Illo qui rerum a distinctio autem. Ut dolores provident aliquam veritatis dicta.\n\nSint occaecati quia fuga nam labore. Modi officia ipsa dicta minus eos rerum modi. Ad quos hic ut aliquid. Laborum non porro ea libero eos.\n\nArchitecto a blanditiis qui adipisci tempora. Ea nisi qui nemo voluptatem reiciendis dolores.\n\nQuia quo sed deserunt atque maiores voluptas autem. Consectetur cum nesciunt est cupiditate et eius. Sit est cumque praesentium rem repudiandae est quos eum. Eos dolorem reprehenderit accusamus.\n\nSoluta assumenda commodi voluptatem optio. Ad occaecati consequatur consectetur minima fugit et dolorum. Qui reprehenderit enim et quo et sunt qui ipsam.\n\nNon dolorem est nostrum voluptates. Debitis occaecati deleniti ut quibusdam cum. Et quo nostrum quas eum a et et hic. Provident aliquid ullam dolorem consequuntur. Quis reprehenderit quisquam dolores ipsum quo id ducimus.\n\nQuaerat voluptatem tenetur accusantium est perspiciatis. Assumenda ex ullam nostrum omnis occaecati illum incidunt corrupti. Est laudantium molestiae aliquam dolore et ea fugit recusandae. Inventore provident labore qui laudantium magnam.\n\nUt maiores quae porro ex. Sint commodi omnis ea exercitationem. Vero in sit ducimus adipisci.\n\nEsse quisquam ab facilis ut sed impedit omnis. Porro qui nemo est ab. Mollitia provident iste harum.\n\nPossimus quasi labore est veniam et voluptate. Consequuntur cupiditate rerum at rerum. Facilis quia ea non et.', '2026-04-10', '2026-05-11 12:03:43', 'Alias saepe veritatis molestiae quo dolorem aut nulla magnam. Saepe et aspernatur non.\n\nCumque et itaque libero maxime. Sunt cupiditate nostrum aperiam sint. Maxime odio veritatis eveniet corrupti.\n\nSapiente qui aperiam aut officiis sequi consectetur qui dolorum. Molestiae saepe rem distinctio suscipit. Architecto quod sed commodi quo.\n\nQuas perferendis consequuntur nemo sit officiis. Sed praesentium quo qui eos. Voluptatem voluptates repellendus rerum est ex quis explicabo. Ut assumenda praesentium deserunt.\n\nAmet aspernatur facere consequatur. Dolores laborum voluptates accusantium atque maxime est. Perferendis facilis corrupti ratione id non reiciendis a.\n\nNon totam qui unde cumque quos. Aliquam laudantium in est ipsam laborum cupiditate. Laboriosam velit alias molestiae amet.', 2, 4, 0, 1, 1, 0, 3),
(33, 'Jeu vidéo 32', 'video_game_32.png', 2098872, 'jeu-video-32', 'Earum sed asperiores ut eos et perspiciatis facere. Nisi qui temporibus dolor iusto sed. Commodi occaecati minima dolores reiciendis iusto aut sunt. Architecto dolorem omnis et aperiam repellat.\n\nEst cumque dolorum nulla dolorem. Quaerat quia cumque ullam dicta molestiae. In nobis minima laudantium voluptas dolore est.\n\nVelit adipisci omnis similique. Aut delectus omnis quisquam voluptatem. Sit veritatis eum pariatur odit perspiciatis.\n\nEos illum quia qui enim et. Quam esse ea eos in. Labore nemo temporibus minus ut consequuntur quam quis. Qui dolorem sint et dolorem odit atque tempore qui. Quis atque vel natus autem tempora qui.\n\nId excepturi consequatur in est voluptatem dicta ut. Ea sunt soluta a atque autem. Et neque quia rem sapiente. In in illo aut quo. Quidem nihil quisquam sed odit deleniti error.\n\nQuidem aliquam rerum nihil. Laudantium maiores rem ut consequatur. Porro error non minus porro doloribus labore. Minima minus consequuntur ducimus tenetur aliquid voluptatem nulla.\n\nSed necessitatibus dolore quasi dolor est eaque. Eos laborum esse voluptas tempore consequatur commodi sit illum. Est eligendi veniam unde molestiae dolor placeat quos asperiores. Voluptate mollitia dolore est numquam.\n\nEt debitis consequatur est quidem fugiat. Culpa consequatur labore dolores et. Consectetur qui excepturi eum itaque consequatur.\n\nBeatae ut molestiae delectus at cumque voluptatum. Magni eos dolor possimus architecto et. Sunt et ea consequuntur iure aliquid.\n\nPossimus perspiciatis est tenetur autem. Iure omnis ut consectetur est officiis rerum. Consectetur facere culpa consequuntur optio consequatur et qui quasi. Sit saepe incidunt esse facere quis earum.', '2026-04-09', '2026-05-11 12:03:43', 'Doloribus adipisci praesentium ducimus commodi et. Dignissimos labore ullam repudiandae et cupiditate fuga repellat. Accusantium corporis est modi et eum omnis possimus ducimus.\n\nEnim temporibus culpa et voluptates dolores. Error aut beatae iure est ab. Nulla pariatur ut nihil ut.\n\nConsequatur blanditiis excepturi quasi rerum placeat quam. Dolorem quia repudiandae sint corporis. Odio totam ducimus praesentium debitis. In ea nemo tenetur eligendi. Aperiam nulla rerum sit et.\n\nQuisquam voluptatem minus molestiae alias numquam consequatur. Nisi quibusdam tenetur voluptates sit. Quo esse odit unde ut.\n\nAperiam qui et dolorem quo dolorum laborum doloribus. Voluptatem temporibus rem animi velit vero blanditiis. Saepe ullam iste eligendi.\n\nQuam perferendis qui perspiciatis aut. Nostrum ea veritatis et qui eum sequi facere. Laudantium reprehenderit culpa ex quisquam. Consequatur nisi vel rerum fugit enim.', 3, 3, 1, 2, 1, 0, 1),
(34, 'Jeu vidéo 33', 'video_game_33.png', 2098872, 'jeu-video-33', 'Expedita in doloribus quaerat qui voluptas. Excepturi adipisci qui voluptatem voluptatem nihil. Quaerat culpa ullam perspiciatis. Blanditiis voluptatum quo odit a distinctio.\n\nQui velit et alias soluta. Est dolore neque repellat ut.\n\nId quis architecto et occaecati eveniet numquam rerum quae. Quia quis et recusandae porro libero nobis dolorum. Ex quia id dolorem et distinctio provident.\n\nCum aliquam a dolor nesciunt voluptatem animi non. Reiciendis earum non laboriosam quis eos ipsam corporis molestiae. Consequatur soluta qui ducimus natus maiores. Accusamus itaque ex omnis natus qui.\n\nExpedita corrupti autem quae magni aliquid alias. Recusandae aut ea harum sequi. Nemo possimus aspernatur aliquam voluptatem dolor.\n\nVel dolorum ut omnis dolorem. Accusantium molestiae odio omnis enim facilis placeat quod. Nostrum assumenda consequatur numquam corporis dolorem quo sed.\n\nVeritatis vero maxime eaque voluptatum porro alias animi. Consequatur asperiores qui rem laudantium facere. Vitae sequi eos alias ab quia fuga perferendis et.\n\nEos itaque maiores dolores vitae quo. Enim iure aut vel quo ratione. Temporibus recusandae dolorem voluptatum qui tempora. Ut alias omnis omnis soluta consequuntur.\n\nUt repellendus libero ipsa at. Velit distinctio praesentium dolores minima et minus occaecati. Et nostrum consequatur quo aut laborum nobis voluptas.\n\nHarum velit est aut aut. Qui debitis et quasi voluptas unde. Ut quia asperiores et dolor necessitatibus est. Qui quo ad et ut magnam quo.', '2026-04-08', '2026-05-11 12:03:43', 'Saepe eum dignissimos vel. Est voluptates iure et consequatur dolorem dolorem perferendis. Occaecati maiores qui nam error sit nemo et.\n\nVel odio et vitae natus. Quia quia inventore ad voluptates non accusantium vitae et. Eveniet reprehenderit occaecati ducimus praesentium voluptatem.\n\nQuas magni veniam commodi quae molestiae dolores. Hic laborum et ea voluptas tenetur. Nesciunt necessitatibus commodi ut ut est nihil modi hic.\n\nAd aliquam neque ut natus et perspiciatis. Est dolor soluta aut ipsa. Aperiam exercitationem voluptas rem consequuntur corrupti.\n\nCumque eligendi tempore sed nemo. Repellat occaecati quia autem autem. Et quasi sed ut accusamus sapiente minima quia. Possimus quis quos sunt.\n\nEligendi minima et dolor corporis. Quo officiis quam dolor recusandae. Sapiente qui autem et facere voluptatum architecto molestias.', 4, 3, 0, 4, 0, 0, 1),
(35, 'Jeu vidéo 34', 'video_game_34.png', 2098872, 'jeu-video-34', 'Ab ea quod maiores non. Excepturi eum modi aut quo est.\n\nConsequuntur ducimus reiciendis illum nesciunt enim possimus nihil. Quis ut accusantium hic neque. Consequatur quam cumque iure sed ducimus id consequatur aut. Ut ex dignissimos placeat a. Eum ut qui odit blanditiis eaque temporibus cum.\n\nAut dignissimos quasi non sint eaque placeat similique. Provident optio error ad quo quia commodi. Qui rerum tempora quia consequatur ipsam alias.\n\nSint quae aut ducimus blanditiis ea. Quae doloremque sunt soluta suscipit soluta sequi. Voluptatibus non ducimus debitis id quod aperiam.\n\nEx tempore earum consequatur ut eligendi. Pariatur ut qui repellat dicta. Praesentium adipisci ad libero inventore quibusdam.\n\nUt dolor amet commodi explicabo eos. Sed vitae at eveniet ullam unde ut ullam. Eum quia facere repudiandae sed.\n\nOdit dicta magnam aliquid placeat aut natus assumenda. Qui modi voluptatum molestiae magnam enim accusamus accusantium. Ex mollitia delectus atque unde molestiae ullam voluptatibus consectetur. Voluptates non error mollitia minus velit.\n\nLabore minus voluptas quo dolor. Et ex minima alias dolores. Cumque quasi error quis aspernatur cum dicta.\n\nIn incidunt sunt at accusamus aut cupiditate error. Ipsam corrupti autem non cumque itaque facere velit. Sequi corrupti ut voluptatem vel ut non perspiciatis perferendis. Sit alias vel voluptates sunt aut.\n\nUt rem animi dolores rerum dolorem. Unde corrupti iure et ex molestias aliquid. Eius quae et asperiores quibusdam quibusdam repudiandae. Distinctio rerum in est occaecati delectus.', '2026-04-07', '2026-05-11 12:03:43', 'Quia qui sit eveniet porro aspernatur quidem ut quaerat. Odio nemo quia placeat quo vel molestiae error. Explicabo aut minima numquam aut maxime et necessitatibus. Quia ut numquam vero et.\n\nNon nisi neque numquam esse sint recusandae. Ipsam quod reprehenderit nemo rerum. Minus hic est perferendis dolores sint officia. Aut recusandae et facere neque.\n\nQuis ullam non voluptas saepe ab dolores. Repudiandae libero dignissimos eum est et maxime. Nostrum voluptatem vel expedita quis.\n\nNobis placeat molestias culpa voluptatem est. Sed doloribus libero corrupti quaerat. Nam culpa sunt aliquam. Fugit dignissimos delectus doloremque vitae.\n\nNesciunt nihil qui quidem et et. Inventore ut distinctio laudantium laborum adipisci alias sunt. Iusto impedit qui soluta incidunt quidem. Omnis iste asperiores laboriosam voluptatem a.\n\nSed nihil odit consequuntur quis tenetur. Molestias est sint sapiente adipisci iure nobis libero. Quo sit facilis blanditiis totam sed placeat. Sed deleniti unde ut commodi consequatur. Quis pariatur velit aliquid voluptatem neque.', 5, 3, 1, 0, 2, 2, 0),
(36, 'Jeu vidéo 35', 'video_game_35.png', 2098872, 'jeu-video-35', 'Accusamus dolorem incidunt debitis suscipit voluptas quod. Dolor laboriosam corrupti aut sunt quos voluptas. Voluptatem et sed itaque sunt eum necessitatibus quia.\n\nConsequatur voluptatum et deleniti magni consequatur aut quam explicabo. Consequatur et quibusdam officia ducimus.\n\nIusto aut voluptatem asperiores cupiditate et nostrum. Eligendi voluptas iusto reiciendis. Et est iusto impedit mollitia.\n\nEt laboriosam eligendi qui ex. Ut beatae labore et voluptatem nemo. Et quidem sunt officiis quasi et itaque.\n\nUt aspernatur error id praesentium excepturi. Aut suscipit et eos itaque accusamus dolor. Totam qui quia doloremque ducimus error in vel.\n\nMagnam quo magnam ducimus similique eos molestiae non. Est ea molestiae ipsum similique voluptas unde. Velit laboriosam nobis quidem labore soluta. Ut molestias molestiae exercitationem eos.\n\nRepellat dicta et quis et perferendis consequatur. Deserunt repudiandae et iusto mollitia porro distinctio commodi. Quo aliquid illum minima dignissimos delectus blanditiis reiciendis deserunt. Praesentium est qui magnam nam sapiente.\n\nHic laudantium nihil laudantium iste minus sit aperiam est. Consequuntur quis accusantium accusantium tempore velit. Voluptatem sint quisquam libero et et vero.\n\nEsse odit distinctio dolorem porro necessitatibus minus. Quidem at voluptatem dolor sed quod. Eos quas quod excepturi neque aliquam facilis et laboriosam. Doloremque qui doloremque ex voluptatem.\n\nEst voluptate et quis voluptatum id laudantium. Error enim earum optio consequatur. Blanditiis voluptatem laborum dolores voluptatibus. Ex harum et voluptatem quam.', '2026-04-06', '2026-05-11 12:03:43', 'Excepturi culpa ut doloribus illum sunt molestias. Voluptatum deserunt eos expedita id id. In voluptatem libero mollitia distinctio sunt earum. Distinctio maiores doloremque sed.\n\nSit totam laborum eligendi in vel perspiciatis voluptas. Praesentium explicabo et architecto perferendis consequatur enim illo. Eaque quod velit eum cumque molestiae. Asperiores doloribus suscipit excepturi voluptatum alias est.\n\nCumque quo voluptas autem voluptate temporibus commodi. Ullam est ut nihil eius minima. Exercitationem perspiciatis cupiditate dolor exercitationem. Expedita reiciendis tenetur alias incidunt qui itaque aliquid.\n\nOfficia debitis nemo minima qui. Vel aliquid perspiciatis soluta laboriosam adipisci deleniti. Illum deserunt nulla qui rerum voluptatem cupiditate est velit.\n\nPariatur eum quod accusantium molestiae eos quis. Numquam aut qui maiores sunt est magnam. Est perferendis nam et id ea illum asperiores. Vel magni maiores perferendis.\n\nProvident aspernatur labore sint fugiat nisi nobis. Porro qui cum nulla culpa nemo. Aut fuga consequuntur saepe labore ut possimus. Quasi quos ipsa ut ut.', 1, 2, 2, 1, 2, 0, 0);
INSERT INTO `video_game` (`id`, `title`, `image_name`, `image_size`, `slug`, `description`, `release_date`, `updated_at`, `test`, `rating`, `average_rating`, `number_of_ratings_per_value_number_of_one`, `number_of_ratings_per_value_number_of_two`, `number_of_ratings_per_value_number_of_three`, `number_of_ratings_per_value_number_of_four`, `number_of_ratings_per_value_number_of_five`) VALUES
(37, 'Jeu vidéo 36', 'video_game_36.png', 2098872, 'jeu-video-36', 'Maxime atque assumenda consequuntur ea iure beatae nobis. Maiores dicta autem id maiores dolores deleniti qui. Deserunt et eius et dolore ab.\n\nEt voluptate laborum blanditiis omnis quia. Voluptates quae in dolorum quisquam quia suscipit sequi. Eum voluptatem earum minima commodi ea commodi.\n\nAtque magni autem incidunt qui ducimus totam quia. Maxime amet quia ut nulla earum. Perspiciatis ipsum quas qui voluptates. Odit molestias voluptatem voluptatem quis non iusto amet.\n\nNihil natus iusto ad numquam eligendi. Et recusandae nam animi in qui rem non. Magni pariatur ea sit inventore mollitia consequatur. Ducimus expedita voluptatem non et voluptate.\n\nUt numquam autem nisi. Ipsa quis vel omnis non quaerat culpa voluptatem est. Quae libero voluptatem debitis rem repellat. Nulla similique aut ut harum.\n\nOptio eius aliquid qui neque reiciendis rerum. Et velit asperiores sequi iusto odit officiis. Doloremque eveniet aut assumenda et nam consequuntur voluptatem doloribus. Saepe qui dolorem deserunt atque ea laborum.\n\nDelectus ut sed voluptas ea non est omnis consequatur. Eligendi qui aperiam consequatur cumque. Neque nesciunt ut mollitia voluptas molestias odit et non. Omnis rem praesentium omnis fuga id deleniti.\n\nCommodi eos non ipsam molestiae dolores. Ut iste adipisci quaerat. Voluptatum rerum impedit rerum repellendus ab veritatis.\n\nNon ducimus officia quaerat. Eos neque aliquid consequatur cupiditate iure qui voluptatem. Consequatur omnis quae adipisci laboriosam temporibus ut magni.\n\nExcepturi necessitatibus soluta quibusdam nostrum esse est voluptatem. Aperiam ratione rerum architecto dolorem quo soluta accusantium. Possimus voluptates dolore vero laboriosam cupiditate architecto. Suscipit fuga iusto ut aut recusandae est quaerat esse.', '2026-04-05', '2026-05-11 12:03:43', 'Et odit autem aperiam. Facere reprehenderit voluptate officia. Velit voluptatem id quia est dolores aut.\n\nEx sunt ut veritatis ut. Quis quasi adipisci tenetur possimus sapiente neque neque. Rerum perspiciatis ipsa et nulla omnis molestiae dolorum.\n\nEt quidem hic veritatis. Occaecati dolore rerum odio consequatur rem minima reiciendis. Labore dolores nostrum tempore tempora. Quidem labore ex est iusto. Quasi officiis atque et rerum laborum vel quasi.\n\nUllam deleniti deserunt necessitatibus laudantium aspernatur enim. Voluptate officiis officiis eius optio autem. Numquam tenetur iste velit itaque aliquam. Illo voluptas earum dolorum pariatur consequatur et ab. Voluptas velit inventore voluptatem.\n\nVoluptates eaque quia qui culpa. Qui sunt quia quis quam. Corporis nemo inventore sequi doloribus.\n\nQuia quam eum minima sint sint mollitia ad eligendi. Corrupti vel id animi quia. Corrupti id alias debitis quos laborum quidem et omnis.', 2, 3, 0, 3, 1, 0, 1),
(38, 'Jeu vidéo 37', 'video_game_37.png', 2098872, 'jeu-video-37', 'Ut autem et nihil accusamus. Dolores inventore dolorum maiores aliquam voluptates et aut tenetur. Esse eos odit repellat sapiente qui non. Magni dignissimos delectus est deserunt et qui.\n\nError earum sit minima dolor praesentium non numquam. Iure aut tempore est consequatur quia mollitia.\n\nSunt corrupti eum fuga. Minus ullam debitis aut maxime mollitia. Sint illum rerum aut qui quia sit iure atque. Iure earum ut nobis excepturi debitis odit.\n\nQuisquam doloribus dicta magni magni sit ad ipsam voluptatibus. Dolores eum perspiciatis nisi tenetur consequuntur. Accusamus iste earum laboriosam.\n\nAccusantium consequuntur rem sunt occaecati. Consequatur tempore similique expedita quod architecto eum laudantium. Voluptatum reprehenderit doloremque laborum nisi est. Harum eius architecto consequatur eveniet possimus error. Pariatur aspernatur blanditiis ut illum non quas autem iure.\n\nMolestiae quisquam molestiae aut ad nihil nesciunt voluptas. Iure nisi sunt voluptate quasi aut assumenda qui ducimus. Ea quia eos rerum fuga perspiciatis.\n\nQuam est velit molestiae repellat id eos dolorem. Veniam ut optio quas quibusdam nostrum voluptas dolores sit. Ipsum est et delectus exercitationem. Eligendi id voluptatum dolor perferendis modi provident dolorum recusandae.\n\nAut tempora dolorum neque. Recusandae adipisci a iure tempora fugiat fugiat.\n\nAliquam aliquid harum doloribus omnis aspernatur nihil. Quo culpa nulla dolor laboriosam occaecati fuga nihil.\n\nAliquam quia alias dicta voluptates porro dolores. Voluptates adipisci maiores odio sunt est. Et temporibus et deserunt sunt fugiat voluptatibus nemo.', '2026-04-04', '2026-05-11 12:03:43', 'Harum autem ipsam ullam temporibus ullam. Recusandae possimus excepturi vero vero qui nam rerum eum. Repudiandae modi ut autem sed quis. Ex consequatur reiciendis omnis.\n\nQui et eos eos inventore culpa natus esse. Sed vel velit sapiente quaerat odit nulla quae minima. Magnam doloremque at non non voluptate aut eligendi.\n\nCommodi ut voluptatum et voluptatem illum nam eius consequatur. Aut dolorum sunt iusto est non. Omnis nulla sed perspiciatis veniam enim nihil incidunt.\n\nDoloremque laborum a vel voluptatum est praesentium. Velit quia omnis architecto numquam. Laudantium ipsam a culpa voluptatum qui.\n\nOccaecati rerum explicabo dolores necessitatibus dolores officia dolorem aliquid. Officiis dolorem voluptatem esse non dolor est dolores. Quo ipsa ullam et dolor. Officiis ad est repellendus a eaque nostrum libero aut.\n\nDoloribus quidem reprehenderit placeat nihil voluptatem animi asperiores. Ea expedita facilis esse dolores voluptas voluptas occaecati.', 3, 3, 0, 4, 0, 0, 1),
(39, 'Jeu vidéo 38', 'video_game_38.png', 2098872, 'jeu-video-38', 'Ut adipisci deleniti rerum beatae modi illum ducimus. Ducimus eligendi sed ipsam voluptatem ullam. Quibusdam sed quisquam officia magnam sed rerum veritatis.\n\nQuia consequatur quia doloremque repellendus facilis praesentium. Quia id beatae eum error fuga. Est voluptatem quia quisquam cum unde. Quis et quisquam quae mollitia provident.\n\nNon est neque id ut. Rerum architecto id omnis quis eveniet. Quas et quis consequatur et vero. Non cum et blanditiis possimus. Eos beatae eum consectetur consequatur dolores doloremque impedit.\n\nDeserunt vel nostrum ut aut corporis quis quod vel. Mollitia iure sed labore eius corrupti explicabo rem. Expedita velit laborum sunt est beatae. Sunt tenetur omnis dolorum ex sunt ut.\n\nEaque in eveniet iure magnam est. Enim at asperiores dignissimos ea velit qui in debitis. Non incidunt voluptatem eligendi non repellat dignissimos.\n\nAdipisci inventore nihil consequatur ut. Ut quo iure id ea sequi. Alias dicta doloribus est cupiditate quia aut in. Culpa similique voluptates reiciendis corrupti error rem voluptatum.\n\nVitae dolore voluptatem sit. Dolorem sed quia facere ipsum exercitationem et. Et nihil quidem rerum quis est. Eum temporibus dolore accusantium quia perferendis eligendi.\n\nVoluptatibus est amet vel rem. Sequi voluptatem consequatur enim quaerat modi aut suscipit officiis. Dolorem labore illum libero dolorem nostrum harum nobis.\n\nMagnam iste vitae mollitia placeat. Ducimus quia quae dolorum repudiandae voluptas. Dicta eos sapiente consectetur ea est recusandae. Sint perspiciatis hic in autem quod vero in.\n\nDucimus sit consectetur consequatur quos dolores dolorem quod. Enim necessitatibus voluptatem voluptas qui voluptatem sint asperiores. Voluptates sed nesciunt magnam.', '2026-04-03', '2026-05-11 12:03:43', 'Consequatur ex unde doloremque cumque illum voluptates. Ut nihil voluptatem quod dignissimos molestiae nihil. Ipsum labore consequatur occaecati sit velit. Enim quibusdam necessitatibus ut voluptate.\n\nUnde est dolores ut. Nostrum voluptate consequatur qui vitae deserunt repellat sed. Quae incidunt laboriosam modi consequatur molestias qui id. Id est facilis voluptatem est aperiam reprehenderit praesentium praesentium.\n\nQuidem officia qui nam omnis tempora. Dolores voluptatem harum sapiente soluta culpa recusandae.\n\nMollitia nam sapiente esse voluptate. Aut debitis sunt vel animi sed et dolores. Odit et autem corrupti qui quia vel. Asperiores magni quia vero deleniti.\n\nLibero et numquam id voluptas sint rem sint. Tempora temporibus rerum dolorem natus ut.\n\nDolorum qui quo qui quaerat. Voluptatem odio aspernatur et est consequatur beatae mollitia. Quasi minima tenetur nam quasi provident. Quaerat et dolorem libero alias inventore quia.', 4, 3, 2, 1, 1, 0, 1),
(40, 'Jeu vidéo 39', 'video_game_39.png', 2098872, 'jeu-video-39', 'Quam sunt aut nulla et. Voluptas dolor velit enim necessitatibus.\n\nQuis officia est iure maxime consequatur in. Reprehenderit nihil quia autem voluptas quidem sequi. Eos quasi voluptatem blanditiis distinctio deleniti.\n\nQuod vel autem est non fugit quia voluptatem. Tempora a voluptatem consequatur omnis.\n\nVoluptas doloremque distinctio a quidem qui illum consequatur. Nam officiis molestiae in amet expedita ipsum quod delectus. Blanditiis corrupti dolorem eos dolorem. Debitis amet fuga qui rerum.\n\nDistinctio laudantium quibusdam aut dignissimos voluptatem id qui. Mollitia culpa dolorum iure.\n\nQuis aliquam quae et architecto nihil suscipit id. Ipsum odit ut voluptatem est voluptas. In rerum et qui et sit. Aut voluptatem et molestias ad incidunt. Officiis illo accusamus corporis.\n\nPlaceat reprehenderit quo et nostrum. Omnis ullam in quam et. Repellendus dicta id sunt id ipsum non qui. Eveniet id placeat quos ducimus sunt consectetur nostrum ea.\n\nCum autem quae occaecati voluptatibus debitis dolor molestiae. Et non nulla deserunt et perferendis ut laudantium. Perspiciatis sunt aspernatur necessitatibus et minima architecto esse quos. Sit dolorem officiis aut.\n\nMolestiae nihil enim consequuntur architecto quia magnam ipsa. Amet qui blanditiis voluptatum ipsum quae et. Veniam laudantium dolores doloremque veniam labore animi ducimus. Laboriosam non aperiam nisi magnam.\n\nAtque deleniti eum magnam animi. Dolores voluptatum voluptas deleniti omnis natus ut ut occaecati. Similique sit enim et dignissimos dolores.', '2026-04-02', '2026-05-11 12:03:43', 'Veritatis consequatur et facilis doloribus est. Consequuntur necessitatibus aut et. Maxime vel dicta aliquam asperiores omnis. Ut deserunt fugit nostrum qui natus ipsum enim.\n\nAut suscipit eos aspernatur impedit voluptatem. Quis mollitia et numquam qui sit eaque distinctio.\n\nEos est quasi odit similique omnis tenetur. Consequatur et asperiores laborum vero molestiae. Tempora at laboriosam vero possimus.\n\nDolorem repudiandae eos omnis aliquam. Cupiditate nesciunt ipsum et debitis natus neque beatae. Qui qui blanditiis dicta magnam culpa. Aliquam blanditiis id delectus enim nam porro et perferendis.\n\nConsequatur omnis voluptatem et officiis reiciendis perferendis. Quas voluptatum et rerum maxime. Voluptatibus rerum optio quidem repellat harum eaque. Minus incidunt quas aut est sit.\n\nEa voluptatem beatae et non. Sequi ab totam placeat excepturi earum. In quibusdam laboriosam dolores explicabo iste.', 5, 3, 1, 3, 0, 0, 1),
(41, 'Jeu vidéo 40', 'video_game_40.png', 2098872, 'jeu-video-40', 'Pariatur sunt et voluptas. Voluptas nulla recusandae animi incidunt. Doloremque praesentium optio iure aspernatur. Voluptas ratione omnis rerum consequatur atque blanditiis.\n\nEst illo voluptatem dolorem adipisci. Cupiditate ut eius et et id id. Quas ipsum iste hic dolor maxime. Neque qui vel dolores consequatur voluptatum.\n\nQuia dignissimos dolorum cupiditate quas dolores cumque laborum voluptatem. Quod nihil quisquam laudantium accusamus molestias earum optio. Veniam aut et voluptatem velit nam et quibusdam. Non saepe suscipit voluptatem molestiae.\n\nQuia aut tempore et dignissimos provident. Laborum vel doloremque necessitatibus iste qui est. Aut debitis sit qui rerum libero.\n\nIste quidem magnam autem doloremque. Ullam eum et quibusdam quia. Praesentium dolorum aperiam quisquam minus alias quam. Non temporibus quisquam sed assumenda.\n\nMinima ex asperiores impedit in rerum qui similique. Quibusdam eum non autem deserunt veritatis deleniti facilis. Modi atque porro repellendus porro omnis. Reprehenderit enim facere quos quasi ullam quod.\n\nQui modi sed voluptatem quis esse molestias ut. Et aut tempora aut amet modi molestiae in. Voluptatem quisquam dolores et repellendus qui est.\n\nEx unde non nobis consequatur. Non incidunt autem rerum magnam. Fugit temporibus id aspernatur dolorum. Ut quas sint id sunt dicta doloremque assumenda ad.\n\nTenetur ut eius rerum velit. Quidem eligendi blanditiis molestiae aut et provident. Eos qui optio voluptatum distinctio rem et quod.\n\nDolor est ut consequuntur quae ab possimus corporis officiis. Sed amet ut libero sequi veritatis necessitatibus velit eos. Dolores incidunt ab autem voluptas placeat provident. Vel dicta ut delectus totam vel.', '2026-04-01', '2026-05-11 12:03:43', 'Aut commodi rerum veniam occaecati ex omnis. Animi consectetur cum ea eius libero. Pariatur sint nisi libero omnis earum ut. Cupiditate reiciendis sint est ut et.\n\nLaboriosam modi dolore aut voluptas. Deserunt amet voluptatem quis repellat corporis eum quaerat.\n\nQuae facilis dicta natus unde qui. Velit nihil error soluta. Cumque itaque cumque quo cum. Consectetur modi aut sed nam et.\n\nNeque fugit dolorem nihil quia. Laborum vitae sed vel quia. Quas qui dolorem commodi quia voluptatibus.\n\nLaboriosam sint eos labore non voluptatibus. Neque veritatis aut consequuntur maxime aut nihil beatae. Commodi quia quis voluptates id ducimus quod dignissimos velit.\n\nSuscipit eos cum a amet veniam numquam mollitia. Asperiores dignissimos et et dolorem.', 1, 5, 0, 0, 0, 3, 2),
(42, 'Jeu vidéo 41', 'video_game_41.png', 2098872, 'jeu-video-41', 'Optio aut explicabo consequatur quia. Sed perspiciatis id nostrum odit voluptatem harum molestiae. Non magni est facilis voluptate autem.\n\nNemo sit aspernatur doloribus aspernatur qui. Voluptatem voluptatem officiis itaque beatae rerum voluptatem tempore. Neque et non sed et quo.\n\nDeleniti neque et cum. Omnis fugit voluptate maiores voluptate. Voluptas deleniti libero omnis sint.\n\nHarum id voluptas delectus. Eaque ut aperiam rerum non. Iusto est id est pariatur id magni beatae. Sunt molestias beatae harum et.\n\nOfficia qui sit at non consectetur deleniti. Rerum similique quia sapiente ut et in dolorem molestiae. Animi dicta vel aut dolorem inventore. Et fugit corrupti id qui voluptas veniam. Id quos odio at nulla.\n\nIn nostrum nihil et optio ullam qui nemo. Autem soluta corrupti dicta. Aut omnis atque occaecati aliquid molestias repudiandae. Est laudantium id quae totam qui. Quae soluta est omnis est tempora.\n\nEst cum saepe qui ullam quisquam praesentium. Veniam consectetur minima quia consequuntur fugiat sunt suscipit sit. Consequatur culpa ipsum id qui molestias et hic. Aut qui nisi minima quis nesciunt voluptas. Nihil maxime tenetur vel voluptas eos.\n\nRem corporis voluptate eos est hic et. Suscipit delectus facilis eos. Laborum corrupti ut nemo. Est laborum quasi eos ullam minus sequi debitis modi.\n\nInventore reiciendis modi facilis quis. Inventore qui aut eos quaerat inventore distinctio saepe. Dolore non id eum sint necessitatibus quibusdam. Occaecati dolorum tempore sit incidunt velit ut.\n\nAsperiores placeat iste temporibus fugiat. Rerum ut quod voluptatum animi. Cum ratione non et qui. Voluptatem amet culpa rem.', '2026-03-31', '2026-05-11 12:03:43', 'Non ducimus quod quia minima harum. Id consectetur molestiae suscipit doloribus saepe nulla qui. Itaque nihil pariatur asperiores quos ratione ab. Quia aut temporibus est. Soluta odit deleniti eum minima quidem quas.\n\nMinima odio reprehenderit ipsum assumenda earum fuga officiis. Eveniet doloribus aspernatur ut et. Nulla accusamus delectus natus.\n\nCorrupti aliquam velit quia incidunt est in. Consequatur aliquam repellendus molestiae ut autem nihil. Sint accusantium possimus molestiae ducimus qui quia expedita.\n\nEos sit et soluta maiores praesentium. Ut sint sit nemo omnis est. Illo accusamus harum illum blanditiis quibusdam et praesentium.\n\nEnim et officia sed sint consequatur ipsa. Officiis pariatur minima aliquam explicabo minima voluptate et. Similique est vitae consequatur rerum et.\n\nSimilique at fuga voluptatem vel. Saepe quo consequuntur eligendi voluptatum inventore ea. Nihil molestiae repellat reiciendis commodi aspernatur quaerat aut. Dolorum excepturi soluta nihil rerum.', 2, 4, 0, 0, 1, 3, 1),
(43, 'Jeu vidéo 42', 'video_game_42.png', 2098872, 'jeu-video-42', 'Inventore est a cupiditate adipisci sed nesciunt. Nihil in fugit earum alias.\n\nCupiditate vel accusamus rem sunt est. Quia ut tempora doloremque quia doloremque.\n\nFacere adipisci iure nam nihil debitis voluptates. Mollitia illo sequi temporibus. Inventore facilis et sit. Dolores est cum sint. Neque excepturi quos provident quae omnis sunt.\n\nFugiat a rerum rerum vitae. Ipsam eum veritatis ea. Temporibus sequi nihil itaque repellendus perspiciatis sequi.\n\nDolor iusto necessitatibus non. Consequatur ex et ea. Autem distinctio optio ea. Dolor enim minima vel possimus sunt ad qui facere.\n\nVoluptas perspiciatis soluta non et odio. Suscipit architecto eos dolor quia adipisci aspernatur. Aut voluptatem consequatur hic ducimus dolor non amet. Ipsam perferendis dolores maxime soluta labore quo.\n\nHic ea dolore aut reiciendis id sunt qui doloribus. Maiores dolores quos voluptas dolorem odit officia. Ut quis deleniti autem dolores ratione sed voluptatum accusamus. Pariatur fugiat et autem nam aspernatur aut.\n\nMolestiae beatae adipisci voluptatem modi ex et nihil. Libero cupiditate in consequatur velit eum error neque amet. Porro nostrum eius nulla in. Asperiores consequatur enim modi suscipit consequatur esse.\n\nEt aut voluptas error nihil. Eveniet sed consequatur odio eveniet reiciendis. Est sunt sed possimus at.\n\nSed ut aut dolor est veritatis mollitia non. Consequatur ut sed et a eaque eum et. Nostrum dolorem necessitatibus incidunt voluptatibus sunt sit.', '2026-03-30', '2026-05-11 12:03:43', 'Veritatis eveniet fugit eos et aut. Cumque laboriosam nesciunt iusto repellendus neque delectus. Suscipit perferendis reprehenderit architecto maxime et et. Quos laudantium est maiores ea ullam adipisci quasi.\n\nAspernatur asperiores fuga perferendis aut et. Qui occaecati ut aut sequi ut nihil debitis. Eveniet eveniet commodi eius corporis modi. Veritatis sunt id quidem expedita.\n\nSed cum voluptatum soluta id unde temporibus. Tempora quo facilis ab harum explicabo voluptas necessitatibus architecto. Provident aut porro corporis dolorem quia occaecati nihil.\n\nDolorem officia quisquam quibusdam excepturi necessitatibus earum cum. Non aliquam cupiditate mollitia qui. Ut in quo voluptatem magni quis. Earum voluptatem est dolorum est neque aut rerum. Laboriosam veniam officia facere rerum.\n\nEx amet totam amet atque. Neque minus eos accusantium praesentium adipisci alias nisi aut. Commodi est delectus et nulla et id et. Alias nesciunt in quia excepturi molestiae quod et.\n\nMinus ea ut soluta a in et qui id. Eum magnam qui eum porro. Molestias ipsam nesciunt tempore aut sit debitis.', 3, 3, 1, 2, 1, 1, 0),
(44, 'Jeu vidéo 43', 'video_game_43.png', 2098872, 'jeu-video-43', 'Odio cupiditate labore non et. Cumque dolorum possimus molestiae quis veritatis atque.\n\nSapiente maiores saepe eum nisi consequatur voluptates. Hic neque autem ad rerum impedit. Nihil ut odit ut modi eum sapiente. Perspiciatis corrupti omnis delectus.\n\nUt qui sed et hic voluptas quo. Deleniti dignissimos excepturi adipisci rerum repudiandae non ut. Cum excepturi vero culpa facere. In nam rerum eveniet soluta quaerat illo.\n\nQuis minima eligendi sit magnam rerum rem libero. Quia laudantium animi rerum consequuntur. Ex similique itaque minus sint. Delectus quisquam explicabo fuga ipsam aliquid possimus.\n\nMolestias ad quas voluptatem facilis voluptatum. Ut repellendus exercitationem aut rerum dolorum. Magnam libero dolores quia et veniam consectetur.\n\nDeserunt reprehenderit animi accusantium in. Qui accusantium eveniet et porro dignissimos dolores. Et mollitia vel necessitatibus. Soluta ipsam recusandae aut.\n\nEst laudantium culpa et iusto tempore. A sed quos quo cumque molestias sunt praesentium. Deserunt nihil nihil sit sunt omnis.\n\nAd explicabo et officia commodi. Quis adipisci est atque quae quae deserunt. Eligendi deserunt quia quia neque quo.\n\nAccusantium ab ipsum sint nostrum possimus non. Et quis inventore qui excepturi adipisci.\n\nQui et natus in possimus eum. Perspiciatis odit possimus ad recusandae est. Et ullam aut non odio. Consequatur et possimus neque ab odio. Qui minus rerum magnam itaque sit eos.', '2026-03-29', '2026-05-11 12:03:43', 'Assumenda molestiae officia quis. Et vel nulla consequatur id ex rem minus. Commodi non earum et earum aut rerum possimus et.\n\nNumquam repudiandae voluptate ipsum quidem dicta minus et aut. Sunt fuga a eius possimus sapiente occaecati nobis. Vero eos facere quidem consequatur. Ut harum velit rerum. Consequuntur a ducimus voluptas autem aut est quam amet.\n\nSunt qui magni sit voluptatibus autem sapiente. Accusamus ut eos enim id repellendus nihil. Quo fugiat consequatur voluptas nostrum possimus.\n\nDistinctio odit adipisci est repellat aliquid. Sapiente fugiat rem aspernatur quasi consectetur. Libero est sit quia quidem quo culpa.\n\nLabore quasi quis et ea repudiandae nisi possimus nam. Tempore quas ut temporibus a sapiente debitis non. Quas quam expedita sapiente non perspiciatis facilis.\n\nRepudiandae accusamus adipisci ipsum et impedit consequuntur quis. Suscipit exercitationem sit omnis est voluptate.', 4, 3, 1, 1, 1, 2, 0),
(45, 'Jeu vidéo 44', 'video_game_44.png', 2098872, 'jeu-video-44', 'Vel eaque sunt et. Error deleniti est voluptas ut ab id. Autem nemo porro magni.\n\nEius ut dolores quis minima quaerat autem et sequi. Harum blanditiis ipsum et harum.\n\nCorrupti veniam repellendus impedit qui. Dolorem sit doloribus nulla voluptatem nulla. Quae eum est qui molestiae sunt velit rem quidem.\n\nUt facilis dolorum iusto. Reprehenderit hic reiciendis aliquid aut illo excepturi alias autem. Ea repudiandae voluptate aut optio sit aut est. Et similique nisi odit fugiat optio quis est.\n\nDoloribus dolores quis quisquam exercitationem dicta iusto delectus. Qui neque qui sed. Alias repudiandae dolores unde ea non sequi facilis. Voluptas accusamus est sapiente eveniet architecto soluta.\n\nDolor eaque veniam assumenda sint dolorem. Et rem iste et earum ad deserunt est. Praesentium ut blanditiis aut cupiditate qui consequatur. Magnam eum nesciunt deserunt est.\n\nCupiditate amet voluptas ratione excepturi nisi impedit ipsa. Voluptatem labore harum ut perferendis aliquid cupiditate. Aperiam molestias laudantium rem hic iste et dolor.\n\nAtque aut officiis et iste voluptas ipsam. Voluptatum vitae quisquam expedita. Aut consectetur quia harum quaerat alias.\n\nEt et nobis eum quis esse non. Veniam tempora aperiam eius et excepturi voluptatem repudiandae. Et sed explicabo non ducimus ut magni id.\n\nRepellat et sequi placeat. Magni inventore consectetur suscipit expedita alias quas aut harum. Accusamus provident sunt aut libero perspiciatis neque.', '2026-03-28', '2026-05-11 12:03:43', 'Fugiat atque amet saepe natus qui deserunt. Adipisci debitis odit excepturi. Magnam eligendi porro in soluta perferendis.\n\nExplicabo iusto quasi necessitatibus vel. Neque quisquam accusantium perferendis consequatur earum. Nam voluptas aliquid vel minima iste.\n\nPraesentium asperiores cupiditate et distinctio beatae est. Perspiciatis debitis et porro unde ut a rem. Assumenda nostrum sit velit enim.\n\nSaepe repellat modi ad autem ut tempore quia. Nulla vitae et fuga a voluptas qui. Sed non quo quod repellendus est. Hic possimus aliquid enim dolor dicta.\n\nPorro omnis nemo est qui ipsa et similique quos. Est aliquam deleniti eos accusamus mollitia. Rerum magni in inventore earum. Est nihil exercitationem occaecati itaque a quo.\n\nSapiente consequatur distinctio consequatur quaerat. Iusto dolor quo officia qui. Quibusdam dolore deleniti necessitatibus omnis perspiciatis.', 5, 4, 0, 2, 1, 0, 2),
(46, 'Jeu vidéo 45', 'video_game_45.png', 2098872, 'jeu-video-45', 'Reiciendis ducimus dicta commodi illum qui inventore veniam. Et aut accusantium consequuntur occaecati ut. Sit impedit porro rerum rerum deleniti. Aliquam nulla quidem aut repudiandae fuga deleniti ut consequatur.\n\nExercitationem aut ut voluptas. Tempore ex quis impedit repellat. Explicabo quod rerum id omnis.\n\nDolor corrupti rerum rem quasi voluptatem atque. Quia aut quia autem quia enim rerum. Id accusantium doloribus tenetur necessitatibus quia occaecati.\n\nVoluptas enim perferendis ullam id et veritatis architecto. Repellat veniam labore quaerat culpa iure delectus. Vero enim laborum commodi enim dicta quia consequatur.\n\nQuo rerum debitis omnis nulla est at. Amet consectetur sint vel quis architecto. Dolor est est modi non dignissimos placeat.\n\nEt saepe sapiente qui ut in incidunt. Animi quae magnam commodi quae at. Quibusdam enim laborum non ipsum facere.\n\nIpsam qui omnis dicta. Ex veritatis totam facilis aut mollitia. Eum enim laborum aut explicabo tempora omnis deleniti.\n\nRepellendus eum ipsam minima facilis. Voluptates consequatur et temporibus et. Tempora qui quaerat id aspernatur suscipit error. Quam aut rerum error.\n\nFuga alias non possimus vel labore. Dolorum ab cupiditate architecto. Natus consequatur nisi illum. Molestiae odio qui dolorum reiciendis.\n\nMolestiae rerum aut consectetur nulla possimus qui quidem. Ullam molestias molestiae qui pariatur. Molestiae corporis quisquam quas et nobis architecto iste. Quia vero quis temporibus ullam eligendi repellendus est.', '2026-03-27', '2026-05-11 12:03:43', 'Magnam omnis aut culpa sed reprehenderit. Tempora eos nam non modi corporis mollitia blanditiis. Tempora sit nemo cumque exercitationem magnam rem. Consequatur sunt voluptatibus quis rerum.\n\nAut assumenda quis fuga est odio et voluptas. Rerum qui explicabo officiis eum rerum laborum iste. Ea quaerat quod assumenda modi officiis reprehenderit. Doloremque sit voluptatem optio sequi velit.\n\nConsequatur et error eum voluptas. Est in numquam qui harum. Distinctio dolorem velit magnam possimus.\n\nEnim quo autem quia saepe numquam. Perferendis asperiores distinctio voluptates voluptatum maiores voluptatum consequatur. Corrupti ea alias earum eum possimus dicta. Quisquam ratione ut quia in quas explicabo iure. Enim sed velit dolores ab dolorum ut.\n\nDolorum optio hic exercitationem et recusandae dolor porro. Veritatis corporis libero tempora qui temporibus iusto culpa. Aut enim ut atque iste tempora earum quia.\n\nVoluptatem ratione perferendis omnis nostrum praesentium. Enim id saepe assumenda ea. Occaecati et in labore labore accusantium. Voluptatem amet ducimus voluptatem quas et dolore eligendi.', 1, 4, 1, 0, 1, 3, 0),
(47, 'Jeu vidéo 46', 'video_game_46.png', 2098872, 'jeu-video-46', 'Consequuntur reprehenderit quia aut recusandae perferendis. Commodi dicta accusamus quos molestiae. Laboriosam qui sapiente dolorem occaecati beatae. Beatae reiciendis sint aut libero.\n\nAlias vitae modi nulla quia ullam. Earum est facilis et. Corporis dolorem ut enim qui possimus. Deserunt molestias rerum ut ipsa.\n\nVoluptas porro reiciendis voluptates porro. Officiis nihil omnis voluptas accusamus quisquam. Dolores ipsam libero eum quis est incidunt.\n\nSit maxime neque quam assumenda quis. Ipsam eos tenetur aspernatur dolorum cum molestiae. Quasi sit consequatur et recusandae illum molestiae inventore. Voluptate corporis earum tempora facilis ab.\n\nEum rerum ab rerum. Esse doloremque vitae ducimus velit. Et qui illo et libero. Modi veritatis eius a numquam exercitationem.\n\nQuis autem maiores eum aliquid est suscipit debitis. Id qui aliquid et est praesentium. Tenetur architecto numquam provident qui ea omnis.\n\nAut ratione explicabo quis sed. Facere voluptatem labore aut. Omnis tenetur ut voluptate cupiditate. Architecto nostrum rerum quos perferendis aut et neque.\n\nEt culpa eveniet nihil vel porro. Et aut odio sed qui. Voluptas non et quam qui perferendis quaerat error. Reiciendis voluptas sapiente molestias ipsam. Similique blanditiis repellendus sit voluptas.\n\nPossimus deserunt eius et voluptatem voluptates facere aut magnam. Accusantium qui qui ullam repellendus. Aperiam laboriosam ipsam tempora totam in vitae voluptas. Et laborum in nisi sunt ipsa.\n\nVoluptatum numquam aut sit repudiandae ex repellendus. Unde et cupiditate fugiat voluptatum et molestiae sit aliquam. At nisi velit reprehenderit deserunt quasi nostrum veritatis dolor. Consequuntur expedita atque at iure.', '2026-03-26', '2026-05-11 12:03:43', 'Sint error distinctio debitis eos. Aut non et commodi dolorem non. Et odio quam alias voluptas.\n\nEsse aut est dolorem officia illo omnis. Id saepe occaecati eos est rem. Rerum consequatur ut et doloribus in. Veritatis maiores cupiditate et assumenda.\n\nInventore eius distinctio quis provident vero qui. Quis inventore recusandae fugiat et voluptatem. Unde aliquam sapiente quibusdam placeat non amet aut. Enim rerum omnis quam voluptates enim rerum sed.\n\nQui qui qui minima enim. In delectus aliquam debitis quisquam deserunt. Iusto laborum facere iure dolorem. Rerum suscipit illum ut qui autem qui repudiandae deleniti.\n\nEum omnis est rerum voluptatibus animi saepe qui. Ad illum consectetur velit quas aspernatur possimus natus. Rerum hic magni occaecati quidem assumenda. Consequatur consequatur ea sit quisquam odio eligendi.\n\nSequi deserunt et ad recusandae. Nostrum cum sequi illo fuga. Aliquam rem ut quo vel impedit. Nobis culpa optio ut commodi ut.', 2, 3, 0, 3, 0, 1, 1),
(48, 'Jeu vidéo 47', 'video_game_47.png', 2098872, 'jeu-video-47', 'Molestiae delectus ducimus sit. Alias reprehenderit incidunt similique quasi nobis commodi qui. Sunt et deleniti debitis ut quia.\n\nQuo et qui architecto neque laboriosam. Eum necessitatibus ut voluptatem aspernatur autem libero. Ea sit accusamus odio recusandae quo dignissimos et.\n\nQui eum modi totam dolores ipsa. Ut inventore quod at asperiores quia illo. Eligendi omnis quod fugiat ipsum voluptas molestias vitae.\n\nEst eum quibusdam eum voluptates officia in est magni. Vero accusantium provident incidunt cupiditate dolor. Consectetur culpa et qui vel exercitationem tempore ut.\n\nReiciendis quaerat minima eum aut. Repudiandae qui alias quibusdam ut ut est.\n\nMolestiae voluptatem eum qui id et qui ea eaque. Neque natus quo aut perferendis. Fugit ratione fugiat debitis qui quidem modi. Et quia repudiandae voluptatum numquam a.\n\nDebitis non rem perspiciatis vel id. Rerum aut dolorum omnis doloremque atque laboriosam. Deserunt accusantium facilis impedit eos aut et debitis.\n\nAnimi vel assumenda aspernatur eum. Aspernatur corporis non sit necessitatibus ratione. Et error fugiat et omnis consequatur. Explicabo quis voluptatem iste et deleniti neque recusandae.\n\nQui qui nihil architecto ad velit rerum. Placeat ut quae rerum recusandae et eos aut. Voluptates velit et ut eveniet.\n\nFugit rerum corrupti quae voluptatem sequi ut. Voluptas dolor perspiciatis ipsa dignissimos aut blanditiis. Sit iste non nobis nihil fugiat vel harum nemo. Corporis quia vel recusandae architecto dignissimos quis beatae. Hic consequatur sunt nesciunt et qui fuga.', '2026-03-25', '2026-05-11 12:03:43', 'Error error non dolorum adipisci voluptas aut repellat. Quia ipsum et omnis totam. Culpa quo ducimus corrupti voluptas aut rerum.\n\nA suscipit dicta veritatis beatae pariatur laborum reiciendis. Rerum vel ut quis laboriosam molestiae corrupti quae. Doloremque dolorum sapiente dignissimos sint.\n\nDolorum sequi itaque rerum veritatis nihil nam. Nisi eum fugit magnam ipsam nam. Blanditiis voluptate culpa qui. Quo ut dolor labore ut iure.\n\nOmnis alias distinctio nihil officiis. Officiis animi ex animi magnam. Aut qui possimus ut laudantium ipsam.\n\nAspernatur ut quo facere nam omnis laudantium at. Eum est sunt at quaerat nihil quidem.\n\nOdit deserunt eum expedita aperiam et optio odit. Ut numquam praesentium reprehenderit quia incidunt dolores. Qui vel quo sed.', 3, 3, 0, 2, 2, 1, 0),
(49, 'Jeu vidéo 48', 'video_game_48.png', 2098872, 'jeu-video-48', 'Accusamus sed deleniti quibusdam aut inventore nihil. Enim aut enim qui et esse amet aspernatur. Qui nisi minima mollitia incidunt saepe. Sed aut quis similique sit neque.\n\nDolor repellat expedita sed vel molestiae dolorem. Aut et suscipit incidunt laborum et. Nihil sunt quo dolores officiis perspiciatis ea necessitatibus.\n\nHarum autem dolores quis. Vitae dolore consequatur officiis deleniti dolorem officiis rerum. Repellendus sapiente aut fugiat enim quidem.\n\nDistinctio perferendis sint nobis at sunt incidunt ipsa. Sed ipsam totam rem aliquam. Ab dolore dolor est iste.\n\nAsperiores aperiam dolores repudiandae ab. Possimus accusamus cumque nobis ab sed maiores. Asperiores reiciendis totam sed ratione.\n\nQui ipsam fugit facilis. Minima sed nemo id cumque.\n\nQuis sint aut qui in porro aspernatur. Ut id consectetur ut et molestiae. Quia ut veniam id cupiditate.\n\nVoluptas qui eum est similique. Asperiores quibusdam aliquam et et expedita voluptas aperiam. Sapiente aspernatur nulla nihil adipisci. Ipsam qui porro tempore.\n\nQui et sed deleniti consectetur. Eum dolores sed esse enim maiores.\n\nAb non in iste praesentium aut aut odio cupiditate. Nulla non pariatur harum nam. Quia accusamus architecto asperiores. Nostrum error blanditiis omnis et alias expedita nisi.', '2026-03-24', '2026-05-11 12:03:43', 'Nam aut occaecati sed cum quod aut. Velit similique accusamus deleniti a voluptatem. Ut laboriosam asperiores dolor officia temporibus pariatur. Itaque iste tempora laborum vero deserunt quia. Non id ipsa quaerat aut.\n\nId aut omnis praesentium dolor beatae culpa. Quis illo qui et vitae aspernatur officiis illo. Error repellat asperiores quod iure harum qui. Doloremque omnis aut sunt commodi laborum quisquam.\n\nLibero optio doloribus iure architecto cupiditate totam. Vitae facilis esse enim dolor asperiores sunt sapiente quaerat. Nesciunt qui quaerat id autem itaque id neque. Nisi sunt quo possimus eos nihil est non.\n\nVel velit nam repellat odio ipsam. Cumque in at voluptates at amet amet. Ut et voluptatem nostrum dolor molestiae asperiores. Nostrum eos delectus ut molestiae ut id voluptas. Beatae totam quod nesciunt ex aut eos totam.\n\nSint sit ex harum debitis rerum nostrum harum. Dolores odit et saepe. Fuga ipsa et et sunt. Ratione non alias quo qui nihil consequatur quis.\n\nVoluptas sint dolor voluptatem quis odit possimus. Quasi facilis tenetur quam doloribus voluptatem officia. Modi id consequuntur aut sint impedit. Aut et quia facilis eum eum eius rerum.', 4, 3, 3, 0, 0, 1, 1),
(50, 'Jeu vidéo 49', 'video_game_49.png', 2098872, 'jeu-video-49', 'Qui aliquid ut consequatur doloremque quia laudantium in qui. Sed facere sit velit et culpa sed dicta. Consequatur dolores veniam quia.\n\nMagni facilis consequuntur nobis et aut odio quia quis. Sapiente architecto dolores possimus aperiam rem. Laborum itaque eligendi hic totam.\n\nOfficia dolores eum eaque laborum qui. Cumque sequi voluptatum aut quia. Eveniet sint id reiciendis delectus et exercitationem possimus. Nobis ea harum voluptatibus numquam. Veritatis voluptas vel sed corrupti labore aliquam veritatis.\n\nEt quis minus ut repudiandae. Rerum nihil odio fuga nam iure. Voluptatibus occaecati sit adipisci et. Qui corporis eos dignissimos neque velit et.\n\nQuod ipsum aperiam qui error ut ipsum quia. Deserunt sint explicabo qui quasi et libero. Alias non ea sequi ullam.\n\nIllum sunt incidunt aut quisquam. Qui ipsam esse eveniet praesentium. Animi rem eum quasi cumque magnam. Esse velit et et est velit.\n\nMolestiae voluptatibus consequatur reprehenderit. Aut aliquam rerum eum rerum sunt eum incidunt. Vero harum consectetur iure eius. Eos molestiae esse officia pariatur id et repellat rerum. Soluta explicabo impedit quia.\n\nEt eligendi qui consequatur voluptatem ullam eum. Recusandae amet quaerat aut consequatur illo maxime. Eos quaerat ea facilis vero facilis totam non.\n\nAccusantium quo soluta delectus ea. Esse sunt incidunt qui omnis. Possimus molestias doloribus ad odio. Et et corporis deserunt ut omnis accusamus.\n\nAutem praesentium at cum et perspiciatis reprehenderit et. Dolores reiciendis reprehenderit voluptatem temporibus a ut. Corporis ex et autem sunt praesentium quos dolore. Deserunt voluptas vitae impedit quis totam.', '2026-03-23', '2026-05-11 12:03:43', 'Id nemo quas minus accusantium et. Aut dolorem eum id distinctio. Sed voluptatum quia et sit tempore fugit.\n\nSequi nihil architecto velit qui velit tempore. Similique rerum blanditiis dolor labore. Modi officiis numquam nihil cumque totam.\n\nVoluptatem incidunt accusantium vel molestias voluptas. Sed harum saepe quia modi ut est. Debitis qui neque vel.\n\nVel ipsum non ea provident qui blanditiis reprehenderit. Quas reiciendis accusantium ut maiores vitae. Totam qui quae qui quis excepturi sed.\n\nDolor fuga labore dignissimos quidem. Eos nulla quidem et consequatur velit quisquam iste mollitia. Quae ut fugit sit aut dolor aut. Et alias fuga voluptatem sint.\n\nIste iure possimus perferendis. Optio harum similique error non officia nobis error. Officia dolorem reprehenderit deserunt error enim.', 5, 3, 2, 1, 0, 1, 1);

-- --------------------------------------------------------

--
-- Structure de la table `video_game_tags`
--

CREATE TABLE `video_game_tags` (
  `video_game_id` int NOT NULL,
  `tag_id` int NOT NULL
) ENGINE=InnoDB DEFAULT CHARSET=utf8mb4 COLLATE=utf8mb4_unicode_ci;

--
-- Déchargement des données de la table `video_game_tags`
--

INSERT INTO `video_game_tags` (`video_game_id`, `tag_id`) VALUES
(1, 1),
(1, 2),
(1, 3),
(1, 4),
(1, 5),
(2, 2),
(2, 3),
(2, 4),
(2, 5),
(2, 6),
(3, 3),
(3, 4),
(3, 5),
(3, 6),
(3, 7),
(4, 4),
(4, 5),
(4, 6),
(4, 7),
(4, 8),
(5, 5),
(5, 6),
(5, 7),
(5, 8),
(5, 9),
(6, 6),
(6, 7),
(6, 8),
(6, 9),
(6, 10),
(7, 7),
(7, 8),
(7, 9),
(7, 10),
(7, 11),
(8, 8),
(8, 9),
(8, 10),
(8, 11),
(8, 12),
(9, 9),
(9, 10),
(9, 11),
(9, 12),
(9, 13),
(10, 10),
(10, 11),
(10, 12),
(10, 13),
(10, 14),
(11, 11),
(11, 12),
(11, 13),
(11, 14),
(11, 15),
(12, 12),
(12, 13),
(12, 14),
(12, 15),
(12, 16),
(13, 13),
(13, 14),
(13, 15),
(13, 16),
(13, 17),
(14, 14),
(14, 15),
(14, 16),
(14, 17),
(14, 18),
(15, 15),
(15, 16),
(15, 17),
(15, 18),
(15, 19),
(16, 16),
(16, 17),
(16, 18),
(16, 19),
(16, 20),
(17, 17),
(17, 18),
(17, 19),
(17, 20),
(17, 21),
(18, 18),
(18, 19),
(18, 20),
(18, 21),
(18, 22),
(19, 19),
(19, 20),
(19, 21),
(19, 22),
(19, 23),
(20, 20),
(20, 21),
(20, 22),
(20, 23),
(20, 24),
(21, 21),
(21, 22),
(21, 23),
(21, 24),
(21, 25),
(22, 1),
(22, 22),
(22, 23),
(22, 24),
(22, 25),
(23, 1),
(23, 2),
(23, 23),
(23, 24),
(23, 25),
(24, 1),
(24, 2),
(24, 3),
(24, 24),
(24, 25),
(25, 1),
(25, 2),
(25, 3),
(25, 4),
(25, 25),
(26, 1),
(26, 2),
(26, 3),
(26, 4),
(26, 5),
(27, 2),
(27, 3),
(27, 4),
(27, 5),
(27, 6),
(28, 3),
(28, 4),
(28, 5),
(28, 6),
(28, 7),
(29, 4),
(29, 5),
(29, 6),
(29, 7),
(29, 8),
(30, 5),
(30, 6),
(30, 7),
(30, 8),
(30, 9),
(31, 6),
(31, 7),
(31, 8),
(31, 9),
(31, 10),
(32, 7),
(32, 8),
(32, 9),
(32, 10),
(32, 11),
(33, 8),
(33, 9),
(33, 10),
(33, 11),
(33, 12),
(34, 9),
(34, 10),
(34, 11),
(34, 12),
(34, 13),
(35, 10),
(35, 11),
(35, 12),
(35, 13),
(35, 14),
(36, 11),
(36, 12),
(36, 13),
(36, 14),
(36, 15),
(37, 12),
(37, 13),
(37, 14),
(37, 15),
(37, 16),
(38, 13),
(38, 14),
(38, 15),
(38, 16),
(38, 17),
(39, 14),
(39, 15),
(39, 16),
(39, 17),
(39, 18),
(40, 15),
(40, 16),
(40, 17),
(40, 18),
(40, 19),
(41, 16),
(41, 17),
(41, 18),
(41, 19),
(41, 20),
(42, 17),
(42, 18),
(42, 19),
(42, 20),
(42, 21),
(43, 18),
(43, 19),
(43, 20),
(43, 21),
(43, 22),
(44, 19),
(44, 20),
(44, 21),
(44, 22),
(44, 23),
(45, 20),
(45, 21),
(45, 22),
(45, 23),
(45, 24),
(46, 21),
(46, 22),
(46, 23),
(46, 24),
(46, 25),
(47, 1),
(47, 22),
(47, 23),
(47, 24),
(47, 25),
(48, 1),
(48, 2),
(48, 23),
(48, 24),
(48, 25),
(49, 1),
(49, 2),
(49, 3),
(49, 24),
(49, 25),
(50, 1),
(50, 2),
(50, 3),
(50, 4),
(50, 25);

--
-- Index pour les tables déchargées
--

--
-- Index pour la table `doctrine_migration_versions`
--
ALTER TABLE `doctrine_migration_versions`
  ADD PRIMARY KEY (`version`);

--
-- Index pour la table `review`
--
ALTER TABLE `review`
  ADD PRIMARY KEY (`id`),
  ADD KEY `IDX_794381C616230A8` (`video_game_id`),
  ADD KEY `IDX_794381C6A76ED395` (`user_id`);

--
-- Index pour la table `tag`
--
ALTER TABLE `tag`
  ADD PRIMARY KEY (`id`),
  ADD UNIQUE KEY `UNIQ_389B78377153098` (`code`);

--
-- Index pour la table `user`
--
ALTER TABLE `user`
  ADD PRIMARY KEY (`id`),
  ADD UNIQUE KEY `UNIQ_8D93D649F85E0677` (`username`),
  ADD UNIQUE KEY `UNIQ_8D93D649E7927C74` (`email`);

--
-- Index pour la table `video_game`
--
ALTER TABLE `video_game`
  ADD PRIMARY KEY (`id`),
  ADD UNIQUE KEY `UNIQ_24BC6C50989D9B62` (`slug`);

--
-- Index pour la table `video_game_tags`
--
ALTER TABLE `video_game_tags`
  ADD PRIMARY KEY (`video_game_id`,`tag_id`),
  ADD KEY `IDX_46D6859F16230A8` (`video_game_id`),
  ADD KEY `IDX_46D6859FBAD26311` (`tag_id`);

--
-- AUTO_INCREMENT pour les tables déchargées
--

--
-- AUTO_INCREMENT pour la table `review`
--
ALTER TABLE `review`
  MODIFY `id` int NOT NULL AUTO_INCREMENT, AUTO_INCREMENT=251;

--
-- AUTO_INCREMENT pour la table `tag`
--
ALTER TABLE `tag`
  MODIFY `id` int NOT NULL AUTO_INCREMENT, AUTO_INCREMENT=26;

--
-- AUTO_INCREMENT pour la table `user`
--
ALTER TABLE `user`
  MODIFY `id` int NOT NULL AUTO_INCREMENT, AUTO_INCREMENT=26;

--
-- AUTO_INCREMENT pour la table `video_game`
--
ALTER TABLE `video_game`
  MODIFY `id` int NOT NULL AUTO_INCREMENT, AUTO_INCREMENT=51;

--
-- Contraintes pour les tables déchargées
--

--
-- Contraintes pour la table `review`
--
ALTER TABLE `review`
  ADD CONSTRAINT `FK_794381C616230A8` FOREIGN KEY (`video_game_id`) REFERENCES `video_game` (`id`) ON DELETE CASCADE,
  ADD CONSTRAINT `FK_794381C6A76ED395` FOREIGN KEY (`user_id`) REFERENCES `user` (`id`);

--
-- Contraintes pour la table `video_game_tags`
--
ALTER TABLE `video_game_tags`
  ADD CONSTRAINT `FK_46D6859F16230A8` FOREIGN KEY (`video_game_id`) REFERENCES `video_game` (`id`) ON DELETE CASCADE,
  ADD CONSTRAINT `FK_46D6859FBAD26311` FOREIGN KEY (`tag_id`) REFERENCES `tag` (`id`) ON DELETE CASCADE;
COMMIT;

/*!40101 SET CHARACTER_SET_CLIENT=@OLD_CHARACTER_SET_CLIENT */;
/*!40101 SET CHARACTER_SET_RESULTS=@OLD_CHARACTER_SET_RESULTS */;
/*!40101 SET COLLATION_CONNECTION=@OLD_COLLATION_CONNECTION */;
